행정동_코드,지역명,2023,2024,2025,3년_증감,총_상주인구_수,총_직장_인구_수,총_유동인구_수,10인_이상_가구_수,1인_가구_수,2인_가구_수,3인_가구_수,4인_가구_수,5인_가구_수,6인_가구_수,7인_가구_수,8인_가구_수,9인_가구_수,총_가구_수,1인_가구_비중,직장인구_상주인구_비,유동인구_상주인구_비,학원_매출,학원_매출_비중,상권특성,경쟁수준,활동인구,활동인구_대비_편의점
11110515,종로구 청운효자동,3,2,3,0,11328,5324.0,3348036,1.0,1857.0,1215.0,942.0,624.0,172.0,46.0,10.0,4.0,2.0,4873.0,0.38107941719679866,0.4699858757062147,295.55402542372883,137618399.0,0.005309346382252701,오피스형,중간,16652.0,0.180158539514773
11110530,종로구 사직동,3,3,4,1,8992,45215.0,3910218,4.0,2369.0,946.0,667.0,456.0,110.0,18.0,11.0,3.0,0.0,4584.0,0.5167975567190227,5.028358540925267,434.8552046263345,1379400937.0,0.012390015734146371,오피스형,중간,54207.0,0.0737912077775933
11110540,종로구 삼청동,1,1,1,0,2247,4210.0,974927,0.0,526.0,246.0,139.0,109.0,31.0,12.0,1.0,0.0,1.0,1065.0,0.49389671361502346,1.8736092567868268,433.87939474855364,0.0,0.0,오피스형,중간,6457.0,0.15487068297971193
11110550,종로구 부암동,2,4,4,2,9034,1509.0,844176,1.0,1670.0,1036.0,733.0,475.0,138.0,39.0,12.0,4.0,1.0,4109.0,0.4064249209053298,0.16703564312596855,93.44432145229135,669725713.0,0.08512243488580241,학원·교육형,중간,10543.0,0.3793986531347814
11110560,종로구 평창동,3,3,2,-1,17366,14903.0,911272,1.0,2224.0,1912.0,1438.0,1064.0,348.0,76.0,21.0,11.0,1.0,7096.0,0.3134160090191657,0.8581711390072556,52.474490383508005,362504359.0,0.044967942654191975,오피스형,저밀·상대적 여유,32269.0,0.06197898912268741
11110570,종로구 무악동,0,0,0,0,7963,485.0,2015725,1.0,704.0,778.0,709.0,590.0,142.0,25.0,9.0,0.0,1.0,2959.0,0.2379182156133829,0.06090669345723974,253.13638076101972,26932699.0,0.0032850885185739497,주거형,중간,8448.0,0.0
11110580,종로구 교남동,5,5,5,0,9715,870.0,3950238,0.0,1665.0,1080.0,832.0,605.0,108.0,15.0,6.0,2.0,1.0,4314.0,0.3859527121001391,0.08955223880597014,406.61224909933094,141480882.0,0.015540848207715539,유동 중심형,중간,10585.0,0.4723665564478035
11110600,종로구 가회동,1,1,1,0,3849,12996.0,1171993,1.0,902.0,398.0,292.0,174.0,42.0,14.0,5.0,1.0,0.0,1829.0,0.4931656642974303,3.3764614185502726,304.49285528708754,129000000.0,0.004242104758922042,오피스형,중간,16845.0,0.05936479667557139
11110615,종로구 종로1.2.3.4가동,21,24,26,5,6658,109733.0,13824388,0.0,3905.0,491.0,273.0,148.0,39.0,12.0,4.0,2.0,0.0,4874.0,0.8011899876897826,16.48137578852508,2076.3574647041155,2884002411.0,0.004879949901901965,1인가구형,고밀·경쟁 지속,116391.0,0.22338496962823587
11110630,종로구 종로5.6가동,6,4,3,-3,5376,18962.0,5436250,0.0,2711.0,534.0,268.0,157.0,32.0,6.0,3.0,0.0,0.0,3711.0,0.7305308542171921,3.527157738095238,1011.2072172619048,0.0,0.0,1인가구형,중간,24338.0,0.12326403155559208
11110640,종로구 이화동,2,4,4,2,6891,1632.0,4456453,0.0,2937.0,788.0,403.0,236.0,52.0,13.0,4.0,2.0,1.0,4436.0,0.662082957619477,0.2368306486721811,646.7062835582644,621377212.0,0.016055352988625083,1인가구형,중간,8523.0,0.4693183151472486
11110650,종로구 혜화동,6,7,7,1,15833,4377.0,9250213,4.0,5785.0,1494.0,988.0,679.0,152.0,51.0,4.0,6.0,1.0,9164.0,0.6312745525971192,0.2764479252194783,584.2362786584981,1251599811.0,0.02344692563909837,1인가구형,중간,20210.0,0.34636318654131615
11110670,종로구 창신1동,1,0,1,0,4523,1733.0,2847894,0.0,1611.0,556.0,284.0,138.0,40.0,10.0,3.0,1.0,0.0,2643.0,0.6095346197502838,0.38315277470705283,629.647136856069,18428440.0,0.000241613023649616,1인가구형,중간,6256.0,0.159846547314578
11110680,종로구 창신2동,0,0,0,0,7511,28.0,4552384,0.0,2047.0,935.0,513.0,302.0,70.0,24.0,0.0,2.0,0.0,3893.0,0.525815566401233,0.003727865796831314,606.0955931300759,0.0,0.0,유동 중심형,중간,7539.0,0.0
11110690,종로구 창신3동,0,0,0,0,6338,77.0,815624,0.0,956.0,771.0,554.0,345.0,89.0,19.0,3.0,1.0,0.0,2738.0,0.3491599707815924,0.012148942884190597,128.6879141685074,0.0,0.0,주거형,중간,6415.0,0.0
11110700,종로구 숭인1동,4,4,4,0,5768,211.0,2309254,0.0,1521.0,712.0,417.0,274.0,58.0,19.0,0.0,1.0,1.0,3003.0,0.5064935064935064,0.03658113730929265,400.35610263522886,176498293.0,0.04023593570536481,유동 중심형,중간,5979.0,0.669008195350393
11110710,종로구 숭인2동,2,3,2,0,9499,1325.0,5183066,0.0,5102.0,1089.0,494.0,278.0,58.0,11.0,1.0,0.0,0.0,7033.0,0.7254372245130101,0.139488367196547,545.6433308769344,0.0,0.0,1인가구형,중간,10824.0,0.18477457501847747
11140520,중구 소공동,11,11,10,-1,2178,92258.0,2542035,1.0,741.0,220.0,167.0,90.0,11.0,3.0,3.0,0.0,0.0,1236.0,0.5995145631067961,42.35904499540863,1167.141873278237,47779889.0,0.0002646482685353985,1인가구형,고밀·경쟁 완화,94436.0,0.10589182091575247
11140540,중구 회현동,22,22,20,-2,4380,69985.0,4347793,0.0,1371.0,443.0,291.0,156.0,41.0,13.0,5.0,3.0,0.0,2323.0,0.5901851054670685,15.978310502283104,992.6468036529681,0.0,0.0,1인가구형,고밀·경쟁 완화,74365.0,0.26894372352585216
11140550,중구 명동,32,28,30,-2,2392,120704.0,5774872,1.0,896.0,215.0,105.0,66.0,12.0,4.0,2.0,0.0,1.0,1302.0,0.6881720430107527,50.46153846153846,2414.2441471571906,330385086.0,0.001229981387372081,1인가구형,고밀·경쟁 완화,123096.0,0.24371222460518618
11140570,중구 필동,4,4,4,0,4012,16151.0,2729614,1.0,1926.0,485.0,225.0,123.0,29.0,7.0,1.0,1.0,0.0,2798.0,0.688348820586133,4.02567298105683,680.3624127617148,18000000.0,0.00048460179263104693,1인가구형,중간,20163.0,0.19838317710658135
11140580,중구 장충동,2,2,2,0,4549,4450.0,2090605,2.0,1994.0,458.0,226.0,157.0,43.0,13.0,0.0,0.0,0.0,2893.0,0.6892499135845144,0.9782369751593757,459.574631787206,0.0,0.0,1인가구형,중간,8999.0,0.222246916324036
11140590,중구 광희동,11,9,9,-2,5676,52971.0,6670949,0.0,2907.0,574.0,263.0,132.0,38.0,14.0,2.0,3.0,0.0,3933.0,0.7391304347826086,9.33245243128964,1175.29052149401,0.0,0.0,1인가구형,고밀·경쟁 완화,58647.0,0.15346053506573226
11140605,중구 을지로동,5,6,7,2,3208,17430.0,4848076,0.0,1439.0,372.0,153.0,65.0,16.0,3.0,0.0,0.0,0.0,2048.0,0.70263671875,5.433291770573566,1511.2456359102243,0.0,0.0,1인가구형,중간,20638.0,0.339180153115612
11140615,중구 신당동,6,6,6,0,7385,4203.0,5268914,0.0,3161.0,884.0,395.0,209.0,55.0,22.0,6.0,1.0,1.0,4734.0,0.6677228559357837,0.5691266079891673,713.4616113744075,0.0,0.0,1인가구형,중간,11588.0,0.5177770107007249
11140625,중구 다산동,0,0,0,0,13221,5877.0,4052419,2.0,3342.0,1617.0,972.0,634.0,133.0,32.0,9.0,2.0,0.0,6743.0,0.49562509268871424,0.44452008168822327,306.51380379698963,159493012.0,0.0036272185253052327,오피스형,중간,19098.0,0.0
11140635,중구 약수동,5,4,2,-3,16086,13696.0,1923163,1.0,3213.0,2197.0,1285.0,759.0,152.0,54.0,17.0,1.0,3.0,7682.0,0.4182504556105181,0.8514235981598905,119.55507895064031,335996197.0,0.010894433064737514,오피스형,저밀·상대적 여유,29782.0,0.06715465717547511
11140645,중구 청구동,1,1,1,0,12955,2178.0,2760517,0.0,1986.0,1437.0,869.0,589.0,137.0,27.0,7.0,1.0,1.0,5054.0,0.3929560743965176,0.16812041682747975,213.08506368197607,1517891831.0,0.18810212040186416,학원·교육형,중간,15133.0,0.06608075067732769
11140650,중구 신당5동,1,1,1,0,10151,622.0,3133863,0.0,2868.0,1258.0,729.0,438.0,95.0,15.0,6.0,0.0,1.0,5410.0,0.5301293900184842,0.06127475125603389,308.72455915673333,0.0,0.0,주거형,중간,10773.0,0.092824654228163
11140665,중구 동화동,3,3,3,0,9941,1303.0,3558358,0.0,1120.0,1099.0,877.0,614.0,174.0,48.0,11.0,9.0,1.0,3953.0,0.28332911712623327,0.13107333266270998,357.9476913791369,132665468.0,0.003968754208766312,유동 중심형,중간,11244.0,0.2668089647812167
11140670,중구 황학동,3,1,1,-2,12685,796.0,5321500,1.0,4733.0,1744.0,811.0,442.0,106.0,21.0,4.0,0.0,0.0,7862.0,0.6020096667514627,0.06275128104059913,419.51123374063854,88062787.0,0.0015524210896205293,1인가구형,저밀·상대적 여유,13481.0,0.07417847340701729
11140680,중구 중림동,1,1,1,0,12142,3863.0,1945691,1.0,2675.0,1348.0,1054.0,586.0,142.0,32.0,5.0,3.0,0.0,5846.0,0.4575778309955525,0.3181518695437325,160.24468786031954,0.0,0.0,오피스형,중간,16005.0,0.062480474851608875
11170510,용산구 후암동,6,5,3,-3,16020,1885.0,3909430,3.0,4348.0,1832.0,1145.0,707.0,179.0,37.0,17.0,2.0,2.0,8272.0,0.5256286266924565,0.11766541822721598,244.0343320848939,237241113.0,0.010450118011044623,주거형,중간,17905.0,0.16755096341803966
11170520,용산구 용산2가동,4,4,4,0,8866,479.0,4761506,0.0,2902.0,1161.0,530.0,304.0,64.0,20.0,4.0,0.0,0.0,4985.0,0.5821464393179538,0.054026618542747575,537.0523347620122,40072727.0,0.0026624497592131684,1인가구형,중간,9345.0,0.42803638309256287
11170530,용산구 남영동,9,11,12,3,6819,18490.0,1871643,1.0,3802.0,688.0,300.0,152.0,49.0,8.0,1.0,0.0,0.0,5001.0,0.760247950409918,2.711541281712861,274.47470303563574,445244392.0,0.006780602764433292,1인가구형,고밀·경쟁 지속,25309.0,0.474139634122249
11170555,용산구 청파동,4,4,3,-1,18842,3226.0,7206085,3.0,7412.0,2055.0,1021.0,623.0,175.0,44.0,13.0,2.0,0.0,11348.0,0.6531547409235108,0.1712132470013799,382.44798853624883,87599264.0,0.002102712385339411,1인가구형,중간,22068.0,0.13594344752582924
11170560,용산구 원효로1동,9,9,8,-1,16956,2961.0,4702896,2.0,5252.0,1873.0,1225.0,809.0,161.0,32.0,6.0,6.0,1.0,9367.0,0.5606917903277463,0.1746284501061571,277.35881104033973,179287610.0,0.0017531508499144923,1인가구형,고밀·경쟁 완화,19917.0,0.4016669177084902
11170570,용산구 원효로2동,3,3,4,1,13626,3004.0,3522802,2.0,2652.0,1482.0,1159.0,755.0,167.0,42.0,11.0,7.0,3.0,6280.0,0.42229299363057327,0.22046088360487304,258.53530016145606,1607930017.0,0.03376932310328771,주거형,중간,16630.0,0.24052916416115455
11170580,용산구 효창동,2,2,2,0,10665,1419.0,3740869,1.0,1780.0,1215.0,910.0,585.0,152.0,40.0,8.0,2.0,3.0,4696.0,0.379045996592845,0.13305203938115331,350.7612751992499,1015616098.0,0.06765436764723985,유동 중심형,중간,12084.0,0.165508109897385
11170590,용산구 용문동,2,2,2,0,11380,3079.0,2377218,2.0,2207.0,1390.0,949.0,573.0,135.0,28.0,4.0,4.0,0.0,5292.0,0.4170445956160242,0.27056239015817224,208.8943760984183,38053035.0,0.001244696460359683,주거형,중간,14459.0,0.13832215229268968
11170625,용산구 한강로동,19,14,14,-5,20977,58448.0,5774895,0.0,6056.0,2310.0,1618.0,969.0,193.0,52.0,18.0,10.0,0.0,11226.0,0.5394619632994834,2.7862897459121894,275.29651523096726,1880158.0,2.7613929290561905e-06,1인가구형,고밀·경쟁 완화,79425.0,0.17626691847655018
11170630,용산구 이촌1동,6,4,4,-2,24933,5907.0,4374672,2.0,1747.0,2286.0,2523.0,1987.0,414.0,115.0,25.0,10.0,5.0,9114.0,0.19168312486284836,0.23691493201780772,175.45710504151126,2135672521.0,0.06131352096355897,주거형,중간,30840.0,0.1297016861219196
11170640,용산구 이촌2동,2,2,1,-1,7870,2035.0,1458631,0.0,1323.0,1029.0,692.0,398.0,94.0,25.0,6.0,1.0,2.0,3570.0,0.37058823529411766,0.25857687420584496,185.34066073697585,24846747.0,0.0076388026219292565,주거형,저밀·상대적 여유,9905.0,0.10095911155981828
11170650,용산구 이태원1동,6,6,7,1,6015,18302.0,2476459,0.0,1897.0,806.0,372.0,214.0,61.0,14.0,4.0,0.0,0.0,3368.0,0.5632422802850356,3.0427265170407316,411.71388196176224,0.0,0.0,1인가구형,중간,24317.0,0.28786445696426366
11170660,용산구 이태원2동,4,4,4,0,8657,875.0,3024770,1.0,2589.0,1087.0,570.0,304.0,93.0,19.0,8.0,2.0,0.0,4673.0,0.5540338112561524,0.10107427515305534,349.40164029109394,0.0,0.0,1인가구형,중간,9532.0,0.419639110365086
11170685,용산구 한남동,5,4,4,-1,17711,45554.0,4379717,1.0,3411.0,1649.0,1025.0,637.0,187.0,43.0,16.0,4.0,4.0,6977.0,0.48889207395728823,2.572073852408108,247.28795663711819,2135219045.0,0.02279059587608724,오피스형,중간,63265.0,0.06322611238441475
11170690,용산구 서빙고동,9,9,9,0,12443,10106.0,1728945,0.0,1676.0,1219.0,932.0,833.0,265.0,51.0,14.0,7.0,2.0,4999.0,0.33526705341068214,0.8121835570200112,138.94920839025957,238181152.0,0.03633794131737988,오피스형,중간,22549.0,0.3991307818528538
11170700,용산구 보광동,1,1,1,0,11134,254.0,2142286,0.0,2117.0,866.0,490.0,246.0,55.0,14.0,2.0,1.0,0.0,3791.0,0.5584278554471116,0.022813005209268905,192.4093766840309,444576315.0,0.04803600112395839,1인가구형,중간,11388.0,0.08781173164734808
11200520,성동구 왕십리2동,2,1,1,-1,15974,1287.0,4634683,1.0,2939.0,1827.0,1383.0,906.0,182.0,58.0,13.0,1.0,1.0,7311.0,0.401996990835727,0.0805684236884938,290.1391636409165,616291563.0,0.04490068124000657,주거형,저밀·상대적 여유,17261.0,0.05793407102717108
11200535,성동구 왕십리도선동,10,9,10,0,26181,3005.0,5511049,0.0,5091.0,2727.0,2227.0,1517.0,311.0,82.0,19.0,6.0,2.0,11982.0,0.4248873309964947,0.11477789236469195,210.49803292464,124269021.0,0.0025757887732146046,주거형,중간,29186.0,0.34263002809566234
11200540,성동구 마장동,3,3,4,1,21556,6924.0,4952140,4.0,5506.0,2518.0,1543.0,1106.0,248.0,69.0,15.0,3.0,2.0,11014.0,0.4999092064644997,0.3212098719614029,229.73371683058082,256439435.0,0.00882341278334742,오피스형,중간,28480.0,0.1404494382022472
11200550,성동구 사근동,12,12,13,1,11936,438.0,4595770,0.0,6279.0,975.0,520.0,392.0,87.0,19.0,4.0,2.0,0.0,8278.0,0.758516549891278,0.03669571045576407,385.03434986595175,44302195.0,0.0012086218220914917,1인가구형,고밀·경쟁 지속,12374.0,1.0505899466623565
11200560,성동구 행당1동,9,7,8,-1,13629,1709.0,6771746,0.0,3015.0,1725.0,1352.0,932.0,181.0,31.0,12.0,3.0,1.0,7252.0,0.4157473800330943,0.12539437963166777,496.86301269352117,3006500664.0,0.07037882359683188,유동 중심형,고밀·경쟁 완화,15338.0,0.5215803885773894
11200570,성동구 행당2동,2,1,1,-1,22851,3.0,4292517,0.0,2393.0,2612.0,2196.0,1552.0,296.0,62.0,15.0,3.0,2.0,9131.0,0.2620742525462709,0.0001312852829197847,187.8481029276618,927687707.0,0.15902104658790156,학원·교육형,저밀·상대적 여유,22854.0,0.04375601645226219
11200580,성동구 응봉동,1,1,1,0,14940,542.0,2747744,0.0,1607.0,1522.0,1416.0,1072.0,200.0,32.0,3.0,3.0,1.0,5856.0,0.2744193989071038,0.036278447121820614,183.91860776439088,783179956.0,0.3065403826942051,학원·교육형,중간,15482.0,0.06459113809585325
11200590,성동구 금호1가동,2,2,2,0,14750,1732.0,3089717,0.0,2204.0,1720.0,1380.0,844.0,163.0,37.0,9.0,1.0,1.0,6359.0,0.3465953766315458,0.11742372881355932,209.47233898305086,1170521702.0,0.19556539393144975,학원·교육형,중간,16482.0,0.12134449702705982
11200615,성동구 금호2.3가동,4,8,9,5,21946,244.0,5454810,0.0,3373.0,2576.0,1960.0,1164.0,219.0,48.0,14.0,3.0,0.0,9357.0,0.3604787859356631,0.011118199216258088,248.55600109359335,627892474.0,0.03751341090866198,주거형,고밀·경쟁 지속,22190.0,0.40558810274898605
11200620,성동구 금호4가동,3,3,3,0,14142,507.0,2565751,0.0,2279.0,1729.0,1361.0,775.0,130.0,39.0,7.0,2.0,0.0,6322.0,0.3604871875988611,0.03585065761561307,181.42773299391882,162172761.0,0.009888186019944787,주거형,중간,14649.0,0.2047921359819783
11200645,성동구 옥수동,3,4,4,1,25399,3197.0,2805400,1.0,3092.0,3133.0,2557.0,1490.0,297.0,72.0,15.0,4.0,3.0,10664.0,0.28994748687171795,0.1258710972872948,110.45316744753731,2809651362.0,0.27208415249714557,학원·교육형,중간,28596.0,0.13987970345502868
11200650,성동구 성수1가1동,2,1,2,0,15394,3325.0,2972249,0.0,3187.0,1840.0,1272.0,794.0,140.0,44.0,5.0,6.0,0.0,7288.0,0.43729418221734356,0.21599324412108614,193.07840717162532,478777315.0,0.026518464969753217,주거형,중간,18719.0,0.10684331427960896
11200660,성동구 성수1가2동,8,5,6,-2,11932,8657.0,5517614,0.0,3014.0,1683.0,1124.0,712.0,128.0,34.0,9.0,4.0,1.0,6709.0,0.44924727977343865,0.7255279919544083,462.42155548105933,1409483357.0,0.015701684577576182,오피스형,중간,20589.0,0.29141774734081305
11200670,성동구 성수2가1동,3,3,4,1,14544,7660.0,4875184,0.0,3738.0,1748.0,1001.0,653.0,117.0,32.0,6.0,3.0,0.0,7298.0,0.5121951219512195,0.5266776677667767,335.2024202420242,129653030.0,0.0014921440560422044,오피스형,중간,22204.0,0.18014772113132768
11200690,성동구 성수2가3동,8,8,8,0,10021,31123.0,6050654,0.0,2621.0,1066.0,656.0,490.0,113.0,33.0,8.0,1.0,0.0,4988.0,0.5254611066559743,3.1057778664803912,603.7974254066461,680166340.0,0.005754249134712604,오피스형,중간,41144.0,0.19443904335990667
11200720,성동구 송정동,1,1,1,0,9719,748.0,3275272,0.0,2890.0,1100.0,623.0,410.0,78.0,15.0,3.0,2.0,0.0,5121.0,0.5643429017769966,0.07696265047844428,336.9968103714374,0.0,0.0,1인가구형,중간,10467.0,0.09553835865099838
11200790,성동구 용답동,5,6,6,1,11809,2556.0,2756340,0.0,5406.0,1577.0,715.0,427.0,90.0,22.0,4.0,1.0,1.0,8243.0,0.6558291884022808,0.2164450842577695,233.41011093233973,147459702.0,0.00395183878084606,1인가구형,중간,14365.0,0.41768186564566656
11215710,광진구 화양동,23,23,22,-1,24821,872.0,8980586,1.0,14975.0,1890.0,656.0,379.0,69.0,21.0,5.0,0.0,0.0,17996.0,0.8321293620804623,0.03513154183957133,361.8140284436566,719173967.0,0.008491467333414148,1인가구형,고밀·경쟁 완화,25693.0,0.8562643521581754
11215730,광진구 군자동,9,9,9,0,19048,1002.0,6843014,0.0,7022.0,2084.0,1179.0,666.0,136.0,39.0,16.0,3.0,2.0,11147.0,0.6299452767560779,0.05260394792104158,359.2510499790004,588819457.0,0.012572090318382481,1인가구형,중간,20050.0,0.4488778054862843
11215740,광진구 중곡1동,3,4,4,1,15218,3866.0,3450358,0.0,4991.0,1961.0,978.0,531.0,136.0,24.0,10.0,0.0,0.0,8631.0,0.578264395782644,0.25404126692075174,226.72874227888028,566452764.0,0.009192891011866424,1인가구형,중간,19084.0,0.2095996646405366
11215750,광진구 중곡2동,10,6,5,-5,20512,2251.0,4707238,1.0,5337.0,2503.0,1498.0,893.0,199.0,41.0,7.0,3.0,2.0,10484.0,0.5090614269362839,0.10974063962558503,229.48703198127924,2132725602.0,0.0523706514893158,주거형,중간,22763.0,0.2196547028071871
11215760,광진구 중곡3동,3,1,1,-2,15681,515.0,4252517,0.0,4527.0,2035.0,1054.0,621.0,149.0,21.0,6.0,1.0,0.0,8414.0,0.5380318516757785,0.032842293221095595,271.18914610037626,281071372.0,0.016180405822237832,1인가구형,저밀·상대적 여유,16196.0,0.061743640405038276
11215770,광진구 중곡4동,4,4,4,0,27499,2743.0,6389649,1.0,5563.0,3436.0,2236.0,1362.0,297.0,77.0,23.0,4.0,2.0,13001.0,0.42789016229520804,0.09974908178479218,232.35932215716934,519699904.0,0.014623463759243198,주거형,중간,30242.0,0.13226638449837974
11215780,광진구 능동,5,5,5,0,11053,1414.0,2012058,0.0,3949.0,1337.0,630.0,400.0,87.0,38.0,5.0,0.0,0.0,6446.0,0.6126279863481229,0.1279290690310323,182.03727494797792,372428047.0,0.016128295333007397,1인가구형,중간,12467.0,0.40105879521937915
11215810,광진구 광장동,3,3,4,1,33964,8850.0,6141905,0.0,2316.0,2163.0,3317.0,3217.0,524.0,99.0,31.0,9.0,0.0,11676.0,0.19835560123329907,0.2605700153103286,180.83573784006595,3770825860.0,0.09208987662752721,학원·교육형,중간,42814.0,0.09342738356612322
11215820,광진구 자양1동,3,3,3,0,21795,11952.0,7523250,0.0,6809.0,2649.0,1422.0,954.0,195.0,38.0,12.0,3.0,1.0,12083.0,0.5635189936274104,0.5483826565726084,345.1823812801101,730096463.0,0.016235030575418655,1인가구형,중간,33747.0,0.08889679082585118
11215830,광진구 자양2동,10,11,10,0,23591,2506.0,5100964,0.0,4878.0,3043.0,2302.0,1571.0,326.0,71.0,19.0,5.0,2.0,12217.0,0.39927969223213555,0.106226950955873,216.22500105972617,1124446979.0,0.06077884865822815,주거형,중간,26097.0,0.38318580679771624
11215840,광진구 자양3동,6,4,4,-2,27193,1753.0,6560805,3.0,3249.0,2739.0,2509.0,1939.0,353.0,92.0,27.0,13.0,2.0,10926.0,0.29736408566721584,0.06446511969992277,241.26815724635017,4801839580.0,0.11567705014365201,학원·교육형,중간,28946.0,0.13818835072203411
11215847,광진구 자양4동,6,6,7,1,19815,513.0,8810461,0.0,6460.0,2445.0,1405.0,789.0,158.0,34.0,10.0,4.0,2.0,11307.0,0.5713274962412664,0.025889477668433004,444.6359323744638,159602091.0,0.0036627782984292815,1인가구형,중간,20328.0,0.34435261707988984
11215850,광진구 구의1동,6,6,7,1,21448,3506.0,6680759,1.0,7911.0,2639.0,1525.0,910.0,216.0,44.0,10.0,1.0,2.0,13259.0,0.5966513311712799,0.16346512495337562,311.4863390525923,487083655.0,0.007936025093788688,1인가구형,중간,24954.0,0.28051614971547645
11215860,광진구 구의2동,5,6,6,1,25468,2960.0,4877442,4.0,4604.0,2877.0,2096.0,1486.0,336.0,67.0,16.0,4.0,0.0,11490.0,0.4006962576153177,0.11622428145123292,191.51256478718392,1664941886.0,0.05292006581872824,주거형,중간,28428.0,0.21105951878429716
11215870,광진구 구의3동,8,11,13,5,27836,11355.0,6128436,2.0,4435.0,2781.0,2491.0,1869.0,365.0,83.0,21.0,6.0,3.0,12056.0,0.36786662242866625,0.40792498922258946,220.16223595344158,12758653058.0,0.10872625350391074,학원·교육형,고밀·경쟁 지속,39191.0,0.33170881069633334
11230536,동대문구 용신동,15,17,16,1,38362,18615.0,13908963,,,,,,,,,,,,,0.4852458161722538,362.57137271258017,8494789233.0,0.06428102905177553,오피스형,고밀·경쟁 지속,56977.0,0.2808150657282763
11230545,동대문구 제기동,2,2,2,0,22962,3687.0,11953847,2.0,7661.0,2550.0,1465.0,887.0,228.0,45.0,13.0,6.0,2.0,12859.0,0.5957694999611167,0.16056963679122027,520.5925877536799,338957254.0,0.00034601475371816005,1인가구형,중간,26649.0,0.07504972043979137
11230560,동대문구 전농1동,11,9,9,-2,32107,308.0,11037456,0.0,7883.0,3627.0,2615.0,1743.0,329.0,80.0,17.0,8.0,0.0,16302.0,0.483560299349773,0.009592923661506837,343.7710156663656,330359072.0,0.0064047779922590245,유동 중심형,고밀·경쟁 완화,32415.0,0.2776492364645997
11230570,동대문구 전농2동,3,5,5,2,17954,713.0,2307719,0.0,2335.0,1998.0,1553.0,1144.0,257.0,68.0,8.0,2.0,2.0,7367.0,0.3169539839826252,0.03971259886376295,128.53508967361034,2509418547.0,0.1634611574688318,학원·교육형,중간,18667.0,0.2678523597792897
11230600,동대문구 답십리1동,7,7,6,-1,27834,1750.0,6767873,0.0,5350.0,3084.0,2491.0,1555.0,312.0,49.0,15.0,9.0,1.0,12866.0,0.41582465412715686,0.06287274556298053,243.15128978946612,2413480171.0,0.05742239901476547,주거형,중간,29584.0,0.20281233098972418
11230610,동대문구 답십리2동,4,5,5,1,27467,4714.0,5711539,1.0,4856.0,3412.0,2441.0,1515.0,337.0,75.0,15.0,4.0,0.0,12656.0,0.3836915297092288,0.17162413077511196,207.94185750172934,941748675.0,0.032410637028733064,주거형,중간,32181.0,0.1553711817532084
11230650,동대문구 장안1동,13,13,13,0,37191,10019.0,8685517,0.0,8758.0,4279.0,2992.0,1899.0,466.0,95.0,21.0,9.0,3.0,18522.0,0.4728431054961667,0.26939313274717,233.53814094807885,3577033181.0,0.02035918609353541,주거형,중간,47210.0,0.2753653886888371
11230660,동대문구 장안2동,9,8,7,-2,32376,5320.0,8058972,3.0,5695.0,3582.0,2866.0,2075.0,416.0,112.0,26.0,8.0,0.0,14783.0,0.3852398024758168,0.1643192488262911,248.91808747220162,9262210421.0,0.09209358821895106,학원·교육형,중간,37696.0,0.18569609507640067
11230705,동대문구 청량리동,6,7,6,0,18688,2337.0,6002827,2.0,5253.0,2311.0,1278.0,739.0,191.0,43.0,13.0,2.0,0.0,9832.0,0.5342758340113913,0.1250535102739726,321.212917380137,61290730.0,0.0009549348572177013,유동 중심형,중간,21025.0,0.2853745541022592
11230710,동대문구 회기동,5,6,5,0,10313,51.0,4730769,1.0,4638.0,895.0,536.0,372.0,86.0,14.0,4.0,1.0,2.0,6549.0,0.7081997251488777,0.004945214777465335,458.7189954426452,171448786.0,0.005708140574712972,1인가구형,중간,10364.0,0.482439212659205
11230720,동대문구 휘경1동,9,9,8,-1,13580,732.0,6298818,1.0,4853.0,1829.0,1231.0,825.0,162.0,40.0,10.0,1.0,2.0,8954.0,0.5419924056287693,0.05390279823269514,463.83048600883654,1054092001.0,0.05780481245255839,1인가구형,고밀·경쟁 완화,14312.0,0.5589714924538849
11230730,동대문구 휘경2동,2,2,2,0,24158,1097.0,4420776,1.0,6861.0,2434.0,1702.0,1252.0,255.0,54.0,14.0,6.0,1.0,12580.0,0.5453895071542131,0.04540938819438695,182.99428760658995,1898617273.0,0.12862728337178048,학원·교육형,중간,25255.0,0.07919223916056227
11230740,동대문구 이문1동,8,7,6,-2,17724,1106.0,11235621,1.0,7011.0,2492.0,1881.0,1322.0,230.0,55.0,13.0,4.0,0.0,13009.0,0.5389345837497117,0.06240126382306477,633.9212931618144,624265808.0,0.0211346868094851,1인가구형,중간,18830.0,0.3186404673393521
11230750,동대문구 이문2동,4,4,4,0,19385,256.0,3394045,0.0,3149.0,2004.0,1555.0,1124.0,275.0,46.0,12.0,1.0,0.0,8166.0,0.38562331618907664,0.013206087180809905,175.08614908434356,1160117480.0,0.12381364141490912,학원·교육형,중간,19641.0,0.2036556183493712
11260520,중랑구 면목2동,5,7,7,2,23580,737.0,5699307,0.0,5921.0,3030.0,1774.0,1052.0,215.0,47.0,11.0,3.0,1.0,12054.0,0.49120623859299817,0.03125530110262935,241.70089058524172,804783535.0,0.030009545781736927,주거형,중간,24317.0,0.28786445696426366
11260540,중랑구 면목4동,4,4,4,0,18121,768.0,4493472,1.0,4117.0,2250.0,1372.0,870.0,185.0,42.0,13.0,0.0,2.0,8852.0,0.4650926344328965,0.04238176701065063,247.97042105844048,468518551.0,0.03571901756428747,주거형,중간,18889.0,0.21176346021493989
11260550,중랑구 면목5동,1,1,1,0,14564,962.0,2362972,1.0,2212.0,1731.0,1313.0,862.0,149.0,27.0,9.0,1.0,1.0,6306.0,0.35077703774183316,0.06605328206536666,162.24745948915134,0.0,0.0,주거형,중간,15526.0,0.0644080896560608
11260565,중랑구 면목본동,5,6,5,0,32648,811.0,9954963,1.0,9516.0,4213.0,2360.0,1226.0,259.0,53.0,4.0,2.0,1.0,17635.0,0.5396087326339666,0.024840725312423425,304.9180041656457,531132675.0,0.008669184320837575,1인가구형,중간,33459.0,0.14943662392779222
11260570,중랑구 면목7동,4,5,5,1,21190,509.0,6074034,0.0,4861.0,2714.0,1658.0,977.0,208.0,42.0,5.0,4.0,0.0,10469.0,0.46432324004202885,0.024020764511562057,286.6462482302973,374215351.0,0.008586093278332029,주거형,중간,21699.0,0.23042536522420387
11260575,중랑구 면목3.8동,5,4,2,-3,24375,1762.0,6471946,0.0,6527.0,3191.0,1737.0,995.0,211.0,39.0,10.0,1.0,1.0,12712.0,0.5134518565135305,0.07228717948717948,265.51573333333334,277904197.0,0.00644268187613351,주거형,저밀·상대적 여유,26137.0,0.07651987603780082
11260580,중랑구 상봉1동,13,13,14,1,23195,1611.0,5188135,0.0,3751.0,2642.0,2088.0,1445.0,276.0,39.0,14.0,2.0,0.0,10257.0,0.3657014721653505,0.06945462384134511,223.67471437809874,351660032.0,0.014310569284128811,주거형,고밀·경쟁 지속,24806.0,0.5643795855841329
11260590,중랑구 상봉2동,7,8,8,1,20258,4607.0,6224381,0.0,8846.0,2707.0,1174.0,647.0,116.0,30.0,10.0,2.0,1.0,13533.0,0.6536614202320254,0.22741632935136735,307.25545463520587,270859447.0,0.00384945586857964,1인가구형,고밀·경쟁 지속,24865.0,0.3217373818620551
11260600,중랑구 중화1동,2,4,4,2,18698,1094.0,4782186,0.0,3642.0,2430.0,1531.0,891.0,188.0,35.0,8.0,2.0,0.0,8727.0,0.41732554142316947,0.058508931436517274,255.75922558562414,936419697.0,0.04680392742777153,주거형,중간,19792.0,0.2021018593371059
11260610,중랑구 중화2동,3,2,3,0,23768,361.0,7807056,1.0,7819.0,3426.0,1852.0,976.0,189.0,49.0,11.0,4.0,0.0,14327.0,0.5457527744817477,0.015188488724335241,328.4692022887917,97160552.0,0.0022569332349895023,1인가구형,중간,24129.0,0.12433171702101205
11260620,중랑구 묵1동,4,6,5,1,33661,1165.0,6861147,0.0,5693.0,3679.0,2777.0,2053.0,497.0,109.0,30.0,6.0,0.0,14844.0,0.3835219617353813,0.034609785805531625,203.83075369121536,1600388286.0,0.03550392853214629,주거형,중간,34826.0,0.14357089530810313
11260630,중랑구 묵2동,2,1,1,-1,18004,1255.0,5112908,0.0,4412.0,2407.0,1306.0,813.0,193.0,30.0,11.0,1.0,0.0,9173.0,0.48097677967949415,0.06970673183736947,283.9873361475228,164155683.0,0.005823068779862308,주거형,저밀·상대적 여유,19259.0,0.05192377589698323
11260655,중랑구 망우본동,14,16,14,0,36438,1426.0,11290836,1.0,8698.0,4444.0,3073.0,2054.0,407.0,86.0,25.0,4.0,1.0,18793.0,0.4628319054967275,0.039134968988418686,309.8643174707723,330668814.0,0.00454548182704103,주거형,중간,37864.0,0.36974434819353474
11260660,중랑구 망우3동,1,1,1,0,15615,223.0,3877776,0.0,4182.0,2063.0,1191.0,598.0,140.0,26.0,5.0,4.0,0.0,8209.0,0.5094408575953222,0.014281139929554916,248.33659942363113,232324590.0,0.014687923698053443,주거형,중간,15838.0,0.06313928526329082
11260680,중랑구 신내1동,6,7,7,1,37757,2688.0,4878033,1.0,4024.0,4038.0,3179.0,2546.0,694.0,143.0,32.0,5.0,3.0,14665.0,0.2743948175929083,0.07119209682972694,129.1954604444209,3644506580.0,0.09928848863904878,학원·교육형,중간,40445.0,0.1730745456793176
11260690,중랑구 신내2동,1,1,1,0,19675,1355.0,1718239,0.0,3301.0,2499.0,1720.0,1047.0,200.0,48.0,9.0,3.0,0.0,8827.0,0.3739662399456214,0.06886912325285896,87.33108005082592,4762483548.0,0.13758077481533035,학원·교육형,중간,21030.0,0.0475511174512601
11290525,성북구 성북동,6,6,7,1,15875,20512.0,4206870,5.0,4073.0,1792.0,1145.0,706.0,193.0,47.0,14.0,8.0,0.0,7983.0,0.5102091945383941,1.2920944881889764,264.9996850393701,1981266132.0,0.06729964165924406,오피스형,중간,36387.0,0.1923763981641795
11290555,성북구 삼선동,5,4,4,-1,22125,4986.0,10201987,1.0,6035.0,2343.0,1520.0,1135.0,256.0,58.0,19.0,3.0,0.0,11370.0,0.530782761653474,0.22535593220338984,461.10675706214687,2119335895.0,0.0351908266512618,유동 중심형,중간,27111.0,0.1475415882851979
11290575,성북구 동선동,6,6,7,1,14977,2040.0,7752129,1.0,6841.0,1527.0,742.0,480.0,101.0,23.0,4.0,2.0,0.0,9721.0,0.7037341837259541,0.1362088535754824,517.6022567937504,3701608238.0,0.055561964220196734,1인가구형,중간,17017.0,0.41135335252982314
11290580,성북구 돈암1동,2,2,2,0,14260,228.0,2268425,0.0,1966.0,1649.0,1214.0,907.0,180.0,38.0,7.0,0.0,2.0,5963.0,0.3296998155290961,0.015988779803646564,159.07608695652175,3435953823.0,0.3923072602597706,학원·교육형,중간,14488.0,0.13804527885146328
11290590,성북구 돈암2동,2,2,2,0,23417,552.0,2881941,5.0,1795.0,2114.0,2207.0,1843.0,407.0,79.0,21.0,9.0,0.0,8480.0,0.2116745283018868,0.023572618183371054,123.07046163043942,1129235401.0,0.15219883798336767,학원·교육형,중간,23969.0,0.08344111143560431
11290600,성북구 안암동,8,8,8,0,14869,1916.0,7935075,1.0,7509.0,1407.0,761.0,503.0,119.0,23.0,5.0,3.0,1.0,10332.0,0.7267711962833914,0.1288586993072836,533.6656802743964,315340883.0,0.007423601652380791,1인가구형,중간,16785.0,0.47661602621388144
11290610,성북구 보문동,2,2,2,0,16145,4757.0,5095415,1.0,3894.0,1925.0,1253.0,796.0,158.0,31.0,8.0,1.0,1.0,8068.0,0.48264749628160636,0.2946423041189223,315.6032827500774,916828684.0,0.06320942164612722,오피스형,중간,20902.0,0.09568462348100659
11290620,성북구 정릉1동,4,4,4,0,17732,489.0,4389356,2.0,2351.0,1793.0,1639.0,1195.0,271.0,65.0,17.0,2.0,0.0,7335.0,0.3205180640763463,0.02757726144822919,247.53868711933228,864829302.0,0.08145036665804554,학원·교육형,중간,18221.0,0.21952691948850228
11290630,성북구 정릉2동,4,3,3,-1,22510,1084.0,5618968,0.0,3345.0,2612.0,1952.0,1302.0,276.0,73.0,24.0,5.0,1.0,9590.0,0.3488008342022941,0.04815637494446912,249.6209684584629,504809616.0,0.03058192146267477,주거형,중간,23594.0,0.12715097058574215
11290640,성북구 정릉3동,2,2,3,1,14934,281.0,2842694,3.0,4813.0,1523.0,818.0,539.0,120.0,32.0,8.0,2.0,1.0,7859.0,0.6124188828095177,0.018816124280166064,190.35047542520422,48269225.0,0.0040547736894628065,1인가구형,중간,15215.0,0.19717384160368057
11290650,성북구 정릉4동,3,3,3,0,24009,1020.0,3202152,1.0,4051.0,2864.0,2059.0,1346.0,315.0,66.0,18.0,6.0,2.0,10728.0,0.37760999254287847,0.04248406847432213,133.37298513057604,156769668.0,0.007121013214493025,주거형,중간,25029.0,0.11986096128490951
11290660,성북구 길음1동,4,3,3,-1,34792,3772.0,6201426,4.0,2591.0,2787.0,3412.0,3314.0,566.0,103.0,21.0,9.0,5.0,12812.0,0.20223228223540432,0.10841572775350655,178.24287192458036,4376172968.0,0.31874189401014236,학원·교육형,중간,38564.0,0.07779276008712789
11290685,성북구 길음2동,2,2,2,0,21666,303.0,4857812,0.0,2546.0,2034.0,2070.0,1588.0,342.0,59.0,14.0,3.0,0.0,8656.0,0.29413123844731975,0.013985045693713652,224.21360657250992,1926423712.0,0.07899651802507857,학원·교육형,중간,21969.0,0.09103737084073012
11290705,성북구 종암동,0,0,0,0,37648,17974.0,11055108,0.0,7162.0,3924.0,3124.0,2302.0,492.0,90.0,24.0,5.0,0.0,17123.0,0.41826782689949193,0.477422439439014,293.6439651508712,1980015571.0,0.051743919579105346,오피스형,중간,55622.0,0.0
11290715,성북구 월곡1동,3,3,3,0,25580,1348.0,7990456,0.0,3507.0,2760.0,2199.0,1662.0,357.0,74.0,17.0,4.0,1.0,10581.0,0.33144315282109443,0.05269741985926505,312.37122752150117,878076836.0,0.05073702532502588,주거형,중간,26928.0,0.11140819964349376
11290725,성북구 월곡2동,5,5,7,2,18900,4503.0,6476470,0.0,4885.0,2105.0,1394.0,909.0,218.0,36.0,9.0,7.0,0.0,9563.0,0.5108229635051762,0.23825396825396825,342.6703703703704,319548757.0,0.011136261067247537,유동 중심형,중간,23403.0,0.2991069521001581
11290760,성북구 장위1동,0,0,0,0,23354,394.0,6547080,0.0,4267.0,2690.0,1887.0,1350.0,298.0,62.0,14.0,4.0,0.0,10572.0,0.40361331819901625,0.01687077160229511,280.34084096942706,210717050.0,0.019207779331584383,주거형,중간,23748.0,0.0
11290770,성북구 장위2동,1,1,1,0,13080,608.0,6084675,0.0,3442.0,2127.0,1266.0,755.0,167.0,44.0,4.0,1.0,0.0,7806.0,0.4409428644632334,0.046483180428134555,465.1892201834862,100143863.0,0.007092936391308927,유동 중심형,중간,13688.0,0.07305669199298655
11290780,성북구 장위3동,1,1,2,1,15519,275.0,3971878,0.0,2286.0,1838.0,1837.0,1392.0,251.0,39.0,11.0,2.0,2.0,7658.0,0.29851136066858186,0.017720213931310007,255.93646497841357,695382416.0,0.10709064803728058,학원·교육형,저밀·성장,15794.0,0.12663036596175764
11290810,성북구 석관동,5,5,5,0,33768,1564.0,10318531,0.0,7679.0,4178.0,2742.0,1572.0,346.0,67.0,12.0,4.0,0.0,16600.0,0.46259036144578314,0.04631603885335229,305.57128050225066,166002668.0,0.0036478753096474133,주거형,중간,35332.0,0.14151477414242047
11305534,강북구 삼양동,1,1,0,-1,22402,115.0,10749171,1.0,4894.0,3152.0,2033.0,1304.0,288.0,60.0,11.0,5.0,2.0,11750.0,0.4165106382978723,0.00513347022587269,479.8308633157754,851480629.0,0.041618342954516684,유동 중심형,저밀·상대적 여유,22517.0,0.0
11305535,강북구 미아동,8,9,8,0,20841,602.0,7847140,1.0,6886.0,2520.0,1400.0,737.0,148.0,41.0,12.0,3.0,1.0,11749.0,0.5860924333985871,0.028885370183772373,376.52415910944774,650893295.0,0.013191897624848398,1인가구형,중간,21443.0,0.37308212470270014
11305545,강북구 송중동,7,6,6,-1,28576,998.0,11297871,3.0,6326.0,3338.0,2145.0,1386.0,289.0,69.0,19.0,3.0,1.0,13579.0,0.46586641137049856,0.03492441209406495,395.362227043673,853259675.0,0.011288559582606633,유동 중심형,중간,29574.0,0.2028809089064719
11305555,강북구 송천동,6,7,7,1,24748,388.0,10147588,0.0,6004.0,2931.0,1702.0,930.0,196.0,34.0,5.0,2.0,1.0,11805.0,0.5085980516730199,0.01567803458865363,410.0366898335219,482276578.0,0.011335387320559885,유동 중심형,중간,25136.0,0.2784850413749205
11305575,강북구 삼각산동,2,1,2,0,30604,374.0,2962903,0.0,2840.0,2720.0,2782.0,2524.0,488.0,96.0,25.0,7.0,2.0,11484.0,0.24730059212817834,0.012220624754933995,96.81423996863155,1496631791.0,0.11726760476221115,학원·교육형,중간,30978.0,0.0645619471883272
11305595,강북구 번1동,6,7,7,1,17358,1944.0,6453446,0.0,5898.0,2003.0,1011.0,584.0,114.0,27.0,5.0,0.0,0.0,9642.0,0.611698817672682,0.11199446940891808,371.7851134923378,446796549.0,0.00841878015645642,1인가구형,중간,19302.0,0.36265671951093154
11305603,강북구 번2동,1,2,2,1,14866,364.0,2708048,3.0,3415.0,2082.0,1134.0,600.0,138.0,30.0,4.0,2.0,0.0,7408.0,0.460988120950324,0.024485402932866943,182.16386385039687,0.0,0.0,주거형,저밀·성장,15230.0,0.1313197636244255
11305608,강북구 번3동,3,3,4,1,16356,262.0,2930090,0.0,3027.0,2296.0,1241.0,765.0,189.0,33.0,7.0,2.0,0.0,7560.0,0.4003968253968254,0.016018586451455125,179.14465639520665,706090836.0,0.054437791998418764,주거형,중간,16618.0,0.2407028523288001
11305615,강북구 수유1동,10,10,11,1,19842,944.0,5950980,3.0,5396.0,2527.0,1439.0,808.0,174.0,50.0,7.0,2.0,0.0,10406.0,0.5185469921199308,0.04757584920874912,299.91835500453584,140136823.0,0.0018755627623476497,주거형,고밀·경쟁 지속,20786.0,0.5292023477340517
11305625,강북구 수유2동,4,4,4,0,20502,1314.0,5136332,0.0,4037.0,2719.0,1661.0,969.0,230.0,55.0,15.0,1.0,3.0,9690.0,0.4166150670794634,0.06409130816505706,250.52833869866353,361754467.0,0.015113421472555039,주거형,중간,21816.0,0.18335166850018336
11305635,강북구 수유3동,8,6,6,-2,22988,2732.0,9345749,1.0,8431.0,2767.0,1393.0,754.0,181.0,32.0,12.0,3.0,0.0,13574.0,0.6211138942095182,0.11884461458152079,406.54902557856275,275724801.0,0.0025634674965116723,1인가구형,중간,25720.0,0.2332814930015552
11305645,강북구 우이동,4,6,6,2,19766,1810.0,3832585,1.0,4165.0,2639.0,1549.0,934.0,220.0,53.0,10.0,3.0,0.0,9574.0,0.4350323793607688,0.09157138520692097,193.89785490235758,177233733.0,0.006045613968640872,주거형,중간,21576.0,0.27808676307007785
11305660,강북구 인수동,5,4,5,0,29069,2893.0,8010678,1.0,6302.0,3770.0,2258.0,1277.0,324.0,77.0,18.0,7.0,1.0,14035.0,0.44902030637691487,0.09952182737624274,275.57459836939694,1022993006.0,0.04712540063807729,주거형,중간,31962.0,0.15643576747387525
11320511,도봉구 창1동,2,2,2,0,23774,785.0,3357329,0.0,4230.0,2894.0,2036.0,1407.0,239.0,54.0,9.0,3.0,2.0,10874.0,0.3890012874747103,0.03301926474299655,141.21851602591065,959002448.0,0.03125549210189227,주거형,중간,24559.0,0.08143654057575635
11320512,도봉구 창2동,5,5,5,0,28172,1070.0,10233578,1.0,4742.0,3607.0,2342.0,1519.0,348.0,82.0,21.0,3.0,1.0,12666.0,0.37438812569082586,0.037980974016754224,363.2535141275025,892136659.0,0.039616062726992265,유동 중심형,중간,29242.0,0.17098693659804393
11320513,도봉구 창3동,3,3,2,-1,13163,491.0,3370605,0.0,2797.0,1746.0,1036.0,617.0,126.0,31.0,3.0,5.0,0.0,6361.0,0.4397107373054551,0.03730152700752108,256.0666261490542,455005492.0,0.025157438121820454,주거형,저밀·상대적 여유,13654.0,0.14647722279185588
11320514,도봉구 창4동,6,6,6,0,26168,1820.0,3460963,3.0,3973.0,2803.0,2339.0,1767.0,352.0,58.0,12.0,7.0,0.0,11314.0,0.35115785752165457,0.06955059614796698,132.2593625802507,1929324650.0,0.0780010379772326,학원·교육형,중간,27988.0,0.21437759039588394
11320515,도봉구 창5동,8,10,11,3,23884,4983.0,3752012,0.0,3581.0,2757.0,2119.0,1434.0,299.0,72.0,17.0,4.0,2.0,10285.0,0.34817695673310645,0.20863339474124937,157.09311673086586,3198870062.0,0.052286095916174696,주거형,고밀·경쟁 지속,28867.0,0.38105795545086085
11320521,도봉구 도봉1동,9,7,5,-4,20030,1435.0,3678050,0.0,4867.0,2832.0,1455.0,791.0,198.0,48.0,10.0,4.0,0.0,10205.0,0.47692307692307695,0.07164253619570644,183.62705941088367,107343105.0,0.002108900801720552,주거형,중간,21465.0,0.23293733985557885
11320522,도봉구 도봉2동,2,2,1,-1,25990,1070.0,3037470,0.0,4377.0,3399.0,2253.0,1392.0,292.0,72.0,17.0,4.0,1.0,11807.0,0.37071228931989497,0.04116968064640246,116.87071950750288,131616504.0,0.009836365534518315,주거형,저밀·상대적 여유,27060.0,0.03695491500369549
11320660,도봉구 쌍문1동,4,6,6,2,20484,872.0,4759692,2.0,3934.0,2562.0,1783.0,1042.0,266.0,67.0,18.0,1.0,2.0,9677.0,0.4065309496744859,0.04256981058387034,232.36145284124194,808444529.0,0.06588621045788554,주거형,중간,21356.0,0.28095148904289197
11320670,도봉구 쌍문2동,2,1,1,-1,17905,851.0,4395357,1.0,3491.0,2359.0,1411.0,894.0,198.0,38.0,11.0,1.0,0.0,8404.0,0.41539742979533556,0.04752862328958392,245.48209997207485,2646993015.0,0.10485878194418123,학원·교육형,저밀·상대적 여유,18756.0,0.05331627212625293
11320680,도봉구 쌍문3동,4,3,3,-1,16449,1058.0,5550556,0.0,3920.0,2034.0,1287.0,767.0,165.0,25.0,7.0,1.0,0.0,8206.0,0.4776992444552766,0.06432001945407016,337.4403307191927,1120790685.0,0.034442785919658415,유동 중심형,중간,17507.0,0.1713600274176044
11320681,도봉구 쌍문4동,3,3,2,-1,18061,265.0,2580736,0.0,1808.0,1929.0,1761.0,1277.0,251.0,44.0,7.0,4.0,0.0,7081.0,0.2553311679141364,0.014672498754221804,142.88998394330326,2508373796.0,0.17133333404060413,학원·교육형,저밀·상대적 여유,18326.0,0.10913456291607551
11320690,도봉구 방학1동,5,6,7,2,27745,3898.0,6491419,1.0,5675.0,3232.0,2195.0,1573.0,390.0,80.0,21.0,2.0,1.0,13170.0,0.43090356871678054,0.14049378266354298,233.9671652550009,4608077044.0,0.0740461907086096,학원·교육형,중간,31643.0,0.22121796289858736
11320700,도봉구 방학2동,6,4,4,-2,18535,424.0,2671617,0.0,4178.0,2503.0,1361.0,761.0,205.0,36.0,6.0,3.0,3.0,9056.0,0.46135159010600707,0.022875640679794983,144.13903425950903,527055263.0,0.00886451306767798,주거형,중간,18959.0,0.21098159185611057
11320710,도봉구 방학3동,3,3,3,0,26077,1090.0,3052402,0.0,2250.0,2887.0,2416.0,1834.0,413.0,83.0,20.0,7.0,2.0,9912.0,0.22699757869249396,0.04179928672776777,117.05341872147869,612841696.0,0.04754326509128765,주거형,중간,27167.0,0.1104280929068355
11350560,노원구 월계1동,12,13,12,0,20526,1264.0,4573146,0.0,4810.0,2217.0,1587.0,1093.0,269.0,36.0,14.0,3.0,2.0,10031.0,0.4795135081248131,0.06158043457078827,222.79771996492255,164532932.0,0.0067991555941563,주거형,중간,21790.0,0.5507113354749885
11350570,노원구 월계2동,3,2,0,-3,25485,29.0,3670360,0.0,4535.0,3155.0,2099.0,1420.0,322.0,53.0,9.0,0.0,1.0,11594.0,0.3911505951354149,0.0011379242691779477,144.0204041593094,149627732.0,0.03131157231758236,주거형,저밀·상대적 여유,25514.0,0.0
11350580,노원구 월계3동,2,3,3,1,28721,100.0,2300869,1.0,4623.0,3729.0,2567.0,1516.0,286.0,68.0,16.0,3.0,1.0,12810.0,0.36088992974238876,0.003481772918770238,80.11103373837959,259305388.0,0.02783618230963027,주거형,중간,28821.0,0.10409076714895389
11350595,노원구 공릉1동,6,6,6,0,35959,6065.0,10139716,0.0,9990.0,3960.0,2575.0,1751.0,391.0,82.0,9.0,3.0,2.0,18763.0,0.5324308479454245,0.16866431213326288,281.979921577352,947902186.0,0.013097680261345078,주거형,중간,42024.0,0.1427755568246716
11350600,노원구 공릉2동,14,13,11,-3,41435,1031.0,8198449,2.0,6756.0,3895.0,3535.0,2965.0,575.0,103.0,16.0,4.0,3.0,17854.0,0.3784025988573989,0.02488234584288645,197.86289368891033,3175068331.0,0.07601533063702151,학원·교육형,고밀·경쟁 완화,42466.0,0.2590307540149767
11350611,노원구 하계1동,6,6,6,0,26128,994.0,3642081,1.0,5673.0,2431.0,1982.0,1728.0,312.0,50.0,12.0,6.0,3.0,12198.0,0.46507624200688635,0.03804347826086957,139.39379210042867,3158143202.0,0.05622436331140468,주거형,중간,27122.0,0.2212226237003171
11350612,노원구 하계2동,1,1,2,1,21306,,2564244,0.0,1815.0,1886.0,1908.0,1650.0,270.0,41.0,11.0,3.0,0.0,7584.0,0.23931962025316456,,120.35313996057448,262961101.0,0.10750678836745017,학원·교육형,저밀·성장,21306.0,0.09387027128508402
11350619,노원구 중계본동,3,3,2,-1,23040,821.0,3682707,0.0,1648.0,1523.0,1942.0,2179.0,474.0,76.0,15.0,6.0,2.0,7865.0,0.20953591862682772,0.035633680555555554,159.83971354166667,14206439314.0,0.31819170461235663,학원·교육형,저밀·상대적 여유,23861.0,0.08381878378944722
11350621,노원구 중계1동,3,3,3,0,26318,1184.0,3727229,1.0,1505.0,1593.0,2578.0,2768.0,406.0,46.0,14.0,7.0,1.0,8919.0,0.1687408902343312,0.04498822098943689,141.62280568432251,6043260324.0,0.5358933130079366,학원·교육형,중간,27502.0,0.10908297578357938
11350624,노원구 중계4동,4,6,5,1,19114,1196.0,2874350,0.0,2908.0,2016.0,1562.0,1287.0,271.0,48.0,12.0,9.0,3.0,8116.0,0.358304583538689,0.06257193680025112,150.37930312859683,1320293284.0,0.030247407044227504,주거형,중간,20310.0,0.2461841457410143
11350625,노원구 중계2.3동,0,0,0,0,32502,1194.0,4456423,1.0,5859.0,4236.0,2725.0,1802.0,284.0,38.0,12.0,3.0,1.0,14961.0,0.3916182073390816,0.03673620084917851,137.11227001415298,681988146.0,0.01170533175093629,주거형,중간,33696.0,0.0
11350630,노원구 상계1동,3,3,2,-1,36834,3606.0,6566475,2.0,5124.0,4302.0,3146.0,2303.0,520.0,110.0,23.0,6.0,1.0,15537.0,0.3297933964085731,0.09789868056686757,178.27211272194168,912220119.0,0.01951526270809437,주거형,저밀·상대적 여유,40440.0,0.04945598417408506
11350640,노원구 상계2동,4,4,4,0,19105,1731.0,10163366,0.0,3483.0,1926.0,1595.0,1237.0,222.0,56.0,6.0,3.0,0.0,8528.0,0.4084193245778612,0.09060455378173253,531.9741428945302,1665357243.0,0.017560335594462673,유동 중심형,중간,20836.0,0.1919754271453254
11350665,노원구 상계3.4동,5,4,5,0,27489,500.0,7979814,0.0,4978.0,3116.0,2105.0,1665.0,375.0,73.0,13.0,3.0,0.0,12328.0,0.40379623621025307,0.01818909381934592,290.2911710138601,483042931.0,0.03484052281010659,주거형,중간,27989.0,0.1786416092036157
11350670,노원구 상계5동,5,4,2,-3,22979,1381.0,5306644,2.0,4657.0,2872.0,1818.0,1154.0,257.0,47.0,9.0,2.0,0.0,10818.0,0.4304862266592716,0.06009835066800122,230.93450541799035,2303686594.0,0.09154835311179031,학원·교육형,저밀·상대적 여유,24360.0,0.08210180623973727
11350695,노원구 상계6.7동,8,6,6,-2,31400,4965.0,6079845,3.0,5028.0,3638.0,2808.0,1885.0,302.0,53.0,12.0,1.0,2.0,13732.0,0.36615205359743663,0.15812101910828025,193.62563694267516,6604026230.0,0.06752337678620277,주거형,중간,36365.0,0.16499381273202254
11350700,노원구 상계8동,0,0,0,0,21848,561.0,999826,1.0,2505.0,2798.0,2204.0,1343.0,190.0,24.0,6.0,1.0,0.0,9072.0,0.2761243386243386,0.025677407543024534,45.76281581838155,1366486807.0,0.09962655261582745,학원·교육형,중간,22409.0,0.0
11350710,노원구 상계9동,1,1,1,0,19664,1074.0,1764587,0.0,2570.0,2451.0,1825.0,1199.0,185.0,31.0,10.0,1.0,3.0,8275.0,0.31057401812688823,0.054617575264442636,89.73693043124491,1670000362.0,0.08780507199292002,학원·교육형,중간,20738.0,0.04822065772977143
11350720,노원구 상계10동,1,1,1,0,18184,413.0,1997677,0.0,2252.0,2232.0,1667.0,1182.0,182.0,38.0,16.0,3.0,2.0,7574.0,0.29733298125165036,0.022712274527056753,109.85905191377034,606208904.0,0.12834231797626033,학원·교육형,중간,18597.0,0.053772113781792766
11380510,은평구 녹번동,8,8,8,0,36092,4336.0,6326802,2.0,7762.0,4508.0,2902.0,1805.0,336.0,85.0,21.0,3.0,2.0,17426.0,0.4454263743831057,0.12013742657652665,175.29652000443312,473729630.0,0.014077049102003086,주거형,중간,40428.0,0.19788265558523796
11380520,은평구 불광1동,6,8,8,2,37509,1769.0,5025915,0.0,6935.0,4389.0,2948.0,1812.0,399.0,77.0,16.0,4.0,2.0,16582.0,0.41822458087082376,0.04716201444986536,133.99224186195312,1680938298.0,0.03449089792587116,주거형,고밀·경쟁 지속,39278.0,0.20367635826671418
11380530,은평구 불광2동,1,1,1,0,26600,2497.0,5143179,0.0,7195.0,3512.0,1986.0,1050.0,278.0,51.0,12.0,3.0,0.0,14087.0,0.5107545964364307,0.09387218045112782,193.3525939849624,518860064.0,0.014966682342585209,주거형,중간,29097.0,0.034367804240987045
11380551,은평구 갈현1동,7,5,5,-2,14470,2238.0,5255649,0.0,3454.0,1789.0,1091.0,685.0,146.0,28.0,6.0,1.0,0.0,7200.0,0.4797222222222222,0.1546648237733241,363.2100207325501,663602968.0,0.014190320859586627,유동 중심형,중간,16708.0,0.29925784055542254
11380552,은평구 갈현2동,5,7,5,0,27415,3191.0,5913963,4.0,5186.0,3439.0,2213.0,1451.0,342.0,59.0,19.0,2.0,2.0,12717.0,0.4078005818982464,0.11639613350355645,215.71997081889478,8204027179.0,0.1342576652838053,학원·교육형,중간,30606.0,0.16336666013200027
11380560,은평구 구산동,2,2,2,0,31429,1973.0,5247816,5.0,5007.0,3595.0,2580.0,1703.0,431.0,94.0,20.0,6.0,3.0,13444.0,0.3724337994644451,0.06277641668522702,166.97368672245378,1015016665.0,0.06202264707797664,주거형,중간,33402.0,0.05987665409256931
11380570,은평구 대조동,7,6,7,0,27359,1871.0,12420998,0.0,8792.0,3652.0,1786.0,989.0,224.0,55.0,14.0,4.0,0.0,15516.0,0.5666408868265017,0.06838700244891992,454.0004386125224,2475077669.0,0.03952051193479884,1인가구형,중간,29230.0,0.23947998631542936
11380580,은평구 응암1동,4,6,5,1,32659,2298.0,5195466,3.0,6322.0,3816.0,2636.0,1805.0,419.0,79.0,19.0,6.0,4.0,15109.0,0.418426103646833,0.07036345264704982,159.08221317247924,1713747532.0,0.04210678475293402,주거형,중간,34957.0,0.14303286895328546
11380590,은평구 응암2동,4,4,2,-2,27329,481.0,3960622,3.0,3103.0,2762.0,2645.0,1936.0,381.0,76.0,15.0,6.0,3.0,10930.0,0.2838975297346752,0.017600351275202167,144.9237805993633,317635340.0,0.019759819760194024,주거형,저밀·상대적 여유,27810.0,0.0719165767709457
11380600,은평구 응암3동,11,10,10,-1,23429,1446.0,7463607,1.0,6606.0,3046.0,1671.0,927.0,211.0,49.0,12.0,3.0,0.0,12526.0,0.5273830432699984,0.061718383200307314,318.56276409577873,1097810431.0,0.01981547059497675,유동 중심형,고밀·경쟁 완화,24875.0,0.4020100502512563
11380625,은평구 역촌동,10,11,9,-1,43767,3452.0,11321196,1.0,8790.0,5674.0,3775.0,2326.0,580.0,102.0,22.0,5.0,5.0,21280.0,0.4130639097744361,0.07887220965567665,258.66968263760367,3202909919.0,0.0652364421099069,주거형,고밀·경쟁 완화,47219.0,0.19060124102585824
11380631,은평구 신사1동,3,3,2,-1,26462,1400.0,5737884,1.0,4566.0,3339.0,2250.0,1385.0,326.0,65.0,16.0,5.0,1.0,11954.0,0.3819641960849925,0.05290605396417505,216.8348575315547,409133838.0,0.017873458368903486,주거형,저밀·상대적 여유,27862.0,0.07178235589692053
11380632,은평구 신사2동,5,4,4,-1,18907,863.0,2622674,1.0,3474.0,2378.0,1635.0,1038.0,212.0,44.0,16.0,1.0,2.0,8801.0,0.39472787183274627,0.045644470302004546,138.71444438567727,323649914.0,0.027068866311579953,주거형,중간,19770.0,0.20232675771370762
11380640,은평구 증산동,5,5,6,1,18240,1939.0,2834083,0.0,2281.0,1777.0,1258.0,957.0,282.0,48.0,14.0,3.0,0.0,6620.0,0.3445619335347432,0.10630482456140351,155.37735745614034,479861509.0,0.03422687073245328,주거형,중간,20179.0,0.2973388175826354
11380650,은평구 수색동,3,3,2,-1,20440,176.0,2454828,1.0,2317.0,2406.0,1929.0,1512.0,332.0,62.0,15.0,4.0,0.0,8578.0,0.27010958265329915,0.008610567514677104,120.09921722113504,0.0,0.0,주거형,저밀·상대적 여유,20616.0,0.09701202949165696
11380690,은평구 진관동,5,7,8,3,54368,1216.0,6697611,6.0,6707.0,4754.0,4404.0,4220.0,1115.0,236.0,47.0,13.0,4.0,21506.0,0.31186645587277967,0.022366097704532076,123.19031415538552,2951181886.0,0.0974260068059389,학원·교육형,고밀·경쟁 지속,55584.0,0.14392630972941856
11410520,서대문구 천연동,3,2,2,-1,16547,1130.0,3212534,2.0,3043.0,1913.0,1430.0,951.0,195.0,39.0,9.0,3.0,0.0,7585.0,0.4011865524060646,0.0682903245301263,194.14600833988035,317866002.0,0.016726134876221415,주거형,저밀·상대적 여유,17677.0,0.11314137014199242
11410555,서대문구 북아현동,0,0,0,0,15401,918.0,26535149,0.0,2807.0,1674.0,1441.0,910.0,152.0,27.0,7.0,1.0,1.0,7020.0,0.39985754985754984,0.05960651905720408,1722.9497435231478,1068790420.0,0.07445096067318654,학원·교육형,중간,16319.0,0.0
11410565,서대문구 충현동,7,10,9,2,19682,11142.0,10746254,1.0,5064.0,2074.0,1461.0,1014.0,240.0,46.0,10.0,1.0,1.0,9912.0,0.5108958837772397,0.5661010059953256,545.9940046743217,256929133.0,0.008362606612390166,오피스형,고밀·경쟁 지속,30824.0,0.29198027511030367
11410585,서대문구 신촌동,30,19,15,-15,20135,1629.0,10581648,3.0,12178.0,1559.0,729.0,449.0,110.0,36.0,6.0,6.0,1.0,15077.0,0.8077203687736287,0.08090389868388378,525.5350384901913,1865983280.0,0.014364926255165151,1인가구형,고밀·경쟁 완화,21764.0,0.6892115419959566
11410615,서대문구 연희동,11,12,10,-1,33724,9207.0,8843908,2.0,10700.0,3725.0,2247.0,1426.0,364.0,69.0,24.0,11.0,2.0,18570.0,0.57619816908993,0.27301031906060963,262.24374332819355,1954729721.0,0.03211089402506436,1인가구형,고밀·경쟁 완화,42931.0,0.23293191400153734
11410620,서대문구 홍제1동,2,0,0,-2,24704,1814.0,5384895,1.0,4267.0,2920.0,2135.0,1388.0,309.0,74.0,21.0,5.0,0.0,11120.0,0.3837230215827338,0.07342940414507772,217.97664345854923,1092050129.0,0.04418883784693974,주거형,저밀·상대적 여유,26518.0,0.0
11410640,서대문구 홍제3동,3,3,2,-1,17665,821.0,3589686,0.0,3028.0,2064.0,1564.0,1000.0,220.0,40.0,10.0,4.0,0.0,7930.0,0.38184110970996216,0.04647608264930654,203.20894424002265,1283869957.0,0.016401986875421812,주거형,저밀·상대적 여유,18486.0,0.10818998160770313
11410655,서대문구 홍제2동,4,4,3,-1,13186,334.0,2338935,1.0,1790.0,1392.0,1116.0,746.0,163.0,29.0,5.0,1.0,0.0,5243.0,0.3414075910738127,0.025329895343546186,177.38017594418324,1477825366.0,0.1402672462515851,학원·교육형,중간,13520.0,0.22189349112426035
11410660,서대문구 홍은1동,3,3,3,0,22158,3106.0,4064357,0.0,3667.0,2784.0,2084.0,1374.0,324.0,73.0,25.0,2.0,1.0,10334.0,0.3548480743177859,0.1401751060565033,183.42616662153625,818242118.0,0.041570939078516916,주거형,중간,25264.0,0.1187460417986067
11410685,서대문구 홍은2동,7,7,8,1,28505,1790.0,4623700,0.0,5250.0,3131.0,2257.0,1619.0,363.0,84.0,17.0,2.0,2.0,12725.0,0.412573673870334,0.0627960007016313,162.20663041571655,4903689207.0,0.22269412947070114,학원·교육형,고밀·경쟁 지속,30295.0,0.26406997854431424
11410690,서대문구 남가좌1동,3,3,3,0,16699,1312.0,1265629,0.0,1397.0,1376.0,1632.0,1420.0,303.0,54.0,17.0,3.0,1.0,6203.0,0.2252136063195228,0.07856757889693994,75.79070603030121,0.0,0.0,주거형,중간,18011.0,0.16656487701959913
11410700,서대문구 남가좌2동,3,4,4,1,29083,1052.0,6194336,0.0,5569.0,2895.0,2490.0,1858.0,344.0,60.0,13.0,3.0,3.0,13235.0,0.42077823951643367,0.03617233435340233,212.98820616855207,2318574857.0,0.07557317922605804,학원·교육형,중간,30135.0,0.1327360212377634
11410710,서대문구 북가좌1동,2,2,2,0,17563,537.0,2716782,0.0,1699.0,1693.0,1672.0,1298.0,290.0,68.0,12.0,4.0,1.0,6737.0,0.25218940181089505,0.030575641974605706,154.6878095997267,2096536301.0,0.5498215170083913,학원·교육형,중간,18100.0,0.11049723756906077
11410720,서대문구 북가좌2동,4,4,6,2,30673,1071.0,9198516,1.0,6221.0,3747.0,2441.0,1551.0,366.0,72.0,18.0,3.0,2.0,14422.0,0.4313548744972958,0.03491670198545953,299.8896749584325,4977077500.0,0.12115514240090086,학원·교육형,중간,31744.0,0.18901209677419353
11440555,마포구 아현동,3,3,3,0,28335,5852.0,7711312,0.0,3857.0,3149.0,2946.0,1984.0,291.0,65.0,23.0,4.0,3.0,12322.0,0.31301736731050156,0.2065290277042527,272.1479442385742,1731657940.0,0.047430465344039205,주거형,중간,34187.0,0.08775265451779916
11440565,마포구 공덕동,10,10,9,-1,36426,9286.0,12052148,1.0,9166.0,4063.0,2874.0,1902.0,353.0,67.0,29.0,1.0,2.0,18458.0,0.496586845812114,0.2549277988250151,330.8666337231648,508207973.0,0.010346270132468702,유동 중심형,고밀·경쟁 완화,45712.0,0.19688484424221211
11440585,마포구 도화동,5,6,7,2,20443,13155.0,3919091,0.0,3756.0,2161.0,1774.0,1236.0,268.0,64.0,15.0,5.0,1.0,9280.0,0.4047413793103448,0.6434965513867827,191.70821308027197,1126156972.0,0.01735135626985806,오피스형,중간,33598.0,0.20834573486517055
11440590,마포구 용강동,7,8,7,0,21098,15056.0,5648742,1.0,3427.0,2021.0,1985.0,1486.0,252.0,54.0,17.0,3.0,1.0,9247.0,0.37060668324862117,0.7136221442790786,267.73826903023985,5458166459.0,0.06390432495149176,오피스형,중간,36154.0,0.19361619737788352
11440600,마포구 대흥동,4,4,4,0,14719,3405.0,7461423,1.0,5598.0,1422.0,803.0,635.0,131.0,16.0,5.0,1.0,0.0,8612.0,0.6500232234091965,0.2313336503838576,506.9245872681568,3668233686.0,0.06591370061130705,1인가구형,중간,18124.0,0.22070183182520417
11440610,마포구 염리동,6,7,6,0,16719,2245.0,5676830,0.0,3256.0,1560.0,1457.0,1197.0,198.0,29.0,15.0,2.0,0.0,7714.0,0.42208970702618615,0.13427836593097672,339.54363299240384,3943809983.0,0.17868789322895715,학원·교육형,중간,18964.0,0.31638894747943475
11440630,마포구 신수동,1,1,1,0,22046,3516.0,4801286,0.0,4028.0,2279.0,1970.0,1414.0,264.0,52.0,10.0,2.0,4.0,10023.0,0.40187568592237854,0.1594847137802776,217.78490429102786,1974184648.0,0.11537303519918618,학원·교육형,중간,25562.0,0.03912056959549331
11440655,마포구 서강동,8,11,12,4,24556,3223.0,6251903,1.0,6011.0,2427.0,1998.0,1395.0,251.0,65.0,16.0,9.0,1.0,12174.0,0.4937571874486611,0.1312510180811207,254.59777651083238,1853274900.0,0.05438596576372283,주거형,고밀·경쟁 지속,27779.0,0.4319809928363152
11440660,마포구 서교동,36,41,41,5,24037,25701.0,17215576,0.0,10227.0,2552.0,1254.0,791.0,163.0,44.0,15.0,4.0,3.0,15053.0,0.6793994552580881,1.069226608977826,716.2115072596414,13933030989.0,0.03777035566215586,1인가구형,고밀·경쟁 지속,49738.0,0.8243194338332864
11440680,마포구 합정동,9,8,9,0,16310,4480.0,4345602,0.0,5062.0,2044.0,1068.0,573.0,144.0,34.0,6.0,1.0,1.0,8933.0,0.5666629351841487,0.27467811158798283,266.43789086450033,893922187.0,0.013590351960636238,1인가구형,중간,20790.0,0.4329004329004329
11440690,마포구 망원1동,10,10,8,-2,19151,3418.0,6675902,0.0,5293.0,2428.0,1264.0,804.0,185.0,42.0,10.0,3.0,1.0,10030.0,0.5277168494516451,0.17847631977442432,348.59286721320035,451378390.0,0.008258722017308963,유동 중심형,고밀·경쟁 완화,22569.0,0.3544685187646772
11440700,마포구 망원2동,4,4,3,-1,17917,3947.0,5436766,1.0,3393.0,2188.0,1304.0,1049.0,190.0,42.0,9.0,4.0,0.0,8180.0,0.41479217603911983,0.22029357593347101,303.4417592230842,897875803.0,0.02733256547381604,주거형,중간,21864.0,0.13721185510428102
11440710,마포구 연남동,10,8,8,-2,14202,3795.0,6472654,1.0,5096.0,1635.0,845.0,508.0,126.0,17.0,6.0,3.0,4.0,8241.0,0.6183715568498969,0.26721588508660754,455.75651316715954,108950361.0,0.0030054389278128847,1인가구형,고밀·경쟁 완화,17997.0,0.4445185308662555
11440720,마포구 성산1동,6,8,9,3,18543,5565.0,5996631,0.0,4876.0,2250.0,1325.0,850.0,230.0,37.0,17.0,7.0,2.0,9594.0,0.5082343131123619,0.3001132502831257,323.39055169066495,1092372105.0,0.0418188171276776,오피스형,고밀·경쟁 지속,24108.0,0.3733200597312096
11440730,마포구 성산2동,6,5,6,0,38537,1511.0,6315492,1.0,9876.0,4274.0,3016.0,1988.0,417.0,80.0,20.0,3.0,0.0,19675.0,0.5019567979669631,0.03920907180112619,163.88125697381736,1908021922.0,0.0386437834212873,주거형,중간,40048.0,0.14982021574111065
11440740,마포구 상암동,14,13,12,-2,29662,16189.0,5255543,1.0,4864.0,2772.0,2434.0,2056.0,484.0,86.0,17.0,8.0,2.0,12724.0,0.3822697265011003,0.5457824826377183,177.18100600094397,2350897927.0,0.029179098863195783,오피스형,고밀·경쟁 완화,45851.0,0.26171730169461954
11470510,양천구 목1동,11,10,10,-1,30276,16732.0,4399803,1.0,1679.0,1944.0,3111.0,2968.0,480.0,85.0,23.0,6.0,0.0,10297.0,0.1630572011265417,0.5526489628748844,145.3231272294887,18504637016.0,0.23502044185808782,학원·교육형,고밀·경쟁 완화,47008.0,0.2127297481279782
11470520,양천구 목2동,10,10,9,-1,28816,3311.0,5998419,2.0,5613.0,3223.0,2279.0,1652.0,332.0,63.0,30.0,6.0,1.0,13201.0,0.42519506098022875,0.11490144364242087,208.1627915047196,383660318.0,0.013787120699312337,주거형,고밀·경쟁 완화,32127.0,0.2801382015127463
11470530,양천구 목3동,4,6,6,2,21206,1687.0,5064708,1.0,4399.0,2601.0,1721.0,1096.0,226.0,42.0,12.0,4.0,2.0,10104.0,0.4353721298495645,0.079552956710365,238.83372630387626,1111236106.0,0.031090577685189642,주거형,중간,22893.0,0.2620888481195125
11470540,양천구 목4동,9,9,6,-3,24428,2148.0,5641166,0.0,3380.0,2120.0,2063.0,1857.0,363.0,79.0,16.0,5.0,1.0,9884.0,0.3419668150546338,0.08793188144751923,230.93032585557557,2969341823.0,0.09693424938988326,학원·교육형,중간,26576.0,0.22576760987357014
11470550,양천구 목5동,2,2,1,-1,40702,15114.0,4744998,2.0,1776.0,2571.0,4088.0,4230.0,662.0,139.0,29.0,5.0,4.0,13506.0,0.13149711239449133,0.37133310402437225,116.5789887474817,45167407016.0,0.6237113592128294,학원·교육형,저밀·상대적 여유,55816.0,0.017916009746309303
11470560,양천구 신월1동,4,5,6,2,19365,2220.0,3944208,0.0,4909.0,2450.0,1442.0,820.0,167.0,36.0,5.0,1.0,2.0,9832.0,0.4992880390561432,0.11463981409759876,203.67714949651432,1240890212.0,0.038215062755423135,주거형,중간,21585.0,0.27797081306462823
11470570,양천구 신월2동,1,1,1,0,20779,1994.0,3850761,1.0,2867.0,2241.0,1779.0,1363.0,329.0,64.0,23.0,4.0,2.0,8673.0,0.33056612475498676,0.0959622695991145,185.31984214832283,928385172.0,0.054751049850574524,주거형,중간,22773.0,0.043911649760681515
11470580,양천구 신월3동,1,0,0,-1,14261,1178.0,2588710,3.0,4045.0,1756.0,884.0,568.0,167.0,31.0,3.0,2.0,0.0,7459.0,0.5422978951602091,0.08260290302222846,181.52373606338966,159801914.0,0.013033873611107345,1인가구형,저밀·상대적 여유,15439.0,0.0
11470590,양천구 신월4동,3,3,3,0,17445,1153.0,3219494,0.0,1802.0,1880.0,1613.0,1140.0,265.0,59.0,7.0,2.0,1.0,6769.0,0.26621362091889494,0.06609343651476067,184.5511034680424,1601277249.0,0.07768596439893465,학원·교육형,중간,18598.0,0.1613076674911281
11470600,양천구 신월5동,5,4,4,-1,13979,1313.0,2898280,0.0,2540.0,1629.0,1121.0,794.0,195.0,43.0,8.0,4.0,1.0,6335.0,0.40094711917916337,0.09392660419200229,207.33099649474212,1473039619.0,0.09767759283115639,학원·교육형,중간,15292.0,0.2615746795710175
11470610,양천구 신월6동,1,3,3,2,13867,597.0,810274,0.0,1237.0,1407.0,1365.0,1052.0,225.0,31.0,3.0,1.0,0.0,5321.0,0.23247509866566435,0.04305184971515108,58.431816542871566,285985238.0,0.01403236417589842,주거형,중간,14464.0,0.20741150442477876
11470611,양천구 신월7동,4,4,4,0,18588,2610.0,2048951,0.0,3918.0,2658.0,1468.0,773.0,174.0,35.0,8.0,3.0,0.0,9037.0,0.433550957176054,0.14041316978695934,110.22977189584678,528455067.0,0.03538268533015831,주거형,중간,21198.0,0.18869704689121616
11470620,양천구 신정1동,2,3,3,1,19716,12831.0,3000200,1.0,1381.0,1375.0,1867.0,1896.0,322.0,60.0,14.0,5.0,1.0,6922.0,0.19950881248194163,0.6507912355447353,152.17082572529924,3754095078.0,0.11503625736027583,학원·교육형,중간,32547.0,0.09217439395335975
11470630,양천구 신정2동,3,5,4,1,18773,14182.0,4161072,2.0,1601.0,1371.0,1648.0,1800.0,309.0,46.0,9.0,6.0,2.0,6794.0,0.23564910214895496,0.7554466521067491,221.6519469450807,7134990329.0,0.22893629636922364,학원·교육형,중간,32955.0,0.12137763617053558
11470640,양천구 신정3동,5,5,7,2,49523,2055.0,7113018,2.0,5524.0,5089.0,4255.0,3462.0,804.0,128.0,27.0,8.0,3.0,19302.0,0.28618795979691225,0.041495870605577204,143.63059588474042,3213542248.0,0.07939815499198477,학원·교육형,중간,51578.0,0.1357167784714413
11470650,양천구 신정4동,15,15,16,1,31687,6204.0,10315271,0.0,8457.0,3846.0,2316.0,1409.0,341.0,69.0,21.0,6.0,2.0,16467.0,0.5135725997449444,0.19579007163821124,325.5363713825859,6759076742.0,0.0876396247190569,학원·교육형,고밀·경쟁 지속,37891.0,0.422263862130849
11470670,양천구 신정6동,6,7,8,2,23959,,1921925,2.0,1118.0,1820.0,2440.0,2321.0,358.0,75.0,19.0,9.0,2.0,8164.0,0.13694267515923567,,80.21724612880337,5608157657.0,0.6824793380409411,학원·교육형,고밀·경쟁 지속,23959.0,0.3339037522434158
11470680,양천구 신정7동,2,2,1,-1,28275,349.0,2843638,0.0,3486.0,2802.0,2560.0,2168.0,348.0,60.0,13.0,8.0,2.0,11447.0,0.3045339390233249,0.012343059239610963,100.57075154730327,16216824740.0,0.35871974646133303,학원·교육형,저밀·상대적 여유,28624.0,0.034935718278367806
11500510,강서구 염창동,12,12,12,0,41250,2625.0,8055365,0.0,5185.0,3744.0,3950.0,3319.0,517.0,90.0,19.0,3.0,1.0,16828.0,0.30811742334204895,0.06363636363636363,195.28157575757575,4245498141.0,0.06421207013579755,주거형,중간,43875.0,0.27350427350427353
11500520,강서구 등촌1동,4,4,3,-1,24933,6016.0,4377382,1.0,8371.0,2890.0,1720.0,1081.0,189.0,30.0,10.0,3.0,0.0,14295.0,0.5855893669115075,0.24128664821722215,175.5657963341756,460109529.0,0.0037895127958022068,1인가구형,중간,30949.0,0.09693366506187599
11500530,강서구 등촌2동,3,4,4,1,19312,2781.0,3851931,0.0,3348.0,2146.0,1691.0,1113.0,252.0,68.0,15.0,4.0,1.0,8638.0,0.38758971984255614,0.14400372825186414,199.4579018227009,989217264.0,0.08991310398009764,학원·교육형,중간,22093.0,0.18105282216086543
11500535,강서구 등촌3동,9,9,10,1,29390,12234.0,7159372,1.0,7461.0,3758.0,2094.0,1381.0,257.0,50.0,19.0,4.0,2.0,15027.0,0.49650628868037533,0.4162640353861858,243.59891119428377,4067084472.0,0.0654392996012762,오피스형,고밀·경쟁 지속,41624.0,0.24024601191620218
11500540,강서구 화곡1동,13,13,9,-4,50743,3939.0,15716871,1.0,15730.0,6479.0,3487.0,1818.0,424.0,103.0,37.0,7.0,1.0,28087.0,0.560045572684872,0.0776264706461975,309.7347614449284,1744655820.0,0.01955549432228173,1인가구형,고밀·경쟁 완화,54682.0,0.16458798141984565
11500550,강서구 화곡2동,2,1,2,0,17041,1788.0,3762504,0.0,3579.0,2177.0,1345.0,837.0,223.0,26.0,9.0,1.0,2.0,8199.0,0.43651664837175264,0.10492341998708996,220.7912681180682,1053381077.0,0.08793544939422565,학원·교육형,중간,18829.0,0.10621913006532477
11500560,강서구 화곡3동,6,3,2,-4,21093,2985.0,3450347,0.0,4054.0,2424.0,1622.0,1152.0,308.0,73.0,21.0,2.0,2.0,9658.0,0.41975564299026713,0.14151614279618832,163.57782202626464,1812960876.0,0.06089562236036418,주거형,저밀·상대적 여유,24078.0,0.08306337735692333
11500570,강서구 화곡4동,2,3,3,1,19720,2098.0,3685160,0.0,4296.0,2645.0,1539.0,867.0,183.0,46.0,10.0,3.0,2.0,9591.0,0.4479199249296215,0.1063894523326572,186.87423935091277,792959217.0,0.020770150590368405,주거형,중간,21818.0,0.137501145842882
11500590,강서구 화곡본동,8,10,10,2,32956,2037.0,8121496,1.0,9040.0,3977.0,2292.0,1402.0,333.0,64.0,16.0,7.0,3.0,17135.0,0.527575138605194,0.061809685641461345,246.43451875227575,1079981299.0,0.030776821006165536,주거형,고밀·경쟁 지속,34993.0,0.28577144000228616
11500591,강서구 화곡6동,10,10,7,-3,24357,6872.0,5592162,2.0,7065.0,2920.0,1842.0,1301.0,247.0,57.0,11.0,6.0,1.0,13452.0,0.525200713648528,0.2821365521205403,229.5915753171573,182866397.0,0.00481013910084727,주거형,중간,31229.0,0.22415062922283774
11500593,강서구 화곡8동,4,5,6,2,23468,1853.0,10456932,0.0,5288.0,3170.0,1740.0,983.0,231.0,51.0,21.0,3.0,0.0,11487.0,0.46034647862801426,0.07895858189875575,445.5825805351969,218093612.0,0.006501752272024901,유동 중심형,중간,25321.0,0.2369574661348288
11500603,강서구 가양1동,18,20,18,0,33880,5314.0,3038875,1.0,14444.0,2950.0,1942.0,1325.0,277.0,58.0,17.0,4.0,3.0,21021.0,0.6871224014081156,0.15684769775678867,89.6952479338843,167098639.0,0.0015047264974234606,1인가구형,중간,39194.0,0.4592539674439965
11500604,강서구 가양2동,3,2,2,-1,13460,,1917285,0.0,4823.0,1845.0,757.0,378.0,71.0,32.0,10.0,2.0,2.0,7920.0,0.6089646464646464,,142.44316493313522,81646753.0,0.0037782286064058975,1인가구형,저밀·상대적 여유,13460.0,0.1485884101040119
11500605,강서구 가양3동,4,4,4,0,14189,265.0,1522364,0.0,3798.0,2245.0,1004.0,414.0,61.0,14.0,4.0,1.0,0.0,7541.0,0.5036467312027583,0.018676439495383747,107.29184579603918,127233159.0,0.009266085755801047,주거형,중간,14454.0,0.2767400027674
11500611,강서구 발산1동,6,6,6,0,35643,6493.0,5403377,0.0,3468.0,3468.0,3079.0,2831.0,593.0,101.0,28.0,4.0,1.0,13573.0,0.2555072570544463,0.18216760654265915,151.59714389922286,8566040796.0,0.048569377532234274,주거형,중간,42136.0,0.1423960508828555
11500615,강서구 우장산동,15,12,10,-5,43709,3048.0,7217707,0.0,4970.0,3995.0,3972.0,3605.0,656.0,123.0,30.0,13.0,3.0,17367.0,0.2861749294639258,0.06973392207554509,165.13091125397514,6581493388.0,0.2189152987478881,학원·교육형,고밀·경쟁 완화,46757.0,0.21387171974249847
11500620,강서구 공항동,13,13,13,0,29436,5425.0,5445697,0.0,6115.0,3079.0,2291.0,1704.0,413.0,81.0,21.0,3.0,0.0,13707.0,0.4461224192018677,0.18429813833401276,185.00125696426144,661703565.0,0.016111826739784018,주거형,중간,34861.0,0.37290955509021545
11500630,강서구 방화1동,10,11,12,2,41828,4242.0,7065046,1.0,5093.0,4270.0,3498.0,2871.0,683.0,129.0,19.0,7.0,1.0,16572.0,0.3073256094617427,0.10141531988141915,168.90709572535144,2943703611.0,0.04966435285685108,주거형,고밀·경쟁 지속,46070.0,0.2604731929672238
11500640,강서구 방화2동,8,10,8,0,22596,1301.0,3895935,1.0,6622.0,2927.0,1588.0,960.0,234.0,55.0,14.0,4.0,1.0,12406.0,0.5337739803320973,0.05757656222340237,172.41702071163039,119227707.0,0.0042973928745874525,주거형,중간,23897.0,0.33477005481859645
11500641,강서구 방화3동,6,5,5,-1,21991,2019.0,2348911,1.0,5354.0,2868.0,1634.0,965.0,201.0,64.0,6.0,6.0,1.0,11100.0,0.48234234234234236,0.09181028602610158,106.81237779091447,211806132.0,0.016252744285914233,주거형,중간,24010.0,0.20824656393169513
11530510,구로구 신도림동,12,14,13,1,35977,9248.0,6336361,0.0,4074.0,3583.0,3381.0,2790.0,453.0,120.0,20.0,9.0,1.0,14431.0,0.28230891830088006,0.2570531172693665,176.12255051838676,5991370318.0,0.1681521924603281,학원·교육형,고밀·경쟁 지속,45225.0,0.28745163073521285
11530520,구로구 구로1동,2,4,4,2,20519,,1932876,0.0,2548.0,2217.0,1824.0,1477.0,267.0,48.0,11.0,5.0,2.0,8399.0,0.3033694487438981,,94.1993274526049,944218674.0,0.0815474177200777,학원·교육형,중간,20519.0,0.1949412739412252
11530530,구로구 구로2동,9,10,10,1,22380,10594.0,8902548,1.0,6436.0,2938.0,1554.0,823.0,217.0,45.0,11.0,2.0,2.0,12029.0,0.535040319228531,0.4733690795352994,397.79034852546914,41191616.0,0.00023646654804451774,1인가구형,고밀·경쟁 지속,32974.0,0.3032692424334324
11530540,구로구 구로3동,14,13,13,-1,23287,62687.0,7666393,1.0,8512.0,2488.0,1415.0,881.0,210.0,32.0,13.0,1.0,1.0,13554.0,0.6280064925483252,2.691931120367587,329.21342379868594,887036316.0,0.0052973699840274426,1인가구형,고밀·경쟁 완화,85974.0,0.15120850489682927
11530550,구로구 구로4동,9,9,9,0,18646,1298.0,7046680,0.0,5459.0,2520.0,1277.0,624.0,120.0,37.0,10.0,1.0,0.0,10048.0,0.5432921974522293,0.06961278558403947,377.91912474525367,825435119.0,0.015409334693780084,1인가구형,중간,19944.0,0.4512635379061372
11530560,구로구 구로5동,8,9,9,1,28952,12925.0,6771834,0.0,8503.0,3307.0,2131.0,1270.0,269.0,68.0,23.0,5.0,3.0,15579.0,0.5457988317607035,0.44642857142857145,233.8986598507875,751512206.0,0.0069957428182413255,1인가구형,고밀·경쟁 지속,41877.0,0.2149151085321298
11530595,구로구 가리봉동,5,5,5,0,8713,577.0,3116192,1.0,4457.0,1011.0,394.0,180.0,31.0,7.0,2.0,1.0,0.0,6084.0,0.732577251808021,0.06622288534373924,357.6485711006542,3696906.0,0.00024057289813209703,1인가구형,중간,9290.0,0.5382131324004306
11530720,구로구 고척1동,5,5,4,-1,26314,2091.0,4574346,2.0,3998.0,3184.0,2426.0,1633.0,312.0,57.0,10.0,2.0,1.0,11625.0,0.34391397849462363,0.07946340351143878,173.83696891388615,1486160282.0,0.02604835572508287,주거형,중간,28405.0,0.1408202781200493
11530730,구로구 고척2동,3,4,4,1,25749,1601.0,5097723,1.0,4248.0,2975.0,2124.0,1539.0,327.0,71.0,17.0,1.0,0.0,11303.0,0.375829425816155,0.06217717192900695,197.97751368985203,1320628665.0,0.04358234533339563,주거형,중간,27350.0,0.14625228519195613
11530740,구로구 개봉1동,6,7,7,1,33122,5014.0,7562772,1.0,5748.0,4254.0,2929.0,1828.0,414.0,87.0,28.0,4.0,0.0,15293.0,0.37585823579415417,0.15137974759978262,228.33077712698508,299503953.0,0.010268971606772424,주거형,중간,38136.0,0.18355359765051393
11530750,구로구 개봉2동,4,4,4,0,29724,7366.0,3645289,1.0,4037.0,3661.0,2705.0,1725.0,390.0,102.0,29.0,8.0,3.0,12661.0,0.3188531711555169,0.24781321491051003,122.637902032028,1008189979.0,0.03482647556009073,주거형,중간,37090.0,0.10784578053383662
11530760,구로구 개봉3동,0,0,0,0,19544,2665.0,4465832,0.0,2974.0,2665.0,1656.0,979.0,227.0,46.0,11.0,3.0,0.0,8561.0,0.34738932367714054,0.13635898485468687,228.50143266475644,1289825293.0,0.07115773690873048,주거형,중간,22209.0,0.0
11530770,구로구 오류1동,7,10,8,1,22559,3372.0,4142141,1.0,7594.0,2745.0,1530.0,865.0,215.0,47.0,15.0,6.0,0.0,13018.0,0.5833461361192196,0.14947471075845561,183.6136796843832,696822635.0,0.01950655389453312,1인가구형,고밀·경쟁 지속,25931.0,0.3085110485519263
11530780,구로구 오류2동,5,9,8,3,37281,1024.0,4889147,3.0,5284.0,4354.0,2974.0,2244.0,580.0,120.0,27.0,9.0,1.0,15596.0,0.33880482174916643,0.02746707438105201,131.14312920790752,1710065958.0,0.07801060707987749,학원·교육형,고밀·경쟁 지속,38305.0,0.20885001957968932
11530790,구로구 수궁동,7,7,8,1,22707,1732.0,1658436,0.0,3562.0,2917.0,1836.0,1183.0,315.0,74.0,15.0,9.0,0.0,9911.0,0.35939864796690546,0.07627603822609767,73.03633240850839,939908222.0,0.07333192994354473,학원·교육형,고밀·경쟁 지속,24439.0,0.3273456360734891
11530800,구로구 항동,2,2,2,0,16335,,970623,0.0,1627.0,1418.0,1464.0,1318.0,301.0,39.0,8.0,3.0,0.0,6178.0,0.2633538361929427,,59.4198347107438,12603938.0,0.13919848973975962,학원·교육형,중간,16335.0,0.12243648607284971
11545510,금천구 가산동,26,25,26,0,24622,106107.0,4748262,1.0,14670.0,2467.0,956.0,521.0,112.0,29.0,7.0,3.0,0.0,18766.0,0.7817329212405414,4.309438713345789,192.8463163024937,384709758.0,0.00046343027807411487,1인가구형,중간,130729.0,0.1988847157095977
11545610,금천구 독산1동,9,9,9,0,45720,10617.0,5228155,3.0,15085.0,5486.0,3235.0,2177.0,462.0,80.0,19.0,3.0,5.0,26555.0,0.568066277537187,0.23221784776902887,114.35159667541558,85042676.0,0.00031949554785260816,1인가구형,중간,56337.0,0.1597529154907077
11545620,금천구 독산2동,4,4,4,0,17737,1291.0,3059371,0.0,4773.0,2379.0,1244.0,701.0,162.0,31.0,4.0,3.0,0.0,9297.0,0.5133914165859955,0.07278570220443141,172.4852568078029,321855686.0,0.015983465586911636,주거형,중간,19028.0,0.21021652301870927
11545630,금천구 독산3동,4,3,2,-2,23433,2738.0,4480108,0.0,6816.0,3079.0,1695.0,836.0,203.0,27.0,11.0,2.0,0.0,12669.0,0.5380061567605967,0.11684376733666198,191.18798275935646,505341447.0,0.013667039142450429,1인가구형,저밀·상대적 여유,26171.0,0.0764204654006343
11545640,금천구 독산4동,2,2,2,0,14511,1147.0,3697507,0.0,3714.0,1833.0,1069.0,578.0,130.0,34.0,4.0,4.0,1.0,7367.0,0.5041400841590878,0.07904348425332507,254.8071807594239,377107993.0,0.02256252763643516,주거형,중간,15658.0,0.12773023374632778
11545670,금천구 시흥1동,5,6,3,-2,32115,4641.0,5294857,2.0,8107.0,3934.0,2392.0,1503.0,312.0,55.0,21.0,3.0,2.0,16331.0,0.4964178556120262,0.1445119103222793,164.87177331465048,2727133966.0,0.029332764368530297,주거형,중간,36756.0,0.08161932745674176
11545680,금천구 시흥2동,0,3,3,3,20564,1037.0,1431625,1.0,2368.0,2251.0,1716.0,1373.0,338.0,71.0,23.0,5.0,3.0,8149.0,0.29058780218431707,0.05042793230888932,69.61802178564481,964535598.0,0.22754477898756947,학원·교육형,중간,21601.0,0.13888245914540992
11545690,금천구 시흥3동,2,1,0,-2,10153,1939.0,1264712,0.0,1747.0,1368.0,876.0,525.0,119.0,22.0,5.0,1.0,0.0,4663.0,0.37465151190220886,0.1909780360484586,124.56535014281494,86055676.0,0.00820696836467117,주거형,저밀·상대적 여유,12092.0,0.0
11545700,금천구 시흥4동,1,1,1,0,19366,1105.0,2078385,0.0,3564.0,2525.0,1520.0,934.0,200.0,52.0,14.0,4.0,0.0,8813.0,0.40440258708725746,0.057058762780130126,107.32133636269751,303883045.0,0.025280547780781204,주거형,중간,20471.0,0.04884959210590592
11545710,금천구 시흥5동,3,2,2,-1,18167,961.0,3363888,1.0,4267.0,2359.0,1385.0,732.0,174.0,32.0,10.0,2.0,0.0,8962.0,0.4761214014728855,0.05289811196124842,185.1647492706556,470028632.0,0.015080398332622388,주거형,저밀·상대적 여유,19128.0,0.10455876202425762
11560515,영등포구 영등포본동,10,11,11,1,20784,3360.0,6579464,2.0,5055.0,2297.0,1613.0,1076.0,222.0,46.0,11.0,1.0,0.0,10323.0,0.48968323161871546,0.16166281755196305,316.56389530408006,390891762.0,0.0060160329880481105,주거형,고밀·경쟁 지속,24144.0,0.45559973492379063
11560535,영등포구 영등포동,16,13,12,-4,29839,14034.0,11148410,0.0,17120.0,2933.0,1338.0,809.0,136.0,30.0,7.0,1.0,1.0,22375.0,0.7651396648044693,0.4703240725225376,373.618753979691,121991557.0,0.0004455673429376595,1인가구형,고밀·경쟁 완화,43873.0,0.2735167415038862
11560540,영등포구 여의동,38,40,39,1,33346,250897.0,6337211,2.0,4505.0,3541.0,3093.0,2365.0,499.0,139.0,38.0,11.0,4.0,14197.0,0.3173205606818342,7.524050860672944,190.04411323696996,6681090236.0,0.018826123856705488,오피스형,고밀·경쟁 지속,284243.0,0.1372065451040131
11560550,영등포구 당산1동,11,14,13,2,20951,8973.0,6942751,1.0,6754.0,2635.0,1407.0,892.0,162.0,46.0,17.0,3.0,0.0,11917.0,0.5667533775279013,0.42828504605985396,331.3804114362083,242970786.0,0.00207715822988292,1인가구형,고밀·경쟁 지속,29924.0,0.4344338992113354
11560560,영등포구 당산2동,11,9,10,-1,36667,15502.0,9272229,3.0,10235.0,3338.0,2739.0,2084.0,404.0,93.0,24.0,6.0,0.0,18926.0,0.5407904470041213,0.4227779747456841,252.87667384841956,1369094294.0,0.023591136835817806,1인가구형,고밀·경쟁 완화,52169.0,0.19168471697751538
11560585,영등포구 도림동,5,3,4,-1,17562,517.0,5369227,0.0,5476.0,2316.0,1220.0,692.0,158.0,32.0,10.0,1.0,1.0,9906.0,0.5527962850797496,0.02943856052841362,305.7298143719394,1139951528.0,0.07863002302457534,학원·교육형,중간,18079.0,0.22125117539686928
11560605,영등포구 문래동,7,13,11,4,32022,65200.0,8882689,3.0,4035.0,3211.0,2902.0,2289.0,423.0,89.0,22.0,13.0,0.0,12987.0,0.3106953106953107,2.036100181125476,277.3933233402036,2555258764.0,0.01797512288265627,오피스형,고밀·경쟁 지속,97222.0,0.11314311575569315
11560610,영등포구 양평1동,9,8,9,0,18114,9722.0,4532731,0.0,5537.0,2182.0,1336.0,798.0,160.0,35.0,11.0,0.0,3.0,10062.0,0.5502882130789107,0.5367119355194877,250.23357623937287,275107097.0,0.009942396356872898,1인가구형,중간,27836.0,0.32332231642477366
11560620,영등포구 양평2동,10,9,11,1,22288,14874.0,4447422,0.0,5441.0,2569.0,1800.0,1271.0,214.0,47.0,10.0,1.0,1.0,11354.0,0.479214373788973,0.6673546302943287,199.54334170854273,993944598.0,0.013147546592234854,오피스형,고밀·경쟁 지속,37162.0,0.2960012916419999
11560630,영등포구 신길1동,7,10,8,1,19314,1933.0,5574870,0.0,7501.0,2094.0,1164.0,714.0,147.0,23.0,4.0,0.0,1.0,11648.0,0.6439732142857143,0.10008284146215181,288.6439888164026,768545662.0,0.024864799724105602,1인가구형,고밀·경쟁 지속,21247.0,0.37652374452863935
11560650,영등포구 신길3동,4,4,4,0,15950,382.0,6167849,0.0,3348.0,1969.0,1361.0,908.0,161.0,28.0,4.0,1.0,0.0,7780.0,0.4303341902313625,0.023949843260188088,386.69899686520375,867136520.0,0.03731792108844818,유동 중심형,중간,16332.0,0.24491795248591722
11560660,영등포구 신길4동,2,4,3,1,10315,703.0,2610643,0.0,2418.0,1428.0,1021.0,653.0,137.0,22.0,3.0,4.0,1.0,5687.0,0.4251802356251099,0.06815317498788173,253.09190499272904,297094481.0,0.02727393705007736,주거형,중간,11018.0,0.2722817208204756
11560670,영등포구 신길5동,0,2,2,2,9947,626.0,2984586,3.0,1868.0,1127.0,769.0,527.0,119.0,24.0,7.0,1.0,0.0,4445.0,0.42024746906636673,0.06293354780335779,300.048858952448,1171201823.0,0.07996402109951492,학원·교육형,저밀·성장,10573.0,0.1891610706516599
11560680,영등포구 신길6동,7,7,4,-3,19493,2010.0,5716384,3.0,4553.0,2180.0,1299.0,895.0,184.0,42.0,7.0,4.0,2.0,9169.0,0.49656451085178316,0.10311393833683886,293.253167803827,3082308981.0,0.08887226574566834,학원·교육형,중간,21503.0,0.1860205552713575
11560690,영등포구 신길7동,5,4,4,-1,19779,2276.0,3671364,0.0,2208.0,2026.0,1740.0,1505.0,300.0,42.0,18.0,2.0,0.0,7841.0,0.2815967351103176,0.11507154052277668,185.6192931897467,692215516.0,0.0726462030077001,학원·교육형,중간,22055.0,0.18136476989344819
11560700,영등포구 대림1동,2,2,2,0,13711,1366.0,4170592,1.0,3189.0,1770.0,1029.0,617.0,128.0,27.0,9.0,1.0,0.0,6771.0,0.47097917589720867,0.09962803588359712,304.1785427758734,172977291.0,0.005978763932435733,주거형,중간,15077.0,0.13265238442661006
11560710,영등포구 대림2동,9,6,5,-4,11730,3597.0,4567025,0.0,3984.0,1632.0,732.0,328.0,89.0,24.0,8.0,1.0,3.0,6801.0,0.5857962064402293,0.30664961636828647,389.345694799659,193101729.0,0.004984975801465477,1인가구형,중간,15327.0,0.32622170026750175
11560720,영등포구 대림3동,8,12,11,3,21488,4260.0,6507885,1.0,4376.0,2804.0,1723.0,1010.0,242.0,46.0,14.0,1.0,1.0,10218.0,0.42826384811117635,0.19825018615040954,302.86136448250187,1685452336.0,0.014705514508754975,주거형,고밀·경쟁 지속,25748.0,0.4272176479726581
11590510,동작구 노량진1동,6,5,5,-1,32005,2833.0,6164302,2.0,10237.0,3555.0,2286.0,1511.0,354.0,85.0,16.0,5.0,2.0,18053.0,0.5670525674403146,0.08851741915325731,192.6043430713951,2342641845.0,0.006374680016588219,1인가구형,중간,34838.0,0.14352144210345025
11590520,동작구 노량진2동,1,1,1,0,10181,4249.0,2753677,0.0,4066.0,868.0,337.0,175.0,37.0,7.0,6.0,0.0,0.0,5496.0,0.7398107714701602,0.4173460367350948,270.472154012376,8598897739.0,0.009227724634339218,1인가구형,중간,14430.0,0.0693000693000693
11590530,동작구 상도1동,11,10,10,-1,44464,3543.0,7813248,3.0,12231.0,4389.0,3341.0,2435.0,443.0,79.0,28.0,5.0,1.0,22955.0,0.5328250925724243,0.07968243972652034,175.7207628643397,4226055482.0,0.07081348811097014,주거형,고밀·경쟁 완화,48007.0,0.20830295581894306
11590540,동작구 상도2동,6,5,4,-2,27084,1012.0,4840103,1.0,5024.0,2827.0,2312.0,1775.0,325.0,73.0,8.0,4.0,0.0,12349.0,0.4068345615029557,0.03736523408654556,178.707096440703,2225319091.0,0.08464067460622748,학원·교육형,중간,28096.0,0.14236902050113895
11590550,동작구 상도3동,3,3,3,0,23844,994.0,4609530,1.0,6186.0,2798.0,1781.0,1128.0,241.0,66.0,9.0,1.0,2.0,12213.0,0.5065094571358388,0.041687636302633786,193.3203321590337,76427782.0,0.001563086258050189,주거형,중간,24838.0,0.1207826717126983
11590560,동작구 상도4동,0,0,1,1,27609,940.0,5457795,3.0,7114.0,3483.0,2330.0,1434.0,299.0,56.0,12.0,2.0,0.0,14733.0,0.48286160320369237,0.03404686877467492,197.68173421710313,805326950.0,0.03876090509066578,주거형,저밀·성장,28549.0,0.03502749658481909
11590605,동작구 흑석동,9,8,7,-2,29907,91.0,5620853,3.0,4621.0,3000.0,2807.0,2043.0,395.0,74.0,19.0,4.0,2.0,12968.0,0.35633867982726714,0.0030427659076470394,187.94439428896246,1667746608.0,0.033344187436408775,주거형,중간,29998.0,0.23334888992599506
11590620,동작구 사당1동,4,4,3,-1,22415,3853.0,6430891,1.0,9018.0,2693.0,1315.0,706.0,140.0,27.0,10.0,2.0,1.0,13913.0,0.6481707755336735,0.17189382110194065,286.9012268570154,1372016338.0,0.02123602137713798,1인가구형,중간,26268.0,0.11420740063956145
11590630,동작구 사당2동,6,5,5,-1,27151,1640.0,7211700,0.0,4549.0,3378.0,2478.0,1607.0,359.0,88.0,22.0,3.0,1.0,12485.0,0.3643572286744093,0.06040293175205333,265.61452616846526,2203493986.0,0.027489725011561345,주거형,중간,28791.0,0.17366538154284325
11590640,동작구 사당3동,1,1,1,0,23686,1114.0,5263167,0.0,3873.0,2620.0,2032.0,1465.0,257.0,82.0,27.0,5.0,2.0,10363.0,0.37373347486249153,0.04703200202651355,222.20581778265642,746283927.0,0.05169960547920542,주거형,중간,24800.0,0.04032258064516129
11590650,동작구 사당4동,0,0,0,0,13771,892.0,3908432,0.0,3805.0,1694.0,954.0,636.0,133.0,22.0,14.0,5.0,0.0,7263.0,0.5238882004681261,0.06477380001452328,283.81613535690946,439338924.0,0.0191320951244196,주거형,중간,14663.0,0.0
11590651,동작구 사당5동,2,2,2,0,14118,1558.0,3163340,1.0,2846.0,1654.0,1211.0,767.0,141.0,33.0,2.0,1.0,0.0,6656.0,0.42758413461538464,0.11035557444397223,224.06431505879019,791952198.0,0.1533428664202456,학원·교육형,중간,15676.0,0.12758356723653994
11590660,동작구 대방동,8,6,6,-2,35620,7619.0,7469075,2.0,7449.0,3213.0,2587.0,2219.0,476.0,86.0,26.0,5.0,5.0,16068.0,0.46359223300970875,0.2138966872543515,209.68767546322292,9868895010.0,0.17578860023549328,학원·교육형,중간,43239.0,0.13876361617983765
11590670,동작구 신대방1동,2,2,1,-1,23282,3411.0,3681061,0.0,4287.0,2301.0,1849.0,1533.0,332.0,64.0,14.0,7.0,1.0,10388.0,0.4126877165960724,0.14650803195601753,158.10759384932567,113969829.0,0.006390766816819154,주거형,저밀·상대적 여유,26693.0,0.037463005282283746
11590680,동작구 신대방2동,5,5,4,-1,22684,11362.0,5128366,0.0,5320.0,2274.0,1663.0,1277.0,318.0,58.0,17.0,4.0,0.0,10931.0,0.48668923245814655,0.5008816787162758,226.07855757362017,996096740.0,0.02395912074598853,오피스형,중간,34046.0,0.11748810432943665
11620525,관악구 보라매동,4,5,5,1,23092,1644.0,3627463,1.0,7300.0,2885.0,1513.0,915.0,231.0,54.0,18.0,2.0,3.0,12922.0,0.5649280297167621,0.07119348692187771,157.0874328771869,345542724.0,0.014026949918245915,1인가구형,중간,24736.0,0.20213454075032342
11620545,관악구 청림동,1,0,0,-1,14726,512.0,3114488,0.0,2151.0,1789.0,1341.0,866.0,154.0,34.0,10.0,2.0,0.0,6347.0,0.3389002678430755,0.03476843677848703,211.49585766671194,1004712272.0,0.2430655534693185,학원·교육형,저밀·상대적 여유,15238.0,0.0
11620565,관악구 성현동,3,3,3,0,28222,1347.0,4467630,0.0,4550.0,3274.0,2610.0,2003.0,416.0,76.0,15.0,6.0,5.0,12955.0,0.3512157468159012,0.047728722273403724,158.30309687477853,2143289913.0,0.19323140401676633,학원·교육형,중간,29569.0,0.1014576076296121
11620575,관악구 행운동,4,4,5,1,28758,2409.0,7323276,0.0,12421.0,3015.0,1539.0,977.0,213.0,47.0,10.0,2.0,1.0,18225.0,0.6815363511659808,0.08376799499269769,254.65178385145003,418608812.0,0.011131668408317408,1인가구형,중간,31167.0,0.16042609169955402
11620585,관악구 낙성대동,6,3,2,-4,17211,5994.0,5828945,0.0,9513.0,1575.0,735.0,451.0,113.0,36.0,9.0,1.0,0.0,12433.0,0.7651411565993727,0.34826564406484223,338.6755563302539,182657617.0,0.0036408654201537027,1인가구형,저밀·상대적 여유,23205.0,0.08618832148243913
11620595,관악구 청룡동,7,6,6,-1,35627,5147.0,10714058,1.0,18257.0,3233.0,1698.0,1119.0,222.0,49.0,12.0,5.0,1.0,24597.0,0.7422449892263284,0.1444690824374772,300.728604709911,628745911.0,0.008811763604840147,1인가구형,중간,40774.0,0.14715259724334134
11620605,관악구 은천동,4,4,4,0,32359,1371.0,8324370,1.0,7886.0,3716.0,2249.0,1705.0,356.0,88.0,24.0,2.0,1.0,16028.0,0.4920139755428001,0.04236842918507989,257.2505330819865,1286897717.0,0.03323807198393141,주거형,중간,33730.0,0.11858879335902757
11620615,관악구 중앙동,5,5,6,1,15126,1301.0,5027349,1.0,7761.0,1574.0,669.0,406.0,89.0,19.0,7.0,0.0,1.0,10527.0,0.737247078939869,0.08601084225836308,332.3647362157874,1456447541.0,0.03877137117901231,1인가구형,중간,16427.0,0.3652523284835941
11620625,관악구 인헌동,8,5,6,-2,25385,1623.0,5816345,1.0,9351.0,2865.0,1488.0,963.0,226.0,39.0,15.0,4.0,0.0,14952.0,0.6254012841091493,0.06393539491825881,229.12527082922986,567993940.0,0.014106666222921845,1인가구형,중간,27008.0,0.22215639810426538
11620630,관악구 남현동,5,5,5,0,17668,3701.0,4081838,1.0,5714.0,2024.0,1142.0,714.0,151.0,48.0,9.0,3.0,2.0,9808.0,0.5825856443719413,0.20947475662214174,231.02999773601994,346343243.0,0.011873724608150409,1인가구형,중간,21369.0,0.23398380832046423
11620645,관악구 서원동,5,7,6,1,22908,2303.0,5052650,0.0,10982.0,2608.0,1108.0,577.0,137.0,34.0,7.0,3.0,0.0,15456.0,0.7105331262939959,0.10053256504277981,220.56268552470752,413009361.0,0.0072222773561818185,1인가구형,중간,25211.0,0.2379913529808417
11620655,관악구 신원동,2,2,2,0,17484,398.0,5811278,0.0,7704.0,2101.0,854.0,504.0,99.0,33.0,2.0,1.0,0.0,11298.0,0.6818906001062135,0.022763669640814457,332.37691603752,196775627.0,0.009027733523112407,1인가구형,중간,17882.0,0.11184431271669835
11620665,관악구 서림동,7,8,7,0,23319,1424.0,4937272,0.0,11142.0,2446.0,1167.0,685.0,173.0,35.0,9.0,5.0,1.0,15663.0,0.7113579773989657,0.061066083451262916,211.72743256571894,738176534.0,0.0522843429942565,1인가구형,중간,24743.0,0.282908297296205
11620685,관악구 신사동,6,5,5,-1,21969,3137.0,7229670,0.0,10426.0,2317.0,1136.0,638.0,140.0,39.0,6.0,2.0,0.0,14704.0,0.7090587595212187,0.1427921161636852,329.0850744230507,962065335.0,0.032911141208495934,1인가구형,중간,25106.0,0.1991555803393611
11620695,관악구 신림동,6,6,4,-2,22622,1310.0,9705273,0.0,16867.0,1785.0,453.0,236.0,59.0,11.0,0.0,1.0,0.0,19412.0,0.8688955285390481,0.0579082309256476,429.0192290690478,251855130.0,0.004090664223850386,1인가구형,중간,23932.0,0.16714023065351832
11620715,관악구 난향동,0,2,0,0,14726,344.0,1364163,1.0,2006.0,1628.0,1232.0,955.0,230.0,53.0,16.0,6.0,2.0,6129.0,0.32729645945504976,0.023360043460545973,92.63635746299063,419167638.0,0.10879904078599621,학원·교육형,중간,15070.0,0.0
11620725,관악구 조원동,3,3,4,1,19598,2688.0,7951028,0.0,8347.0,2279.0,1146.0,656.0,116.0,30.0,3.0,4.0,0.0,12581.0,0.6634607741832923,0.13715685274007552,405.7060924584141,312389189.0,0.0045887648363657565,1인가구형,중간,22286.0,0.17948487839899488
11620735,관악구 대학동,10,8,7,-3,24237,590.0,6255851,0.0,14347.0,2016.0,1036.0,567.0,148.0,26.0,3.0,0.0,0.0,18143.0,0.79077330099763,0.024342946734331808,258.11160622189215,490365689.0,0.017341116737715535,1인가구형,중간,24827.0,0.2819511016232328
11620745,관악구 삼성동,0,0,0,0,19970,880.0,6766414,2.0,4150.0,2752.0,1633.0,960.0,247.0,53.0,4.0,3.0,2.0,9806.0,0.4232102794207628,0.04406609914872309,338.8289434151227,237713262.0,0.01956053502930079,유동 중심형,중간,20850.0,0.0
11620765,관악구 미성동,3,3,5,2,29526,2895.0,5242856,1.0,6380.0,3449.0,2268.0,1499.0,360.0,70.0,20.0,3.0,0.0,14050.0,0.45409252669039146,0.09804917699654542,177.5674320937479,1645846726.0,0.0620886042597618,주거형,중간,32421.0,0.1542210295795935
11620775,관악구 난곡동,7,9,5,-2,25257,981.0,5533851,0.0,6307.0,3186.0,1855.0,1097.0,223.0,57.0,14.0,3.0,0.0,12742.0,0.49497724062156645,0.038840717424872315,219.10167478322842,710245751.0,0.03387188533141798,주거형,중간,26238.0,0.19056330512996417
11650510,서초구 서초1동,6,6,6,0,20154,47656.0,7451292,0.0,4424.0,1932.0,1516.0,1230.0,285.0,90.0,21.0,13.0,1.0,9512.0,0.46509671993271656,2.36459263669743,369.71777314676984,2134579719.0,0.032017234552673454,오피스형,중간,67810.0,0.08848252470137147
11650520,서초구 서초2동,9,8,9,0,24636,66239.0,6961783,0.0,5099.0,2178.0,2000.0,1676.0,355.0,84.0,25.0,7.0,3.0,11427.0,0.44622385578016976,2.6887075823997404,282.58576879363534,8610592852.0,0.0620420672626107,오피스형,중간,90875.0,0.09903713892709766
11650530,서초구 서초3동,19,22,21,2,31862,51852.0,12120750,2.0,7529.0,3120.0,2373.0,1902.0,456.0,126.0,44.0,11.0,9.0,15572.0,0.4834960184947341,1.627393132885569,380.4139727575168,5971736220.0,0.02868705449961038,오피스형,고밀·경쟁 지속,83714.0,0.2508540984781518
11650531,서초구 서초4동,13,12,12,-1,30281,40288.0,6412189,5.0,2228.0,2047.0,2778.0,2881.0,552.0,103.0,32.0,10.0,6.0,10642.0,0.20935914301822967,1.3304712526006406,211.75618374558303,5338226821.0,0.02670235432173557,오피스형,고밀·경쟁 완화,70569.0,0.17004633762700336
11650540,서초구 잠원동,5,7,6,1,26800,14890.0,7130136,3.0,3876.0,2745.0,3309.0,2938.0,532.0,126.0,25.0,10.0,3.0,13567.0,0.28569322621065824,0.5555970149253732,266.04985074626865,6537944509.0,0.07731032676064535,학원·교육형,중간,41690.0,0.14391940513312546
11650550,서초구 반포본동,2,2,2,0,117,5670.0,505033,0.0,50.0,20.0,16.0,14.0,3.0,0.0,1.0,0.0,0.0,104.0,0.4807692307692308,48.46153846153846,4316.521367521367,0.0,0.0,오피스형,중간,5787.0,0.3456022118541559
11650560,서초구 반포1동,3,3,3,0,33740,8508.0,6731830,1.0,6028.0,2399.0,2649.0,2687.0,530.0,127.0,28.0,10.0,4.0,14463.0,0.41678766507640186,0.25216360403082394,199.5207468879668,5370571248.0,0.07150075559566217,학원·교육형,중간,42248.0,0.07100927854572997
11650570,서초구 반포2동,3,3,3,0,23322,4018.0,1854981,2.0,1001.0,1757.0,2382.0,2582.0,644.0,149.0,30.0,10.0,3.0,8560.0,0.1169392523364486,0.17228368064488467,79.53781836892205,11774863762.0,0.42773246528412673,학원·교육형,중간,27340.0,0.1097293343087052
11650580,서초구 반포3동,2,2,2,0,23761,3009.0,3343985,0.0,1306.0,1821.0,2303.0,2272.0,384.0,91.0,25.0,2.0,3.0,8207.0,0.15913244791032047,0.12663608433988469,140.73418627162155,19996258900.0,0.19401708560040165,학원·교육형,중간,26770.0,0.07471049682480388
11650581,서초구 반포4동,10,8,7,-3,18474,49942.0,5249392,2.0,1760.0,1618.0,1766.0,1389.0,309.0,94.0,22.0,10.0,6.0,6976.0,0.25229357798165136,2.703366894013208,284.1502652376313,38681099131.0,0.35272152676905116,학원·교육형,중간,68416.0,0.1023152478952292
11650590,서초구 방배본동,6,5,4,-2,20401,20669.0,4513220,2.0,2386.0,1716.0,1655.0,1570.0,372.0,113.0,37.0,7.0,4.0,7862.0,0.30348511829051134,1.0131366109504436,221.2254301259742,8038723366.0,0.15745637626091175,학원·교육형,중간,41070.0,0.09739469198928659
11650600,서초구 방배1동,5,4,4,-1,16479,17162.0,4382975,1.0,3067.0,1838.0,1271.0,1006.0,222.0,62.0,17.0,7.0,3.0,7494.0,0.40926074192687484,1.0414466897263184,265.97336003398266,6550576361.0,0.08478380099380046,학원·교육형,중간,33641.0,0.11890252965131834
11650610,서초구 방배2동,8,9,9,1,18010,15603.0,4414785,2.0,2854.0,2008.0,1435.0,1106.0,251.0,63.0,21.0,3.0,0.0,7743.0,0.3685909854061733,0.8663520266518601,245.12965019433648,1220518499.0,0.023140709285301788,오피스형,고밀·경쟁 지속,33613.0,0.26775354773450744
11650620,서초구 방배3동,5,5,5,0,15757,13530.0,3408265,1.0,1250.0,1469.0,1504.0,1171.0,290.0,74.0,24.0,2.0,5.0,5790.0,0.2158894645941278,0.8586659897188551,216.30164371390492,1087755829.0,0.04328848947606451,오피스형,중간,29287.0,0.17072421210776112
11650621,서초구 방배4동,6,6,4,-2,22754,16097.0,6684013,2.0,3530.0,2290.0,1946.0,1750.0,409.0,98.0,18.0,8.0,3.0,10054.0,0.35110403819375374,0.7074360551990859,293.7511206820779,2181203009.0,0.031950862847062875,오피스형,중간,38851.0,0.10295745283261692
11650651,서초구 양재1동,15,8,10,-5,41970,24087.0,8533228,4.0,6248.0,4403.0,3323.0,2545.0,753.0,183.0,48.0,19.0,2.0,17528.0,0.3564582382473756,0.5739099356683345,203.3173218965928,3210099381.0,0.02782666707746467,오피스형,고밀·경쟁 완화,66057.0,0.15138441043341355
11650652,서초구 양재2동,15,13,10,-5,21157,33724.0,5553412,0.0,5870.0,2275.0,1462.0,1049.0,248.0,56.0,13.0,6.0,1.0,10980.0,0.5346083788706739,1.5939878054544596,262.48579666304295,1200479240.0,0.008808041907060443,1인가구형,고밀·경쟁 완화,54881.0,0.1822124232430167
11650660,서초구 내곡동,5,5,4,-1,17000,1371.0,2082697,4.0,2205.0,1960.0,1452.0,1030.0,280.0,64.0,25.0,2.0,3.0,7025.0,0.31387900355871884,0.0806470588235294,122.51158823529411,195219121.0,0.03205400934756392,주거형,중간,18371.0,0.21773447281040773
11680510,강남구 신사동,9,8,10,1,15436,27674.0,6388755,0.0,2444.0,1502.0,1228.0,1017.0,248.0,69.0,15.0,13.0,2.0,6538.0,0.3738146222086265,1.79282197460482,413.8866934438974,12955719571.0,0.04643209179297159,오피스형,고밀·경쟁 지속,43110.0,0.2319647413593134
11680521,강남구 논현1동,23,22,17,-6,20996,45242.0,9197399,1.0,9306.0,2233.0,1004.0,632.0,160.0,50.0,24.0,7.0,0.0,13417.0,0.6935976745919356,2.1547913888359687,438.05481996570774,1692835520.0,0.006497060989812375,1인가구형,고밀·경쟁 완화,66238.0,0.25665026117938344
11680531,강남구 논현2동,18,16,13,-5,20369,57007.0,11457248,2.0,6434.0,2103.0,1471.0,900.0,175.0,63.0,13.0,9.0,2.0,11172.0,0.5759040458288579,2.798713731651038,562.4845598703913,1015960713.0,0.004992791366261889,1인가구형,고밀·경쟁 완화,77376.0,0.16801075268817206
11680545,강남구 압구정동,9,7,7,-2,26119,50479.0,7378991,3.0,2663.0,2442.0,2313.0,1866.0,464.0,137.0,23.0,11.0,8.0,9930.0,0.26817724068479354,1.932654389524867,282.51429993491325,25162740273.0,0.07112166280532091,오피스형,중간,76598.0,0.09138619807305673
11680565,강남구 청담동,16,16,13,-3,24535,58171.0,9144809,4.0,4265.0,2437.0,2068.0,1688.0,399.0,130.0,33.0,9.0,0.0,11033.0,0.3865675700172211,2.3709394742205014,372.7250458528633,2497623911.0,0.008209749528541825,오피스형,고밀·경쟁 완화,82706.0,0.15718327569946555
11680580,강남구 삼성1동,19,18,16,-3,12134,189339.0,4923443,1.0,1981.0,1355.0,1035.0,826.0,197.0,73.0,14.0,6.0,1.0,5489.0,0.36090362543268356,15.60400527443547,405.75597494643154,636237637.0,0.0025332812720040066,오피스형,고밀·경쟁 완화,201473.0,0.07941510773155709
11680590,강남구 삼성2동,16,15,15,-1,30579,70662.0,8719348,1.0,6014.0,2563.0,2498.0,2157.0,428.0,96.0,27.0,11.0,4.0,13799.0,0.4358286832379158,2.310801530462082,285.14169855129336,6125473357.0,0.06590859268619112,오피스형,고밀·경쟁 완화,101241.0,0.1481613180430853
11680600,강남구 대치1동,8,6,4,-4,23878,18463.0,4343954,0.0,547.0,1112.0,2080.0,2778.0,551.0,98.0,28.0,8.0,4.0,7206.0,0.07590896475159589,0.7732222129156546,181.92285786079236,52194789462.0,0.4570693474187071,학원·교육형,중간,42341.0,0.09447108004062256
11680610,강남구 대치2동,15,15,15,0,38212,102922.0,6276201,1.0,2485.0,2611.0,3600.0,3820.0,695.0,138.0,43.0,8.0,2.0,13403.0,0.18540625233156757,2.693447084685439,164.24685962524862,66801896572.0,0.3335685685087352,학원·교육형,중간,141134.0,0.10628197316025904
11680630,강남구 대치4동,25,22,22,-3,18614,43704.0,9932591,1.0,5293.0,1700.0,1273.0,976.0,227.0,54.0,10.0,2.0,1.0,9537.0,0.5549963300828352,2.3479101751369935,533.608627914473,80218003244.0,0.38123296327930684,학원·교육형,고밀·경쟁 완화,62318.0,0.35302801758721397
11680640,강남구 역삼1동,51,44,43,-8,34082,202016.0,19879130,3.0,17783.0,3434.0,1477.0,842.0,239.0,58.0,11.0,7.0,2.0,23856.0,0.7454309188464118,5.927351681239364,583.2735754943959,11973274191.0,0.0230585920522998,1인가구형,고밀·경쟁 완화,236098.0,0.18212776050623047
11680650,강남구 역삼2동,18,16,13,-5,36348,55876.0,11909485,3.0,6328.0,2351.0,3224.0,3017.0,494.0,100.0,22.0,7.0,2.0,15548.0,0.40699768458965785,1.5372510179377132,327.65172774292944,7300320006.0,0.07474160518002124,학원·교육형,고밀·경쟁 완화,92224.0,0.1409611380985427
11680655,강남구 도곡1동,9,7,7,-2,20005,32403.0,8887262,2.0,2698.0,1752.0,1798.0,1703.0,326.0,72.0,28.0,3.0,1.0,8383.0,0.32184182273649053,1.6197450637340665,444.2520369907523,4848533415.0,0.07100166005374896,오피스형,중간,52408.0,0.13356739429094794
11680656,강남구 도곡2동,9,9,8,-1,32648,84833.0,3804580,3.0,2184.0,2471.0,3089.0,2907.0,588.0,123.0,36.0,11.0,2.0,11414.0,0.19134396355353075,2.5984133790737562,116.53332516540064,1762874363.0,0.02506540009219218,오피스형,고밀·경쟁 완화,117481.0,0.06809611767009133
11680660,강남구 개포1동,0,0,0,0,6765,3433.0,2116394,1.0,1316.0,2118.0,2589.0,2439.0,535.0,98.0,30.0,4.0,4.0,9134.0,0.14407707466608277,0.5074648928307465,312.8446415373245,152633091.0,0.3508904785726665,학원·교육형,중간,10198.0,0.0
11680670,강남구 개포2동,7,7,6,-1,41708,8854.0,2151296,0.0,2559.0,3544.0,4165.0,3763.0,750.0,131.0,27.0,10.0,4.0,14953.0,0.17113622684411156,0.21228541287043254,51.57993670279083,4698788586.0,0.1521294842044082,학원·교육형,중간,50562.0,0.11866619200189867
11680690,강남구 개포4동,6,6,5,-1,23151,7242.0,3295325,1.0,3676.0,2342.0,2091.0,1510.0,311.0,77.0,22.0,8.0,3.0,10041.0,0.36609899412409125,0.3128158610859142,142.34050364995034,2032685323.0,0.03276038442338577,오피스형,중간,30393.0,0.16451156516303095
11680700,강남구 세곡동,6,8,7,1,45513,379.0,3415133,1.0,7847.0,4713.0,3658.0,3007.0,831.0,192.0,39.0,9.0,2.0,20299.0,0.38657076703285875,0.008327291103640718,75.03642915211039,1685352543.0,0.04504231051037951,주거형,중간,45892.0,0.1525320317266626
11680720,강남구 일원본동,4,5,5,1,22796,,2494432,1.0,1473.0,1743.0,2219.0,2111.0,333.0,59.0,7.0,6.0,1.0,7953.0,0.18521312712184082,,109.42410949289349,638141091.0,0.05363533726082371,주거형,중간,22796.0,0.21933672574135815
11680730,강남구 일원1동,2,1,1,-1,14550,1822.0,2550279,0.0,3678.0,1903.0,1047.0,585.0,153.0,42.0,5.0,6.0,1.0,7420.0,0.49568733153638816,0.1252233676975945,175.27690721649483,818843819.0,0.024926308874625665,주거형,저밀·상대적 여유,16372.0,0.0610798924993892
11680740,강남구 일원2동,1,1,1,0,16833,,1332880,,,,,,,,,,,,,,79.18255807045684,660161410.0,0.16130535830240011,학원·교육형,중간,16833.0,0.05940711697261332
11680750,강남구 수서동,7,6,6,-1,14026,19403.0,2221559,0.0,4002.0,2112.0,892.0,458.0,102.0,36.0,7.0,3.0,0.0,7612.0,0.5257488176563321,1.383359475260231,158.38863539141593,401946881.0,0.005922202966646914,오피스형,중간,33429.0,0.17948487839899488
11710510,송파구 풍납1동,3,3,1,-2,11750,651.0,4301974,0.0,2140.0,1387.0,943.0,567.0,104.0,24.0,10.0,1.0,0.0,5176.0,0.4134466769706337,0.055404255319148936,366.1254468085106,80468249.0,0.007543247956896456,유동 중심형,저밀·상대적 여유,12401.0,0.08063865817272801
11710520,송파구 풍납2동,5,7,7,2,23552,475.0,5207645,0.0,4101.0,2479.0,1959.0,1514.0,273.0,66.0,17.0,4.0,2.0,10415.0,0.39375900144023046,0.02016813858695652,221.11264436141303,3254209204.0,0.13850848634409413,학원·교육형,중간,24027.0,0.29133891039247517
11710531,송파구 거여1동,3,2,1,-2,12011,2887.0,3344482,0.0,2355.0,1466.0,936.0,646.0,156.0,35.0,8.0,0.0,0.0,5602.0,0.4203855765797929,0.2403630005827991,278.45158604612436,1727535641.0,0.1265457525228052,학원·교육형,저밀·상대적 여유,14898.0,0.06712310377231843
11710532,송파구 거여2동,3,2,2,-1,23596,1556.0,3583768,2.0,3361.0,2792.0,2066.0,1416.0,329.0,56.0,10.0,6.0,3.0,10041.0,0.3347276167712379,0.06594338023393796,151.8803186980844,1884271984.0,0.07340267668500906,학원·교육형,저밀·상대적 여유,25152.0,0.07951653944020357
11710540,송파구 마천1동,7,7,6,-1,17982,586.0,2732721,0.0,3034.0,1944.0,1212.0,805.0,205.0,41.0,9.0,6.0,1.0,7257.0,0.4180790960451977,0.032588143699254814,151.9698031364698,434752758.0,0.01643513740295944,주거형,중간,18568.0,0.32313657906074966
11710550,송파구 마천2동,5,5,5,0,17575,1312.0,4686662,1.0,3685.0,2300.0,1357.0,818.0,170.0,51.0,17.0,4.0,1.0,8404.0,0.43848167539267013,0.07465149359886201,266.6664011379801,94684837.0,0.0023459101244305987,주거형,중간,18887.0,0.26473235558850006
11710561,송파구 방이1동,8,6,5,-3,15091,5978.0,3168269,0.0,2036.0,1385.0,1327.0,1111.0,237.0,52.0,19.0,7.0,1.0,6175.0,0.3297165991902834,0.3961301437943145,209.94427142005168,17260495968.0,0.3556153785570204,학원·교육형,중간,21069.0,0.23731548720869525
11710562,송파구 방이2동,13,15,14,1,26094,40697.0,6391059,1.0,10266.0,3090.0,1573.0,916.0,184.0,53.0,8.0,7.0,0.0,16098.0,0.6377189713007827,1.5596305664137349,244.9244653943435,2043537531.0,0.015890314115216672,1인가구형,고밀·경쟁 지속,66791.0,0.20960907906753903
11710566,송파구 오륜동,5,4,5,0,17799,15658.0,760119,2.0,650.0,1421.0,1662.0,1667.0,329.0,79.0,22.0,7.0,3.0,5842.0,0.11126326600479287,0.8797123433900781,42.7057138041463,0.0,0.0,오피스형,중간,33457.0,0.14944555698359088
11710570,송파구 오금동,8,9,8,0,37341,21434.0,9885963,1.0,5035.0,4170.0,3408.0,2443.0,523.0,144.0,26.0,9.0,4.0,15763.0,0.31941889234282816,0.5740071235371308,264.7482124206636,10814930422.0,0.17924466464385908,학원·교육형,중간,58775.0,0.13611229264142918
11710580,송파구 송파1동,9,13,12,3,23353,10911.0,5643356,0.0,6777.0,2826.0,1571.0,1001.0,236.0,68.0,11.0,7.0,0.0,12497.0,0.5422901496359126,0.4672204855907164,241.6544341198133,2430287342.0,0.03673006951326395,1인가구형,고밀·경쟁 지속,34264.0,0.3502218071445249
11710590,송파구 송파2동,7,9,8,1,18476,4268.0,3129787,0.0,1915.0,1847.0,1893.0,1521.0,283.0,57.0,24.0,2.0,0.0,7542.0,0.25391142932909044,0.23100238146785018,169.3974345096341,5585359169.0,0.22284823923332017,학원·교육형,고밀·경쟁 지속,22744.0,0.35174111853675694
11710600,송파구 석촌동,11,10,10,-1,30682,9531.0,6566484,0.0,9738.0,3728.0,1960.0,1265.0,269.0,79.0,12.0,5.0,1.0,17057.0,0.5709093040980243,0.3106381591812789,214.0174695261065,6392363348.0,0.06851257261083624,1인가구형,고밀·경쟁 완화,40213.0,0.24867580135776987
11710610,송파구 삼전동,14,11,9,-5,29062,4352.0,6080619,0.0,9197.0,3499.0,1917.0,1144.0,260.0,60.0,15.0,8.0,2.0,16102.0,0.5711712830704261,0.14974881288280228,209.22919964214438,12144024613.0,0.18843054370636073,학원·교육형,고밀·경쟁 완화,33414.0,0.2693481774106662
11710620,송파구 가락본동,13,12,12,-1,25171,27617.0,8624496,1.0,4946.0,2776.0,2073.0,1421.0,330.0,57.0,15.0,1.0,2.0,11622.0,0.42557219067286184,1.0971753208056891,342.6362083349887,918757847.0,0.011606146635113978,오피스형,고밀·경쟁 완화,52788.0,0.22732439190725165
11710631,송파구 가락1동,1,1,1,0,27469,6121.0,722437,2.0,1614.0,2397.0,2768.0,2346.0,423.0,92.0,21.0,2.0,1.0,9666.0,0.1669770328988206,0.22283301175870981,26.300083730751027,0.0,0.0,주거형,중간,33590.0,0.02977076510866329
11710632,송파구 가락2동,4,4,4,0,31181,6932.0,5650583,1.0,3646.0,2687.0,2706.0,2237.0,363.0,85.0,15.0,6.0,0.0,11746.0,0.3104035416311936,0.2223148712356884,181.2187870818768,8511093190.0,0.14441309703713825,학원·교육형,중간,38113.0,0.10495106656521397
11710641,송파구 문정1동,4,4,4,0,19502,23872.0,4166110,2.0,3611.0,2116.0,1635.0,1233.0,277.0,58.0,21.0,3.0,1.0,8957.0,0.4031483755721782,1.2240795815813763,213.6247564352374,1764153168.0,0.05568208123263478,오피스형,중간,43374.0,0.09222114630884862
11710642,송파구 문정2동,20,22,24,4,28782,78185.0,2869130,3.0,9021.0,3156.0,1932.0,1355.0,288.0,73.0,21.0,7.0,3.0,15859.0,0.5688252727158081,2.7164547286498504,99.68487248975053,76114887.0,0.0005571064553947936,1인가구형,고밀·경쟁 지속,106967.0,0.2243682631091832
11710646,송파구 장지동,6,5,5,-1,28473,3961.0,7312004,1.0,4062.0,3772.0,2951.0,1885.0,407.0,87.0,10.0,4.0,1.0,13180.0,0.3081942336874052,0.13911424858638008,256.804832648474,4692530356.0,0.1290382516668052,학원·교육형,중간,32434.0,0.15415921563791082
11710647,송파구 위례동,5,5,6,1,44857,,3485208,1.0,2231.0,3044.0,3927.0,4372.0,1159.0,198.0,39.0,9.0,4.0,14984.0,0.14889215162840364,,77.69596718460886,54043602.0,0.008666577572575338,주거형,중간,44857.0,0.13375838776556612
11710650,송파구 잠실본동,20,15,15,-5,27731,12201.0,8098992,0.0,9935.0,3082.0,1730.0,1094.0,216.0,69.0,15.0,2.0,2.0,16145.0,0.615360792815113,0.43997692113519166,292.0555335184451,11381821099.0,0.06939780977808384,1인가구형,고밀·경쟁 완화,39932.0,0.3756385855955124
11710670,송파구 잠실2동,2,2,3,1,34909,4063.0,2284176,1.0,1612.0,2095.0,3383.0,3695.0,606.0,104.0,21.0,7.0,3.0,11527.0,0.13984557994274313,0.11638832392792689,65.4322953966026,6843284247.0,0.1105806906083317,학원·교육형,중간,38972.0,0.07697834342604948
11710680,송파구 잠실3동,10,9,9,-1,33805,38665.0,3450782,2.0,1784.0,2954.0,3293.0,3011.0,591.0,122.0,27.0,9.0,6.0,11799.0,0.15119925417408256,1.1437657151308978,102.07904156189913,3912514809.0,0.03946890771214585,오피스형,고밀·경쟁 완화,72470.0,0.12418931971850422
11710690,송파구 잠실4동,1,1,1,0,21192,4438.0,2039053,0.0,1022.0,1596.0,2244.0,1965.0,336.0,83.0,14.0,6.0,2.0,7268.0,0.14061640066042927,0.20941864854662137,96.21805398263496,579225212.0,0.04304866683266626,주거형,중간,25630.0,0.03901677721420211
11710710,송파구 잠실6동,10,8,9,-1,16514,83532.0,2279811,3.0,975.0,1512.0,1594.0,1330.0,294.0,76.0,24.0,7.0,2.0,5817.0,0.16761217122227953,5.058253603003513,138.05322756449073,351473424.0,0.0013970135469057348,오피스형,고밀·경쟁 완화,100046.0,0.08995861903524378
11710720,송파구 잠실7동,0,0,0,0,9419,,708799,0.0,533.0,977.0,885.0,732.0,175.0,46.0,10.0,4.0,0.0,3362.0,0.15853658536585366,,75.25204374137383,1695601468.0,0.3449746375277045,학원·교육형,중간,9419.0,0.0
11740515,강동구 강일동,12,13,14,2,44257,143.0,3477111,0.0,3808.0,3733.0,2927.0,2504.0,703.0,102.0,15.0,3.0,2.0,13797.0,0.27600202942668695,0.00323112727930045,78.56635108570396,2262882649.0,0.15906384481423083,학원·교육형,고밀·경쟁 지속,44400.0,0.3153153153153153
11740520,강동구 상일동,5,4,4,-1,39307,1291.0,3418270,,,,,,,,,,,,,0.03284402269315898,86.96339074465108,1965441511.0,0.11002978071478645,학원·교육형,중간,40598.0,0.09852702103551898
11740530,강동구 명일1동,4,4,4,0,25279,3986.0,4587453,2.0,2721.0,2626.0,2407.0,1833.0,306.0,64.0,18.0,5.0,1.0,9983.0,0.2725633577081038,0.1576802879860754,181.47288262985086,4413221038.0,0.07247084795732513,학원·교육형,중간,29265.0,0.13668204339654877
11740540,강동구 명일2동,4,5,5,1,17034,2834.0,2082565,1.0,1715.0,1346.0,1411.0,1519.0,328.0,56.0,19.0,4.0,0.0,6399.0,0.2680106266604157,0.1663731360807796,122.25930491957261,30742500944.0,0.3708069402716758,학원·교육형,중간,19868.0,0.25166096235152
11740550,강동구 고덕1동,3,2,1,-2,23932,845.0,3486664,2.0,1387.0,1646.0,2202.0,2446.0,393.0,67.0,16.0,5.0,0.0,8164.0,0.1698922097011269,0.035308373725555744,145.69045629282968,2067526006.0,0.2187892738374418,학원·교육형,저밀·상대적 여유,24777.0,0.04036001130080316
11740560,강동구 고덕2동,6,5,5,-1,22684,1176.0,2181579,2.0,2843.0,2410.0,2527.0,2088.0,385.0,85.0,16.0,3.0,1.0,10360.0,0.27442084942084943,0.051842708517016396,96.17258860871098,651274463.0,0.025974204193739206,주거형,중간,23860.0,0.20955574182732606
11740570,강동구 암사1동,10,8,4,-6,33825,3050.0,8439282,0.0,6807.0,3996.0,2796.0,1816.0,326.0,72.0,17.0,2.0,3.0,15835.0,0.4298705399431639,0.090169992609017,249.49835920177384,1883515813.0,0.04572101715128436,주거형,중간,36875.0,0.10847457627118644
11740580,강동구 암사2동,3,5,4,1,14825,1552.0,2217375,0.0,2130.0,1815.0,1374.0,875.0,170.0,37.0,11.0,1.0,0.0,6413.0,0.332137845002339,0.10468802698145026,149.56998313659358,788438007.0,0.03208965576479333,주거형,중간,16377.0,0.24424497771264578
11740590,강동구 암사3동,0,0,0,0,17136,,1711324,2.0,1086.0,1518.0,1619.0,1423.0,309.0,68.0,12.0,8.0,1.0,6046.0,0.17962289116771418,,99.8671802054155,2440671793.0,0.1319918054354393,학원·교육형,중간,17136.0,0.0
11740600,강동구 천호1동,3,4,3,0,25942,1673.0,10130717,2.0,6153.0,3220.0,2028.0,1157.0,237.0,59.0,10.0,4.0,1.0,12871.0,0.478051433455054,0.06449001618996222,390.5141083956518,3687007604.0,0.12310139021919152,학원·교육형,중간,27615.0,0.10863661053775123
11740610,강동구 천호2동,15,14,13,-2,32694,2893.0,10996301,1.0,9711.0,4509.0,2567.0,1537.0,314.0,73.0,18.0,10.0,3.0,18743.0,0.5181134290134983,0.08848718419281826,336.3400318101181,1129334146.0,0.007772767952292165,유동 중심형,고밀·경쟁 완화,35587.0,0.36530193610026135
11740620,강동구 천호3동,5,6,6,1,25969,1173.0,7473454,0.0,8691.0,3243.0,1824.0,1029.0,222.0,52.0,13.0,2.0,0.0,15076.0,0.576479172194216,0.045169240247987984,287.78366513920446,83674759.0,0.002030264912471789,1인가구형,중간,27142.0,0.22105961240881292
11740640,강동구 성내1동,5,4,5,0,19392,13187.0,5545995,0.0,2767.0,2157.0,1710.0,1238.0,259.0,55.0,15.0,3.0,0.0,8204.0,0.3372745002437835,0.680022689768977,285.99396658415844,621783428.0,0.014751321643571777,오피스형,중간,32579.0,0.15347309616624208
11740650,강동구 성내2동,2,4,4,2,23452,1852.0,8151201,1.0,8116.0,3143.0,1684.0,889.0,174.0,37.0,13.0,3.0,1.0,14061.0,0.5771993457079866,0.07896981067712774,347.5695463073512,204684399.0,0.003510813651599068,1인가구형,중간,25304.0,0.15807777426493835
11740660,강동구 성내3동,5,5,5,0,22433,3676.0,6724834,0.0,4778.0,2609.0,1711.0,1163.0,249.0,49.0,21.0,9.0,0.0,10589.0,0.4512229672301445,0.1638657335175857,299.7741719787813,6816035104.0,0.08379655566823103,학원·교육형,중간,26109.0,0.19150484507258034
11740685,강동구 길동,15,14,11,-4,44395,9734.0,18073434,1.0,11560.0,5877.0,3743.0,2453.0,548.0,120.0,37.0,12.0,2.0,24353.0,0.47468484375641606,0.21925892555467957,407.10516950106995,3317625507.0,0.029916585685124838,유동 중심형,고밀·경쟁 완화,54129.0,0.20321823791313343
11740690,강동구 둔촌1동,1,1,1,0,16,,29398,0.0,2006.0,3245.0,3341.0,2752.0,482.0,99.0,22.0,5.0,2.0,11954.0,0.1678099380960348,,1837.375,1670181349.0,0.0629745498889274,유동 중심형,중간,16.0,62.5
11740700,강동구 둔촌2동,7,7,5,-2,24228,2489.0,6419131,1.0,3640.0,2910.0,2317.0,1673.0,303.0,61.0,21.0,1.0,1.0,10928.0,0.3330893118594436,0.10273237576357933,264.9467970942711,1382588862.0,0.0558298923781976,주거형,중간,26717.0,0.18714676048957593
