"동별","항목","단위","2025. 1/4","2025. 2/4","2025. 3/4","2025. 4/4","2025 년",
"합계","전체세대","","4497896","4501234","4505357","4501031","4501031",
"합계","1인세대","","2026982","2029677","2031598","2029785","2029785",
"합계","2인세대","","1015862","1021720","1028698","1031855","1031855",
"합계","3인세대","","748352","749599","751100","750246","750246",
"합계","4인세대","","554453","549776","545338","541782","541782",
"합계","5인세대","","118081","116754","115278","114282","114282",
"합계","6인세대","","25345","25009","24675","24440","24440",
"합계","7인세대","","6110","6009","6018","6015","6015",
"합계","8인세대","","1741","1734","1721","1707","1707",
"합계","9인세대","","576","565","552","538","538",
"합계","10인세대 이상","","394","391","379","381","381",
"종로구","전체세대","","72387","72509","72402","72324","72324",
"종로구","1인세대","","38374","38533","38455","38492","38492",
"종로구","2인세대","","14712","14815","14922","14981","14981",
"종로구","3인세대","","10058","10014","10020","9946","9946",
"종로구","4인세대","","6904","6839","6736","6654","6654",
"종로구","5인세대","","1760","1720","1689","1681","1681",
"종로구","6인세대","","406","414","414","410","410",
"종로구","7인세대","","111","110","103","97","97",
"종로구","8인세대","","37","37","39","40","40",
"종로구","9인세대","","14","17","12","10","10",
"종로구","10인세대 이상","","11","10","12","13","13",
"청운효자동","전체세대","","4915","4914","4914","4873","4873",
"청운효자동","1인세대","","1901","1905","1884","1857","1857",
"청운효자동","2인세대","","1183","1186","1204","1215","1215",
"청운효자동","3인세대","","927","931","949","942","942",
"청운효자동","4인세대","","668","661","650","624","624",
"청운효자동","5인세대","","177","168","164","172","172",
"청운효자동","6인세대","","42","44","47","46","46",
"청운효자동","7인세대","","10","10","8","10","10",
"청운효자동","8인세대","","4","5","4","4","4",
"청운효자동","9인세대","","3","4","4","2","2",
"청운효자동","10인세대 이상","","-","-","0","1","1",
"사직동","전체세대","","4562","4568","4583","4584","4584",
"사직동","1인세대","","2337","2353","2368","2369","2369",
"사직동","2인세대","","933","930","935","946","946",
"사직동","3인세대","","664","668","670","667","667",
"사직동","4인세대","","480","470","463","456","456",
"사직동","5인세대","","110","113","112","110","110",
"사직동","6인세대","","20","16","18","18","18",
"사직동","7인세대","","11","11","10","11","11",
"사직동","8인세대","","3","3","3","3","3",
"사직동","9인세대","","-","1","0","0","-",
"사직동","10인세대 이상","","4","3","4","4","4",
"삼청동","전체세대","","1094","1078","1078","1065","1065",
"삼청동","1인세대","","541","537","537","526","526",
"삼청동","2인세대","","245","243","247","246","246",
"삼청동","3인세대","","147","141","137","139","139",
"삼청동","4인세대","","108","105","106","109","109",
"삼청동","5인세대","","37","36","36","31","31",
"삼청동","6인세대","","13","13","13","12","12",
"삼청동","7인세대","","2","2","2","1","1",
"삼청동","8인세대","","1","1","0","0","-",
"삼청동","9인세대","","-","-","0","1","1",
"삼청동","10인세대 이상","","-","-","0","0","-",
"부암동","전체세대","","4120","4134","4122","4109","4109",
"부암동","1인세대","","1674","1681","1669","1670","1670",
"부암동","2인세대","","1020","1036","1048","1036","1036",
"부암동","3인세대","","724","730","738","733","733",
"부암동","4인세대","","497","485","474","475","475",
"부암동","5인세대","","140","135","133","138","138",
"부암동","6인세대","","46","50","42","39","39",
"부암동","7인세대","","15","13","13","12","12",
"부암동","8인세대","","3","2","3","4","4",
"부암동","9인세대","","-","1","1","1","1",
"부암동","10인세대 이상","","1","1","1","1","1",
"평창동","전체세대","","7139","7137","7096","7096","7096",
"평창동","1인세대","","2276","2273","2239","2224","2224",
"평창동","2인세대","","1839","1850","1880","1912","1912",
"평창동","3인세대","","1444","1435","1441","1438","1438",
"평창동","4인세대","","1120","1113","1082","1064","1064",
"평창동","5인세대","","351","354","343","348","348",
"평창동","6인세대","","72","72","73","76","76",
"평창동","7인세대","","25","27","25","21","21",
"평창동","8인세대","","8","9","11","11","11",
"평창동","9인세대","","2","2","1","1","1",
"평창동","10인세대 이상","","2","2","1","1","1",
"무악동","전체세대","","2984","2979","2960","2959","2959",
"무악동","1인세대","","704","702","701","704","704",
"무악동","2인세대","","773","766","776","778","778",
"무악동","3인세대","","697","702","699","709","709",
"무악동","4인세대","","621","625","607","590","590",
"무악동","5인세대","","150","146","142","142","142",
"무악동","6인세대","","29","28","25","25","25",
"무악동","7인세대","","6","7","7","9","9",
"무악동","8인세대","","2","1","1","0","-",
"무악동","9인세대","","1","1","1","1","1",
"무악동","10인세대 이상","","1","1","1","1","1",
"교남동","전체세대","","4302","4305","4324","4314","4314",
"교남동","1인세대","","1623","1624","1660","1665","1665",
"교남동","2인세대","","1055","1065","1073","1080","1080",
"교남동","3인세대","","889","884","861","832","832",
"교남동","4인세대","","603","604","598","605","605",
"교남동","5인세대","","110","108","108","108","108",
"교남동","6인세대","","10","9","14","15","15",
"교남동","7인세대","","8","7","5","6","6",
"교남동","8인세대","","2","2","3","2","2",
"교남동","9인세대","","2","2","2","1","1",
"교남동","10인세대 이상","","-","-","0","0","-",
"가회동","전체세대","","1864","1856","1833","1829","1829",
"가회동","1인세대","","897","901","892","902","902",
"가회동","2인세대","","403","408","399","398","398",
"가회동","3인세대","","296","294","291","292","292",
"가회동","4인세대","","198","188","183","174","174",
"가회동","5인세대","","49","43","45","42","42",
"가회동","6인세대","","17","18","17","14","14",
"가회동","7인세대","","2","2","4","5","5",
"가회동","8인세대","","1","1","1","1","1",
"가회동","9인세대","","-","-","0","0","-",
"가회동","10인세대 이상","","1","1","1","1","1",
"종로1.2.3.4가동","전체세대","","4934","4929","4908","4874","4874",
"종로1.2.3.4가동","1인세대","","3957","3943","3931","3905","3905",
"종로1.2.3.4가동","2인세대","","500","507","495","491","491",
"종로1.2.3.4가동","3인세대","","268","268","277","273","273",
"종로1.2.3.4가동","4인세대","","157","156","150","148","148",
"종로1.2.3.4가동","5인세대","","39","39","39","39","39",
"종로1.2.3.4가동","6인세대","","8","10","10","12","12",
"종로1.2.3.4가동","7인세대","","3","4","5","4","4",
"종로1.2.3.4가동","8인세대","","1","1","1","2","2",
"종로1.2.3.4가동","9인세대","","1","1","0","0","-",
"종로1.2.3.4가동","10인세대 이상","","-","-","0","0","-",
"종로5.6가동","전체세대","","3547","3572","3539","3711","3711",
"종로5.6가동","1인세대","","2552","2585","2547","2711","2711",
"종로5.6가동","2인세대","","506","511","520","534","534",
"종로5.6가동","3인세대","","290","278","271","268","268",
"종로5.6가동","4인세대","","156","158","161","157","157",
"종로5.6가동","5인세대","","35","32","32","32","32",
"종로5.6가동","6인세대","","5","5","5","6","6",
"종로5.6가동","7인세대","","3","3","3","3","3",
"종로5.6가동","8인세대","","-","-","0","0","-",
"종로5.6가동","9인세대","","-","-","0","0","-",
"종로5.6가동","10인세대 이상","","-","-","0","0","-",
"이화동","전체세대","","4383","4435","4452","4436","4436",
"이화동","1인세대","","2903","2958","2950","2937","2937",
"이화동","2인세대","","750","761","781","788","788",
"이화동","3인세대","","410","402","409","403","403",
"이화동","4인세대","","247","244","238","236","236",
"이화동","5인세대","","51","50","53","52","52",
"이화동","6인세대","","15","13","14","13","13",
"이화동","7인세대","","5","5","4","4","4",
"이화동","8인세대","","1","1","2","2","2",
"이화동","9인세대","","1","1","1","1","1",
"이화동","10인세대 이상","","-","-","0","0","-",
"혜화동","전체세대","","9236","9215","9231","9164","9164",
"혜화동","1인세대","","5835","5832","5827","5785","5785",
"혜화동","2인세대","","1458","1478","1491","1494","1494",
"혜화동","3인세대","","1006","995","995","988","988",
"혜화동","4인세대","","697","680","693","679","679",
"혜화동","5인세대","","172","159","158","152","152",
"혜화동","6인세대","","47","49","49","51","51",
"혜화동","7인세대","","9","10","7","4","4",
"혜화동","8인세대","","6","6","5","6","6",
"혜화동","9인세대","","4","4","2","1","1",
"혜화동","10인세대 이상","","2","2","4","4","4",
"창신1동","전체세대","","2664","2664","2662","2643","2643",
"창신1동","1인세대","","1613","1616","1616","1611","1611",
"창신1동","2인세대","","552","554","558","556","556",
"창신1동","3인세대","","300","295","295","284","284",
"창신1동","4인세대","","141","141","133","138","138",
"창신1동","5인세대","","46","44","46","40","40",
"창신1동","6인세대","","8","10","10","10","10",
"창신1동","7인세대","","3","3","3","3","3",
"창신1동","8인세대","","1","1","1","1","1",
"창신1동","9인세대","","-","-","0","0","-",
"창신1동","10인세대 이상","","-","-","0","0","-",
"창신2동","전체세대","","3907","3905","3894","3893","3893",
"창신2동","1인세대","","2024","2032","2031","2047","2047",
"창신2동","2인세대","","949","957","952","935","935",
"창신2동","3인세대","","518","507","512","513","513",
"창신2동","4인세대","","313","307","297","302","302",
"창신2동","5인세대","","74","73","75","70","70",
"창신2동","6인세대","","26","26","24","24","24",
"창신2동","7인세대","","-","-","1","0","-",
"창신2동","8인세대","","3","3","2","2","2",
"창신2동","9인세대","","-","-","0","0","-",
"창신2동","10인세대 이상","","-","-","0","0","-",
"창신3동","전체세대","","2746","2755","2744","2738","2738",
"창신3동","1인세대","","944","949","958","956","956",
"창신3동","2인세대","","761","773","766","771","771",
"창신3동","3인세대","","571","567","557","554","554",
"창신3동","4인세대","","350","349","356","345","345",
"창신3동","5인세대","","99","95","82","89","89",
"창신3동","6인세대","","16","18","19","19","19",
"창신3동","7인세대","","5","4","5","3","3",
"창신3동","8인세대","","-","-","1","1","1",
"창신3동","9인세대","","-","-","0","0","-",
"창신3동","10인세대 이상","","-","-","0","0","-",
"숭인1동","전체세대","","3010","3016","3015","3003","3003",
"숭인1동","1인세대","","1519","1521","1527","1521","1521",
"숭인1동","2인세대","","725","724","721","712","712",
"숭인1동","3인세대","","409","414","416","417","417",
"숭인1동","4인세대","","269","271","269","274","274",
"숭인1동","5인세대","","66","64","59","58","58",
"숭인1동","6인세대","","19","21","22","19","19",
"숭인1동","7인세대","","2","-","0","0","-",
"숭인1동","8인세대","","1","1","1","1","1",
"숭인1동","9인세대","","-","-","0","1","1",
"숭인1동","10인세대 이상","","-","-","0","0","-",
"숭인2동","전체세대","","6980","7047","7047","7033","7033",
"숭인2동","1인세대","","5074","5121","5118","5102","5102",
"숭인2동","2인세대","","1060","1066","1076","1089","1089",
"숭인2동","3인세대","","498","503","502","494","494",
"숭인2동","4인세대","","279","282","276","278","278",
"숭인2동","5인세대","","54","61","62","58","58",
"숭인2동","6인세대","","13","12","12","11","11",
"숭인2동","7인세대","","2","2","1","1","1",
"숭인2동","8인세대","","-","-","0","0","-",
"숭인2동","9인세대","","-","-","0","0","-",
"숭인2동","10인세대 이상","","-","-","0","0","-",
"중구","전체세대","","64863","64490","64259","63817","63817",
"중구","1인세대","","35059","34850","34729","34372","34372",
"중구","2인세대","","14351","14306","14358","14351","14351",
"중구","3인세대","","8593","8547","8455","8422","8422",
"중구","4인세대","","5186","5130","5106","5060","5060",
"중구","5인세대","","1227","1215","1178","1184","1184",
"중구","6인세대","","325","320","316","308","308",
"중구","7인세대","","78","79","76","78","78",
"중구","8인세대","","22","22","24","24","24",
"중구","9인세대","","9","9","7","8","8",
"중구","10인세대 이상","","13","12","10","10","10",
"소공동","전체세대","","1244","1247","1236","1236","1236",
"소공동","1인세대","","751","751","741","741","741",
"소공동","2인세대","","237","242","233","220","220",
"소공동","3인세대","","154","150","151","167","167",
"소공동","4인세대","","82","85","93","90","90",
"소공동","5인세대","","12","12","10","11","11",
"소공동","6인세대","","4","3","4","3","3",
"소공동","7인세대","","3","3","3","3","3",
"소공동","8인세대","","-","-","0","0","-",
"소공동","9인세대","","-","-","0","0","-",
"소공동","10인세대 이상","","1","1","1","1","1",
"회현동","전체세대","","2486","2472","2436","2323","2323",
"회현동","1인세대","","1512","1516","1481","1371","1371",
"회현동","2인세대","","449","430","442","443","443",
"회현동","3인세대","","301","299","292","291","291",
"회현동","4인세대","","162","162","160","156","156",
"회현동","5인세대","","41","44","39","41","41",
"회현동","6인세대","","14","14","14","13","13",
"회현동","7인세대","","4","4","5","5","5",
"회현동","8인세대","","2","3","3","3","3",
"회현동","9인세대","","1","-","0","0","-",
"회현동","10인세대 이상","","-","-","0","0","-",
"명동","전체세대","","1335","1332","1335","1302","1302",
"명동","1인세대","","928","928","929","896","896",
"명동","2인세대","","207","205","212","215","215",
"명동","3인세대","","106","107","109","105","105",
"명동","4인세대","","74","72","65","66","66",
"명동","5인세대","","10","11","11","12","12",
"명동","6인세대","","5","4","5","4","4",
"명동","7인세대","","1","1","1","2","2",
"명동","8인세대","","1","1","1","0","-",
"명동","9인세대","","2","2","1","1","1",
"명동","10인세대 이상","","1","1","1","1","1",
"필동","전체세대","","2815","2812","2820","2798","2798",
"필동","1인세대","","1944","1944","1952","1926","1926",
"필동","2인세대","","478","482","487","485","485",
"필동","3인세대","","211","213","214","225","225",
"필동","4인세대","","134","128","128","123","123",
"필동","5인세대","","37","35","29","29","29",
"필동","6인세대","","7","5","6","7","7",
"필동","7인세대","","2","3","2","1","1",
"필동","8인세대","","1","1","1","1","1",
"필동","9인세대","","-","-","0","0","-",
"필동","10인세대 이상","","1","1","1","1","1",
"장충동","전체세대","","2918","2933","2946","2893","2893",
"장충동","1인세대","","2021","2029","2040","1994","1994",
"장충동","2인세대","","448","454","464","458","458",
"장충동","3인세대","","235","237","225","226","226",
"장충동","4인세대","","150","150","155","157","157",
"장충동","5인세대","","44","46","44","43","43",
"장충동","6인세대","","16","13","16","13","13",
"장충동","7인세대","","1","2","0","0","-",
"장충동","8인세대","","-","-","0","0","-",
"장충동","9인세대","","1","-","0","0","-",
"장충동","10인세대 이상","","2","2","2","2","2",
"광희동","전체세대","","3970","3976","3958","3933","3933",
"광희동","1인세대","","2934","2936","2923","2907","2907",
"광희동","2인세대","","579","590","590","574","574",
"광희동","3인세대","","272","264","257","263","263",
"광희동","4인세대","","128","131","132","132","132",
"광희동","5인세대","","39","36","38","38","38",
"광희동","6인세대","","13","14","13","14","14",
"광희동","7인세대","","2","2","2","2","2",
"광희동","8인세대","","3","3","3","3","3",
"광희동","9인세대","","-","-","0","0","-",
"광희동","10인세대 이상","","-","-","0","0","-",
"을지로동","전체세대","","2110","2067","2058","2048","2048",
"을지로동","1인세대","","1484","1450","1448","1439","1439",
"을지로동","2인세대","","398","391","380","372","372",
"을지로동","3인세대","","142","145","146","153","153",
"을지로동","4인세대","","68","63","65","65","65",
"을지로동","5인세대","","14","14","16","16","16",
"을지로동","6인세대","","3","3","3","3","3",
"을지로동","7인세대","","1","1","0","0","-",
"을지로동","8인세대","","-","-","0","0","-",
"을지로동","9인세대","","-","-","0","0","-",
"을지로동","10인세대 이상","","-","-","0","0","-",
"신당동","전체세대","","4681","4707","4731","4734","4734",
"신당동","1인세대","","3129","3133","3158","3161","3161",
"신당동","2인세대","","860","882","888","884","884",
"신당동","3인세대","","395","400","392","395","395",
"신당동","4인세대","","211","209","210","209","209",
"신당동","5인세대","","55","52","51","55","55",
"신당동","6인세대","","26","25","25","22","22",
"신당동","7인세대","","4","5","6","6","6",
"신당동","8인세대","","-","-","0","1","1",
"신당동","9인세대","","1","1","1","1","1",
"신당동","10인세대 이상","","-","-","0","0","-",
"다산동","전체세대","","6747","6748","6743","6743","6743",
"다산동","1인세대","","3341","3338","3335","3342","3342",
"다산동","2인세대","","1615","1605","1602","1617","1617",
"다산동","3인세대","","986","996","991","972","972",
"다산동","4인세대","","630","625","632","634","634",
"다산동","5인세대","","131","140","138","133","133",
"다산동","6인세대","","28","30","31","32","32",
"다산동","7인세대","","13","11","11","9","9",
"다산동","8인세대","","1","1","1","2","2",
"다산동","9인세대","","-","-","0","0","-",
"다산동","10인세대 이상","","2","2","2","2","2",
"약수동","전체세대","","7687","7709","7699","7682","7682",
"약수동","1인세대","","3205","3222","3233","3213","3213",
"약수동","2인세대","","2148","2158","2183","2197","2197",
"약수동","3인세대","","1333","1327","1299","1285","1285",
"약수동","4인세대","","769","778","761","759","759",
"약수동","5인세대","","162","151","151","152","152",
"약수동","6인세대","","47","50","50","54","54",
"약수동","7인세대","","18","18","17","17","17",
"약수동","8인세대","","2","2","2","1","1",
"약수동","9인세대","","2","2","2","3","3",
"약수동","10인세대 이상","","1","1","1","1","1",
"청구동","전체세대","","5650","5241","5115","5054","5054",
"청구동","1인세대","","2319","2105","2031","1986","1986",
"청구동","2인세대","","1535","1452","1441","1437","1437",
"청구동","3인세대","","964","906","887","869","869",
"청구동","4인세대","","630","594","583","589","589",
"청구동","5인세대","","157","144","136","137","137",
"청구동","6인세대","","37","30","28","27","27",
"청구동","7인세대","","6","7","7","7","7",
"청구동","8인세대","","-","1","1","1","1",
"청구동","9인세대","","1","1","1","1","1",
"청구동","10인세대 이상","","1","1","0","0","-",
"신당5동","전체세대","","5416","5420","5411","5410","5410",
"신당5동","1인세대","","2815","2833","2847","2868","2868",
"신당5동","2인세대","","1297","1282","1270","1258","1258",
"신당5동","3인세대","","731","732","726","729","729",
"신당5동","4인세대","","443","447","447","438","438",
"신당5동","5인세대","","99","99","99","95","95",
"신당5동","6인세대","","23","19","14","15","15",
"신당5동","7인세대","","6","7","7","6","6",
"신당5동","8인세대","","1","-","0","0","-",
"신당5동","9인세대","","-","1","1","1","1",
"신당5동","10인세대 이상","","1","-","0","0","-",
"동화동","전체세대","","3986","3987","3977","3953","3953",
"동화동","1인세대","","1145","1144","1138","1120","1120",
"동화동","2인세대","","1068","1078","1088","1099","1099",
"동화동","3인세대","","889","879","877","877","877",
"동화동","4인세대","","640","632","631","614","614",
"동화동","5인세대","","177","180","171","174","174",
"동화동","6인세대","","46","54","53","48","48",
"동화동","7인세대","","11","10","9","11","11",
"동화동","8인세대","","8","7","9","9","9",
"동화동","9인세대","","1","2","1","1","1",
"동화동","10인세대 이상","","1","1","0","0","-",
"황학동","전체세대","","7884","7890","7878","7862","7862",
"황학동","1인세대","","4793","4772","4756","4733","4733",
"황학동","2인세대","","1693","1714","1726","1744","1744",
"황학동","3인세대","","821","826","823","811","811",
"황학동","4인세대","","451","448","450","442","442",
"황학동","5인세대","","103","105","98","106","106",
"황학동","6인세대","","19","21","21","21","21",
"황학동","7인세대","","3","3","3","4","4",
"황학동","8인세대","","-","-","0","0","-",
"황학동","9인세대","","-","-","0","0","-",
"황학동","10인세대 이상","","1","1","1","1","1",
"중림동","전체세대","","5934","5949","5916","5846","5846",
"중림동","1인세대","","2738","2749","2717","2675","2675",
"중림동","2인세대","","1339","1341","1352","1348","1348",
"중림동","3인세대","","1053","1066","1066","1054","1054",
"중림동","4인세대","","614","606","594","586","586",
"중림동","5인세대","","146","146","147","142","142",
"중림동","6인세대","","37","35","33","32","32",
"중림동","7인세대","","3","2","3","5","5",
"중림동","8인세대","","3","3","3","3","3",
"중림동","9인세대","","-","-","0","0","-",
"중림동","10인세대 이상","","1","1","1","1","1",
"용산구","전체세대","","103236","103235","103187","102959","102959",
"용산구","1인세대","","51224","51255","51289","51171","51171",
"용산구","2인세대","","22787","22851","22910","22948","22948",
"용산구","3인세대","","15377","15408","15445","15461","15461",
"용산구","4인세대","","10451","10338","10214","10096","10096",
"용산구","5인세대","","2526","2518","2461","2444","2444",
"용산구","6인세대","","625","615","606","584","584",
"용산구","7인세대","","145","147","160","157","157",
"용산구","8인세대","","58","61","62","58","58",
"용산구","9인세대","","21","22","20","22","22",
"용산구","10인세대 이상","","22","20","20","18","18",
"후암동","전체세대","","8275","8285","8281","8272","8272",
"후암동","1인세대","","4346","4337","4348","4348","4348",
"후암동","2인세대","","1792","1809","1819","1832","1832",
"후암동","3인세대","","1157","1171","1165","1145","1145",
"후암동","4인세대","","731","723","713","707","707",
"후암동","5인세대","","183","181","171","179","179",
"후암동","6인세대","","40","38","38","37","37",
"후암동","7인세대","","18","18","19","17","17",
"후암동","8인세대","","4","3","3","2","2",
"후암동","9인세대","","1","2","2","2","2",
"후암동","10인세대 이상","","3","3","3","3","3",
"용산2가동","전체세대","","4999","5011","5001","4985","4985",
"용산2가동","1인세대","","2859","2883","2911","2902","2902",
"용산2가동","2인세대","","1187","1187","1155","1161","1161",
"용산2가동","3인세대","","542","536","538","530","530",
"용산2가동","4인세대","","312","307","308","304","304",
"용산2가동","5인세대","","78","78","68","64","64",
"용산2가동","6인세대","","16","15","16","20","20",
"용산2가동","7인세대","","5","5","5","4","4",
"용산2가동","8인세대","","-","-","0","0","-",
"용산2가동","9인세대","","-","-","0","0","-",
"용산2가동","10인세대 이상","","-","-","0","0","-",
"남영동","전체세대","","4809","4813","4946","5001","5001",
"남영동","1인세대","","3705","3695","3752","3802","3802",
"남영동","2인세대","","593","615","689","688","688",
"남영동","3인세대","","294","284","288","300","300",
"남영동","4인세대","","156","158","152","152","152",
"남영동","5인세대","","51","52","53","49","49",
"남영동","6인세대","","8","7","9","8","8",
"남영동","7인세대","","1","1","2","1","1",
"남영동","8인세대","","-","-","0","0","-",
"남영동","9인세대","","-","-","0","0","-",
"남영동","10인세대 이상","","1","1","1","1","1",
"청파동","전체세대","","11187","11206","11319","11348","11348",
"청파동","1인세대","","7231","7260","7369","7412","7412",
"청파동","2인세대","","2026","2030","2056","2055","2055",
"청파동","3인세대","","1063","1052","1034","1021","1021",
"청파동","4인세대","","629","628","627","623","623",
"청파동","5인세대","","177","180","173","175","175",
"청파동","6인세대","","48","43","41","44","44",
"청파동","7인세대","","6","7","13","13","13",
"청파동","8인세대","","4","3","3","2","2",
"청파동","9인세대","","-","-","0","0","-",
"청파동","10인세대 이상","","3","3","3","3","3",
"원효로1동","전체세대","","9398","9406","9385","9367","9367",
"원효로1동","1인세대","","5309","5283","5244","5252","5252",
"원효로1동","2인세대","","1842","1866","1893","1873","1873",
"원효로1동","3인세대","","1208","1221","1224","1225","1225",
"원효로1동","4인세대","","814","809","810","809","809",
"원효로1동","5인세대","","175","174","164","161","161",
"원효로1동","6인세대","","32","33","32","32","32",
"원효로1동","7인세대","","7","10","8","6","6",
"원효로1동","8인세대","","7","6","6","6","6",
"원효로1동","9인세대","","1","1","1","1","1",
"원효로1동","10인세대 이상","","3","3","3","2","2",
"원효로2동","전체세대","","6271","6292","6273","6280","6280",
"원효로2동","1인세대","","2625","2645","2648","2652","2652",
"원효로2동","2인세대","","1468","1483","1470","1482","1482",
"원효로2동","3인세대","","1130","1140","1149","1159","1159",
"원효로2동","4인세대","","801","778","770","755","755",
"원효로2동","5인세대","","181","173","167","167","167",
"원효로2동","6인세대","","43","48","43","42","42",
"원효로2동","7인세대","","11","12","14","11","11",
"원효로2동","8인세대","","6","7","6","7","7",
"원효로2동","9인세대","","3","3","3","3","3",
"원효로2동","10인세대 이상","","3","3","3","2","2",
"효창동","전체세대","","4718","4691","4703","4696","4696",
"효창동","1인세대","","1769","1777","1801","1780","1780",
"효창동","2인세대","","1234","1216","1206","1215","1215",
"효창동","3인세대","","869","876","893","910","910",
"효창동","4인세대","","649","624","606","585","585",
"효창동","5인세대","","139","140","140","152","152",
"효창동","6인세대","","44","44","42","40","40",
"효창동","7인세대","","7","8","9","8","8",
"효창동","8인세대","","1","1","2","2","2",
"효창동","9인세대","","5","4","3","3","3",
"효창동","10인세대 이상","","1","1","1","1","1",
"용문동","전체세대","","5273","5280","5302","5292","5292",
"용문동","1인세대","","2161","2184","2216","2207","2207",
"용문동","2인세대","","1378","1367","1378","1390","1390",
"용문동","3인세대","","959","957","953","949","949",
"용문동","4인세대","","588","583","572","573","573",
"용문동","5인세대","","149","154","143","135","135",
"용문동","6인세대","","28","26","29","28","28",
"용문동","7인세대","","4","2","3","4","4",
"용문동","8인세대","","4","5","6","4","4",
"용문동","9인세대","","-","-","0","0","-",
"용문동","10인세대 이상","","2","2","2","2","2",
"한강로동","전체세대","","11213","11303","11259","11226","11226",
"한강로동","1인세대","","6058","6063","6052","6056","6056",
"한강로동","2인세대","","2338","2374","2327","2310","2310",
"한강로동","3인세대","","1561","1602","1616","1618","1618",
"한강로동","4인세대","","990","990","990","969","969",
"한강로동","5인세대","","190","194","190","193","193",
"한강로동","6인세대","","53","54","58","52","52",
"한강로동","7인세대","","12","15","15","18","18",
"한강로동","8인세대","","9","11","10","10","10",
"한강로동","9인세대","","1","-","1","0","-",
"한강로동","10인세대 이상","","1","-","0","0","-",
"이촌1동","전체세대","","9104","9103","9096","9114","9114",
"이촌1동","1인세대","","1773","1772","1734","1747","1747",
"이촌1동","2인세대","","2260","2261","2274","2286","2286",
"이촌1동","3인세대","","2452","2464","2504","2523","2523",
"이촌1동","4인세대","","2018","2012","1989","1987","1987",
"이촌1동","5인세대","","451","441","437","414","414",
"이촌1동","6인세대","","107","113","118","115","115",
"이촌1동","7인세대","","25","23","24","25","25",
"이촌1동","8인세대","","8","8","9","10","10",
"이촌1동","9인세대","","7","7","5","5","5",
"이촌1동","10인세대 이상","","3","2","2","2","2",
"이촌2동","전체세대","","3563","3582","3560","3570","3570",
"이촌2동","1인세대","","1319","1323","1310","1323","1323",
"이촌2동","2인세대","","1040","1052","1048","1029","1029",
"이촌2동","3인세대","","672","683","675","692","692",
"이촌2동","4인세대","","399","393","397","398","398",
"이촌2동","5인세대","","100","97","97","94","94",
"이촌2동","6인세대","","25","26","25","25","25",
"이촌2동","7인세대","","7","6","5","6","6",
"이촌2동","8인세대","","1","1","2","1","1",
"이촌2동","9인세대","","-","1","1","2","2",
"이촌2동","10인세대 이상","","-","-","0","0","-",
"이태원1동","전체세대","","3416","3426","3392","3368","3368",
"이태원1동","1인세대","","1923","1934","1905","1897","1897",
"이태원1동","2인세대","","801","803","802","806","806",
"이태원1동","3인세대","","391","390","391","372","372",
"이태원1동","4인세대","","219","215","214","214","214",
"이태원1동","5인세대","","62","64","61","61","61",
"이태원1동","6인세대","","17","17","15","14","14",
"이태원1동","7인세대","","3","3","4","4","4",
"이태원1동","8인세대","","-","-","0","0","-",
"이태원1동","9인세대","","-","-","0","0","-",
"이태원1동","10인세대 이상","","-","-","0","0","-",
"이태원2동","전체세대","","4764","4730","4726","4673","4673",
"이태원2동","1인세대","","2660","2646","2635","2589","2589",
"이태원2동","2인세대","","1090","1068","1087","1087","1087",
"이태원2동","3인세대","","571","577","564","570","570",
"이태원2동","4인세대","","318","321","320","304","304",
"이태원2동","5인세대","","89","85","87","93","93",
"이태원2동","6인세대","","27","23","22","19","19",
"이태원2동","7인세대","","7","7","8","8","8",
"이태원2동","8인세대","","1","2","2","2","2",
"이태원2동","9인세대","","-","-","0","0","-",
"이태원2동","10인세대 이상","","1","1","1","1","1",
"한남동","전체세대","","7113","7067","7013","6977","6977",
"한남동","1인세대","","3540","3508","3467","3411","3411",
"한남동","2인세대","","1588","1600","1610","1649","1649",
"한남동","3인세대","","1054","1037","1030","1025","1025",
"한남동","4인세대","","662","659","646","637","637",
"한남동","5인세대","","185","184","190","187","187",
"한남동","6인세대","","59","53","46","43","43",
"한남동","7인세대","","15","16","15","16","16",
"한남동","8인세대","","6","5","4","4","4",
"한남동","9인세대","","3","4","4","4","4",
"한남동","10인세대 이상","","1","1","1","1","1",
"서빙고동","전체세대","","5086","5053","5022","4999","4999",
"서빙고동","1인세대","","1676","1693","1691","1676","1676",
"서빙고동","2인세대","","1225","1218","1213","1219","1219",
"서빙고동","3인세대","","943","921","926","932","932",
"서빙고동","4인세대","","903","878","850","833","833",
"서빙고동","5인세대","","260","267","267","265","265",
"서빙고동","6인세대","","58","56","54","51","51",
"서빙고동","7인세대","","14","12","13","14","14",
"서빙고동","8인세대","","7","8","8","7","7",
"서빙고동","9인세대","","-","-","0","2","2",
"서빙고동","10인세대 이상","","-","-","0","0","-",
"보광동","전체세대","","4047","3987","3909","3791","3791",
"보광동","1인세대","","2270","2252","2206","2117","2117",
"보광동","2인세대","","925","902","883","866","866",
"보광동","3인세대","","511","497","495","490","490",
"보광동","4인세대","","262","260","250","246","246",
"보광동","5인세대","","56","54","53","55","55",
"보광동","6인세대","","20","19","18","14","14",
"보광동","7인세대","","3","2","3","2","2",
"보광동","8인세대","","-","1","1","1","1",
"보광동","9인세대","","-","-","0","0","-",
"보광동","10인세대 이상","","-","-","0","0","-",
"성동구","전체세대","","132253","132209","132994","133173","133173",
"성동구","1인세대","","58676","58511","58806","58634","58634",
"성동구","2인세대","","30903","31211","31764","32078","32078",
"성동구","3인세대","","23077","23063","23154","23286","23286",
"성동구","4인세대","","15502","15394","15281","15236","15236",
"성동구","5인세대","","3123","3049","3025","2980","2980",
"성동구","6인세대","","745","751","732","729","729",
"성동구","7인세대","","159","157","160","161","161",
"성동구","8인세대","","48","50","49","48","48",
"성동구","9인세대","","12","16","16","15","15",
"성동구","10인세대 이상","","8","7","7","6","6",
"왕십리2동","전체세대","","7360","7374","7324","7311","7311",
"왕십리2동","1인세대","","2997","3006","2973","2939","2939",
"왕십리2동","2인세대","","1798","1809","1822","1827","1827",
"왕십리2동","3인세대","","1355","1369","1364","1383","1383",
"왕십리2동","4인세대","","943","928","910","906","906",
"왕십리2동","5인세대","","191","186","182","182","182",
"왕십리2동","6인세대","","61","62","58","58","58",
"왕십리2동","7인세대","","9","9","10","13","13",
"왕십리2동","8인세대","","5","3","3","1","1",
"왕십리2동","9인세대","","-","1","1","1","1",
"왕십리2동","10인세대 이상","","1","1","1","1","1",
"왕십리도선동","전체세대","","12126","12033","12025","11982","11982",
"왕십리도선동","1인세대","","5122","5078","5095","5091","5091",
"왕십리도선동","2인세대","","2729","2722","2735","2727","2727",
"왕십리도선동","3인세대","","2264","2265","2243","2227","2227",
"왕십리도선동","4인세대","","1582","1552","1539","1517","1517",
"왕십리도선동","5인세대","","328","311","308","311","311",
"왕십리도선동","6인세대","","78","78","77","82","82",
"왕십리도선동","7인세대","","18","22","20","19","19",
"왕십리도선동","8인세대","","4","4","6","6","6",
"왕십리도선동","9인세대","","1","1","1","2","2",
"왕십리도선동","10인세대 이상","","-","-","1","0","-",
"마장동","전체세대","","10845","10865","10975","11014","11014",
"마장동","1인세대","","5373","5370","5488","5506","5506",
"마장동","2인세대","","2396","2414","2466","2518","2518",
"마장동","3인세대","","1612","1604","1550","1543","1543",
"마장동","4인세대","","1118","1139","1124","1106","1106",
"마장동","5인세대","","251","244","252","248","248",
"마장동","6인세대","","73","72","71","69","69",
"마장동","7인세대","","11","12","14","15","15",
"마장동","8인세대","","5","4","4","3","3",
"마장동","9인세대","","2","2","2","2","2",
"마장동","10인세대 이상","","4","4","4","4","4",
"사근동","전체세대","","8339","8354","8398","8278","8278",
"사근동","1인세대","","6348","6356","6404","6279","6279",
"사근동","2인세대","","955","963","971","975","975",
"사근동","3인세대","","516","519","516","520","520",
"사근동","4인세대","","404","399","397","392","392",
"사근동","5인세대","","89","89","84","87","87",
"사근동","6인세대","","18","19","19","19","19",
"사근동","7인세대","","8","7","5","4","4",
"사근동","8인세대","","1","2","2","2","2",
"사근동","9인세대","","-","-","0","0","-",
"사근동","10인세대 이상","","-","-","0","0","-",
"행당1동","전체세대","","6506","6470","7078","7252","7252",
"행당1동","1인세대","","2852","2828","3022","3015","3015",
"행당1동","2인세대","","1443","1450","1631","1725","1725",
"행당1동","3인세대","","1165","1172","1305","1352","1352",
"행당1동","4인세대","","832","809","902","932","932",
"행당1동","5인세대","","163","161","172","181","181",
"행당1동","6인세대","","36","32","29","31","31",
"행당1동","7인세대","","10","11","12","12","12",
"행당1동","8인세대","","3","4","3","3","3",
"행당1동","9인세대","","2","3","2","1","1",
"행당1동","10인세대 이상","","-","-","0","0","-",
"행당2동","전체세대","","9157","9158","9135","9131","9131",
"행당2동","1인세대","","2441","2439","2411","2393","2393",
"행당2동","2인세대","","2541","2574","2612","2612","2612",
"행당2동","3인세대","","2191","2169","2179","2196","2196",
"행당2동","4인세대","","1596","1582","1546","1552","1552",
"행당2동","5인세대","","301","310","302","296","296",
"행당2동","6인세대","","66","65","62","62","62",
"행당2동","7인세대","","17","15","18","15","15",
"행당2동","8인세대","","2","2","3","3","3",
"행당2동","9인세대","","1","2","2","2","2",
"행당2동","10인세대 이상","","1","-","0","0","-",
"응봉동","전체세대","","5899","5882","5845","5856","5856",
"응봉동","1인세대","","1620","1623","1607","1607","1607",
"응봉동","2인세대","","1508","1505","1508","1522","1522",
"응봉동","3인세대","","1403","1401","1405","1416","1416",
"응봉동","4인세대","","1110","1098","1070","1072","1072",
"응봉동","5인세대","","213","212","212","200","200",
"응봉동","6인세대","","36","37","35","32","32",
"응봉동","7인세대","","5","2","4","3","3",
"응봉동","8인세대","","3","3","3","3","3",
"응봉동","9인세대","","1","1","1","1","1",
"응봉동","10인세대 이상","","-","-","0","0","-",
"금호1가동","전체세대","","6420","6400","6372","6359","6359",
"금호1가동","1인세대","","2231","2225","2213","2204","2204",
"금호1가동","2인세대","","1698","1707","1729","1720","1720",
"금호1가동","3인세대","","1386","1381","1365","1380","1380",
"금호1가동","4인세대","","877","860","849","844","844",
"금호1가동","5인세대","","173","174","167","163","163",
"금호1가동","6인세대","","42","38","36","37","37",
"금호1가동","7인세대","","9","11","10","9","9",
"금호1가동","8인세대","","2","2","2","1","1",
"금호1가동","9인세대","","2","2","1","1","1",
"금호1가동","10인세대 이상","","-","-","0","0","-",
"금호2.3가동","전체세대","","9434","9389","9372","9357","9357",
"금호2.3가동","1인세대","","3419","3383","3378","3373","3373",
"금호2.3가동","2인세대","","2537","2553","2565","2576","2576",
"금호2.3가동","3인세대","","1971","1944","1948","1960","1960",
"금호2.3가동","4인세대","","1200","1212","1187","1164","1164",
"금호2.3가동","5인세대","","247","235","230","219","219",
"금호2.3가동","6인세대","","42","46","49","48","48",
"금호2.3가동","7인세대","","13","12","12","14","14",
"금호2.3가동","8인세대","","5","4","3","3","3",
"금호2.3가동","9인세대","","-","-","0","0","-",
"금호2.3가동","10인세대 이상","","-","-","0","0","-",
"금호4가동","전체세대","","6377","6374","6335","6322","6322",
"금호4가동","1인세대","","2344","2327","2290","2279","2279",
"금호4가동","2인세대","","1687","1697","1708","1729","1729",
"금호4가동","3인세대","","1352","1360","1362","1361","1361",
"금호4가동","4인세대","","797","805","791","775","775",
"금호4가동","5인세대","","147","133","133","130","130",
"금호4가동","6인세대","","41","41","41","39","39",
"금호4가동","7인세대","","7","9","8","7","7",
"금호4가동","8인세대","","2","2","2","2","2",
"금호4가동","9인세대","","-","-","0","0","-",
"금호4가동","10인세대 이상","","-","-","0","0","-",
"옥수동","전체세대","","10673","10664","10665","10664","10664",
"옥수동","1인세대","","3110","3087","3110","3092","3092",
"옥수동","2인세대","","3077","3090","3118","3133","3133",
"옥수동","3인세대","","2565","2581","2552","2557","2557",
"옥수동","4인세대","","1507","1494","1490","1490","1490",
"옥수동","5인세대","","318","313","302","297","297",
"옥수동","6인세대","","71","73","72","72","72",
"옥수동","7인세대","","19","17","14","15","15",
"옥수동","8인세대","","2","5","3","4","4",
"옥수동","9인세대","","3","3","3","3","3",
"옥수동","10인세대 이상","","1","1","1","1","1",
"성수1가1동","전체세대","","7341","7341","7316","7288","7288",
"성수1가1동","1인세대","","3230","3217","3199","3187","3187",
"성수1가1동","2인세대","","1803","1822","1831","1840","1840",
"성수1가1동","3인세대","","1261","1280","1282","1272","1272",
"성수1가1동","4인세대","","839","821","805","794","794",
"성수1가1동","5인세대","","156","144","143","140","140",
"성수1가1동","6인세대","","43","45","46","44","44",
"성수1가1동","7인세대","","3","5","4","5","5",
"성수1가1동","8인세대","","6","7","6","6","6",
"성수1가1동","9인세대","","-","-","0","0","-",
"성수1가1동","10인세대 이상","","-","-","0","0","-",
"성수1가2동","전체세대","","6271","6493","6544","6709","6709",
"성수1가2동","1인세대","","2842","2929","2933","3014","3014",
"성수1가2동","2인세대","","1508","1581","1644","1683","1683",
"성수1가2동","3인세대","","1055","1097","1098","1124","1124",
"성수1가2동","4인세대","","703","715","698","712","712",
"성수1가2동","5인세대","","123","128","128","128","128",
"성수1가2동","6인세대","","30","32","32","34","34",
"성수1가2동","7인세대","","8","8","7","9","9",
"성수1가2동","8인세대","","2","2","3","4","4",
"성수1가2동","9인세대","","-","1","1","1","1",
"성수1가2동","10인세대 이상","","-","-","0","0","-",
"성수2가1동","전체세대","","7424","7371","7306","7298","7298",
"성수2가1동","1인세대","","3794","3757","3741","3738","3738",
"성수2가1동","2인세대","","1735","1770","1735","1748","1748",
"성수2가1동","3인세대","","1053","1014","1012","1001","1001",
"성수2가1동","4인세대","","672","670","653","653","653",
"성수2가1동","5인세대","","123","114","121","117","117",
"성수2가1동","6인세대","","37","38","35","32","32",
"성수2가1동","7인세대","","8","6","7","6","6",
"성수2가1동","8인세대","","2","2","2","3","3",
"성수2가1동","9인세대","","-","-","0","0","-",
"성수2가1동","10인세대 이상","","-","-","0","0","-",
"성수2가3동","전체세대","","4999","4963","4991","4988","4988",
"성수2가3동","1인세대","","2608","2578","2622","2621","2621",
"성수2가3동","2인세대","","1060","1061","1049","1066","1066",
"성수2가3동","3인세대","","671","667","669","656","656",
"성수2가3동","4인세대","","504","502","497","490","490",
"성수2가3동","5인세대","","117","117","112","113","113",
"성수2가3동","6인세대","","31","31","34","33","33",
"성수2가3동","7인세대","","7","6","7","8","8",
"성수2가3동","8인세대","","1","1","1","1","1",
"성수2가3동","9인세대","","-","-","0","0","-",
"성수2가3동","10인세대 이상","","-","-","0","0","-",
"송정동","전체세대","","5242","5210","5186","5121","5121",
"송정동","1인세대","","2951","2940","2920","2890","2890",
"송정동","2인세대","","1108","1107","1118","1100","1100",
"송정동","3인세대","","641","635","634","623","623",
"송정동","4인세대","","426","415","405","410","410",
"송정동","5인세대","","95","92","88","78","78",
"송정동","6인세대","","17","18","16","15","15",
"송정동","7인세대","","3","2","3","3","3",
"송정동","8인세대","","1","1","2","2","2",
"송정동","9인세대","","-","-","0","0","-",
"송정동","10인세대 이상","","-","-","0","0","-",
"용답동","전체세대","","7840","7868","8127","8243","8243",
"용답동","1인세대","","5394","5368","5400","5406","5406",
"용답동","2인세대","","1320","1386","1522","1577","1577",
"용답동","3인세대","","616","605","670","715","715",
"용답동","4인세대","","392","393","418","427","427",
"용답동","5인세대","","88","86","89","90","90",
"용답동","6인세대","","23","24","20","22","22",
"용답동","7인세대","","4","3","5","4","4",
"용답동","8인세대","","2","2","1","1","1",
"용답동","9인세대","","-","-","2","1","1",
"용답동","10인세대 이상","","1","1","0","0","-",
"광진구","전체세대","","170639","171520","171265","171133","171133",
"광진구","1인세대","","86629","87053","86924","87026","87026",
"광진구","2인세대","","35871","36335","36546","36582","36582",
"광진구","3인세대","","25283","25380","25337","25298","25298",
"광진구","4인세대","","18103","18044","17778","17587","17587",
"광진구","5인세대","","3640","3611","3583","3546","3546",
"광진구","6인세대","","816","801","796","789","789",
"광진구","7인세대","","216","214","215","218","218",
"광진구","8인세대","","57","59","57","56","56",
"광진구","9인세대","","11","10","15","18","18",
"광진구","10인세대 이상","","13","13","14","13","13",
"화양동","전체세대","","18195","18176","18104","17996","17996",
"화양동","1인세대","","15124","15092","15042","14975","14975",
"화양동","2인세대","","1915","1930","1924","1890","1890",
"화양동","3인세대","","666","667","659","656","656",
"화양동","4인세대","","389","384","379","379","379",
"화양동","5인세대","","74","73","71","69","69",
"화양동","6인세대","","21","24","23","21","21",
"화양동","7인세대","","5","5","5","5","5",
"화양동","8인세대","","-","-","0","0","-",
"화양동","9인세대","","-","-","0","0","-",
"화양동","10인세대 이상","","1","1","1","1","1",
"군자동","전체세대","","11258","11256","11213","11147","11147",
"군자동","1인세대","","7130","7123","7073","7022","7022",
"군자동","2인세대","","2039","2055","2085","2084","2084",
"군자동","3인세대","","1198","1196","1177","1179","1179",
"군자동","4인세대","","693","695","687","666","666",
"군자동","5인세대","","142","135","134","136","136",
"군자동","6인세대","","35","34","37","39","39",
"군자동","7인세대","","15","13","15","16","16",
"군자동","8인세대","","5","4","4","3","3",
"군자동","9인세대","","1","1","1","2","2",
"군자동","10인세대 이상","","-","-","0","0","-",
"중곡1동","전체세대","","8662","8665","8607","8631","8631",
"중곡1동","1인세대","","4993","4994","4941","4991","4991",
"중곡1동","2인세대","","1916","1927","1961","1961","1961",
"중곡1동","3인세대","","1020","1017","992","978","978",
"중곡1동","4인세대","","571","563","544","531","531",
"중곡1동","5인세대","","127","129","133","136","136",
"중곡1동","6인세대","","27","26","26","24","24",
"중곡1동","7인세대","","8","8","10","10","10",
"중곡1동","8인세대","","-","1","0","0","-",
"중곡1동","9인세대","","-","-","0","0","-",
"중곡1동","10인세대 이상","","-","-","0","0","-",
"중곡2동","전체세대","","10538","10497","10492","10484","10484",
"중곡2동","1인세대","","5310","5311","5323","5337","5337",
"중곡2동","2인세대","","2492","2482","2488","2503","2503",
"중곡2동","3인세대","","1518","1516","1525","1498","1498",
"중곡2동","4인세대","","941","917","900","893","893",
"중곡2동","5인세대","","215","211","200","199","199",
"중곡2동","6인세대","","46","43","41","41","41",
"중곡2동","7인세대","","11","10","10","7","7",
"중곡2동","8인세대","","2","4","2","3","3",
"중곡2동","9인세대","","2","2","2","2","2",
"중곡2동","10인세대 이상","","1","1","1","1","1",
"중곡3동","전체세대","","8469","8450","8426","8414","8414",
"중곡3동","1인세대","","4534","4523","4496","4527","4527",
"중곡3동","2인세대","","2029","2027","2060","2035","2035",
"중곡3동","3인세대","","1085","1093","1065","1054","1054",
"중곡3동","4인세대","","640","629","628","621","621",
"중곡3동","5인세대","","147","145","151","149","149",
"중곡3동","6인세대","","24","24","18","21","21",
"중곡3동","7인세대","","9","8","7","6","6",
"중곡3동","8인세대","","1","1","1","1","1",
"중곡3동","9인세대","","-","-","0","0","-",
"중곡3동","10인세대 이상","","-","-","0","0","-",
"중곡4동","전체세대","","12999","12973","12953","13001","13001",
"중곡4동","1인세대","","5461","5441","5467","5563","5563",
"중곡4동","2인세대","","3394","3469","3458","3436","3436",
"중곡4동","3인세대","","2273","2238","2235","2236","2236",
"중곡4동","4인세대","","1447","1419","1387","1362","1362",
"중곡4동","5인세대","","310","297","299","297","297",
"중곡4동","6인세대","","85","80","80","77","77",
"중곡4동","7인세대","","24","23","21","23","23",
"중곡4동","8인세대","","3","4","3","4","4",
"중곡4동","9인세대","","1","1","2","2","2",
"중곡4동","10인세대 이상","","1","1","1","1","1",
"능동","전체세대","","6456","6442","6431","6446","6446",
"능동","1인세대","","3964","3952","3944","3949","3949",
"능동","2인세대","","1291","1310","1332","1337","1337",
"능동","3인세대","","655","648","627","630","630",
"능동","4인세대","","417","406","396","400","400",
"능동","5인세대","","89","85","88","87","87",
"능동","6인세대","","34","36","39","38","38",
"능동","7인세대","","6","5","5","5","5",
"능동","8인세대","","-","-","0","0","-",
"능동","9인세대","","-","-","0","0","-",
"능동","10인세대 이상","","-","-","0","0","-",
"광장동","전체세대","","11844","11783","11688","11676","11676",
"광장동","1인세대","","2337","2310","2304","2316","2316",
"광장동","2인세대","","2162","2165","2157","2163","2163",
"광장동","3인세대","","3309","3347","3311","3317","3317",
"광장동","4인세대","","3343","3285","3256","3217","3217",
"광장동","5인세대","","544","537","521","524","524",
"광장동","6인세대","","105","96","95","99","99",
"광장동","7인세대","","31","31","34","31","31",
"광장동","8인세대","","12","11","9","9","9",
"광장동","9인세대","","1","1","0","0","-",
"광장동","10인세대 이상","","-","-","1","0","-",
"자양1동","전체세대","","12135","12122","12109","12083","12083",
"자양1동","1인세대","","6838","6849","6822","6809","6809",
"자양1동","2인세대","","2580","2594","2627","2649","2649",
"자양1동","3인세대","","1453","1437","1438","1422","1422",
"자양1동","4인세대","","1011","995","970","954","954",
"자양1동","5인세대","","197","191","197","195","195",
"자양1동","6인세대","","37","37","38","38","38",
"자양1동","7인세대","","14","14","12","12","12",
"자양1동","8인세대","","4","4","4","3","3",
"자양1동","9인세대","","1","1","1","1","1",
"자양1동","10인세대 이상","","-","-","0","0","-",
"자양2동","전체세대","","11295","12062","12190","12217","12217",
"자양2동","1인세대","","4695","4888","4921","4878","4878",
"자양2동","2인세대","","2732","2932","2973","3043","3043",
"자양2동","3인세대","","2095","2242","2284","2302","2302",
"자양2동","4인세대","","1380","1565","1575","1571","1571",
"자양2동","5인세대","","304","345","341","326","326",
"자양2동","6인세대","","67","69","70","71","71",
"자양2동","7인세대","","17","17","18","19","19",
"자양2동","8인세대","","5","4","6","5","5",
"자양2동","9인세대","","-","-","2","2","2",
"자양2동","10인세대 이상","","-","-","0","0","-",
"자양3동","전체세대","","11001","10988","10935","10926","10926",
"자양3동","1인세대","","3278","3281","3241","3249","3249",
"자양3동","2인세대","","2718","2716","2719","2739","2739",
"자양3동","3인세대","","2501","2515","2518","2509","2509",
"자양3동","4인세대","","1996","1977","1960","1939","1939",
"자양3동","5인세대","","379","367","360","353","353",
"자양3동","6인세대","","88","91","97","92","92",
"자양3동","7인세대","","28","27","24","27","27",
"자양3동","8인세대","","11","12","12","13","13",
"자양3동","9인세대","","1","1","2","2","2",
"자양3동","10인세대 이상","","1","1","2","3","3",
"자양4동","전체세대","","11002","11346","11309","11307","11307",
"자양4동","1인세대","","6138","6448","6446","6460","6460",
"자양4동","2인세대","","2401","2440","2440","2445","2445",
"자양4동","3인세대","","1398","1406","1401","1405","1405",
"자양4동","4인세대","","854","836","806","789","789",
"자양4동","5인세대","","161","165","165","158","158",
"자양4동","6인세대","","40","38","35","34","34",
"자양4동","7인세대","","7","8","10","10","10",
"자양4동","8인세대","","2","3","4","4","4",
"자양4동","9인세대","","-","-","1","2","2",
"자양4동","10인세대 이상","","1","2","1","0","-",
"구의1동","전체세대","","13264","13258","13254","13259","13259",
"구의1동","1인세대","","7897","7905","7900","7911","7911",
"구의1동","2인세대","","2599","2617","2641","2639","2639",
"구의1동","3인세대","","1534","1524","1523","1525","1525",
"구의1동","4인세대","","959","941","914","910","910",
"구의1동","5인세대","","222","221","224","216","216",
"구의1동","6인세대","","39","37","37","44","44",
"구의1동","7인세대","","11","9","11","10","10",
"구의1동","8인세대","","-","1","1","1","1",
"구의1동","9인세대","","2","2","2","2","2",
"구의1동","10인세대 이상","","1","1","1","1","1",
"구의2동","전체세대","","11470","11437","11481","11490","11490",
"구의2동","1인세대","","4503","4489","4559","4604","4604",
"구의2동","2인세대","","2852","2900","2894","2877","2877",
"구의2동","3인세대","","2104","2072","2100","2096","2096",
"구의2동","4인세대","","1565","1541","1500","1486","1486",
"구의2동","5인세대","","343","337","335","336","336",
"구의2동","6인세대","","77","73","70","67","67",
"구의2동","7인세대","","17","18","15","16","16",
"구의2동","8인세대","","5","3","4","4","4",
"구의2동","9인세대","","-","-","0","0","-",
"구의2동","10인세대 이상","","4","4","4","4","4",
"구의3동","전체세대","","12051","12065","12073","12056","12056",
"구의3동","1인세대","","4427","4447","4445","4435","4435",
"구의3동","2인세대","","2751","2771","2787","2781","2781",
"구의3동","3인세대","","2474","2462","2482","2491","2491",
"구의3동","4인세대","","1897","1891","1876","1869","1869",
"구의3동","5인세대","","386","373","364","365","365",
"구의3동","6인세대","","91","93","90","83","83",
"구의3동","7인세대","","13","18","18","21","21",
"구의3동","8인세대","","7","7","7","6","6",
"구의3동","9인세대","","2","1","2","3","3",
"구의3동","10인세대 이상","","3","2","2","2","2",
"동대문구","전체세대","","174846","174918","176040","176684","176684",
"동대문구","1인세대","","87698","87402","87573","87417","87417",
"동대문구","2인세대","","37210","37620","38318","38764","38764",
"동대문구","3인세대","","26428","26578","26895","27272","27272",
"동대문구","4인세대","","18328","18210","18184","18226","18226",
"동대문구","5인세대","","4021","3948","3913","3871","3871",
"동대문구","6인세대","","873","868","868","847","847",
"동대문구","7인세대","","192","194","191","197","197",
"동대문구","8인세대","","63","69","68","64","64",
"동대문구","9인세대","","18","15","15","14","14",
"동대문구","10인세대 이상","","15","14","15","12","12",
"용신동","전체세대","","22044","22105","","","",
"용신동","1인세대","","12977","13038","","","",
"용신동","2인세대","","4169","4173","","","",
"용신동","3인세대","","2665","2691","","","",
"용신동","4인세대","","1792","1767","","","",
"용신동","5인세대","","342","342","","","",
"용신동","6인세대","","78","73","","","",
"용신동","7인세대","","17","16","","","",
"용신동","8인세대","","4","3","","","",
"용신동","9인세대","","-","1","","","",
"용신동","10인세대 이상","","-","1","","","",
"신설동","전체세대","","","","9530","9531","9531",
"신설동","1인세대","","","","5782","5800","5800",
"신설동","2인세대","","","","1753","1739","1739",
"신설동","3인세대","","","","1091","1081","1081",
"신설동","4인세대","","","","735","744","744",
"신설동","5인세대","","","","132","132","132",
"신설동","6인세대","","","","29","28","28",
"신설동","7인세대","","","","7","6","6",
"신설동","8인세대","","","","1","1","1",
"신설동","9인세대","","","","0","0","-",
"신설동","10인세대 이상","","","","0","0","-",
"용두동","전체세대","","","","12625","12708","12708",
"용두동","1인세대","","","","7265","7314","7314",
"용두동","2인세대","","","","2504","2528","2528",
"용두동","3인세대","","","","1575","1585","1585",
"용두동","4인세대","","","","1020","1030","1030",
"용두동","5인세대","","","","204","195","195",
"용두동","6인세대","","","","43","43","43",
"용두동","7인세대","","","","10","10","10",
"용두동","8인세대","","","","2","2","2",
"용두동","9인세대","","","","1","1","1",
"용두동","10인세대 이상","","","","1","0","-",
"제기동","전체세대","","13174","13149","13090","12859","12859",
"제기동","1인세대","","7835","7835","7816","7661","7661",
"제기동","2인세대","","2602","2601","2583","2550","2550",
"제기동","3인세대","","1499","1479","1488","1465","1465",
"제기동","4인세대","","948","937","904","887","887",
"제기동","5인세대","","217","229","230","228","228",
"제기동","6인세대","","52","48","49","45","45",
"제기동","7인세대","","13","11","9","13","13",
"제기동","8인세대","","3","4","6","6","6",
"제기동","9인세대","","4","4","3","2","2",
"제기동","10인세대 이상","","1","1","2","2","2",
"전농1동","전체세대","","16520","16503","16388","16302","16302",
"전농1동","1인세대","","8084","8072","7982","7883","7883",
"전농1동","2인세대","","3512","3563","3598","3627","3627",
"전농1동","3인세대","","2672","2646","2614","2615","2615",
"전농1동","4인세대","","1798","1781","1757","1743","1743",
"전농1동","5인세대","","344","332","333","329","329",
"전농1동","6인세대","","78","78","79","80","80",
"전농1동","7인세대","","22","19","15","17","17",
"전농1동","8인세대","","8","11","9","8","8",
"전농1동","9인세대","","-","-","0","0","-",
"전농1동","10인세대 이상","","2","1","1","0","-",
"전농2동","전체세대","","7466","7439","7421","7367","7367",
"전농2동","1인세대","","2374","2370","2367","2335","2335",
"전농2동","2인세대","","2006","1996","2006","1998","1998",
"전농2동","3인세대","","1566","1563","1556","1553","1553",
"전농2동","4인세대","","1176","1182","1156","1144","1144",
"전농2동","5인세대","","272","255","258","257","257",
"전농2동","6인세대","","58","59","66","68","68",
"전농2동","7인세대","","10","10","8","8","8",
"전농2동","8인세대","","2","2","2","2","2",
"전농2동","9인세대","","2","2","2","2","2",
"전농2동","10인세대 이상","","-","-","0","0","-",
"답십리1동","전체세대","","13006","12947","12911","12866","12866",
"답십리1동","1인세대","","5457","5406","5375","5350","5350",
"답십리1동","2인세대","","3014","3045","3068","3084","3084",
"답십리1동","3인세대","","2463","2478","2490","2491","2491",
"답십리1동","4인세대","","1629","1596","1566","1555","1555",
"답십리1동","5인세대","","354","335","335","312","312",
"답십리1동","6인세대","","63","63","52","49","49",
"답십리1동","7인세대","","16","15","15","15","15",
"답십리1동","8인세대","","9","9","9","9","9",
"답십리1동","9인세대","","1","-","1","1","1",
"답십리1동","10인세대 이상","","-","-","0","0","-",
"답십리2동","전체세대","","12397","12614","12634","12656","12656",
"답십리2동","1인세대","","4759","4796","4809","4856","4856",
"답십리2동","2인세대","","3310","3431","3444","3412","3412",
"답십리2동","3인세대","","2340","2386","2408","2441","2441",
"답십리2동","4인세대","","1536","1550","1530","1515","1515",
"답십리2동","5인세대","","346","341","337","337","337",
"답십리2동","6인세대","","87","88","85","75","75",
"답십리2동","7인세대","","13","16","16","15","15",
"답십리2동","8인세대","","4","5","4","4","4",
"답십리2동","9인세대","","1","-","0","0","-",
"답십리2동","10인세대 이상","","1","1","1","1","1",
"장안1동","전체세대","","18380","18517","18602","18522","18522",
"장안1동","1인세대","","8636","8736","8800","8758","8758",
"장안1동","2인세대","","4194","4234","4261","4279","4279",
"장안1동","3인세대","","2968","2993","3018","2992","2992",
"장안1동","4인세대","","1981","1954","1932","1899","1899",
"장안1동","5인세대","","476","470","457","466","466",
"장안1동","6인세대","","95","100","105","95","95",
"장안1동","7인세대","","20","20","19","21","21",
"장안1동","8인세대","","6","6","7","9","9",
"장안1동","9인세대","","4","4","3","3","3",
"장안1동","10인세대 이상","","-","-","0","0","-",
"장안2동","전체세대","","14736","14768","14785","14783","14783",
"장안2동","1인세대","","5656","5695","5701","5695","5695",
"장안2동","2인세대","","3488","3500","3557","3582","3582",
"장안2동","3인세대","","2857","2865","2858","2866","2866",
"장안2동","4인세대","","2128","2106","2079","2075","2075",
"장안2동","5인세대","","460","453","444","416","416",
"장안2동","6인세대","","109","108","106","112","112",
"장안2동","7인세대","","23","27","26","26","26",
"장안2동","8인세대","","10","10","10","8","8",
"장안2동","9인세대","","2","1","0","0","-",
"장안2동","10인세대 이상","","3","3","4","3","3",
"청량리동","전체세대","","10013","9941","9864","9832","9832",
"청량리동","1인세대","","5351","5317","5277","5253","5253",
"청량리동","2인세대","","2312","2310","2291","2311","2311",
"청량리동","3인세대","","1329","1302","1298","1278","1278",
"청량리동","4인세대","","758","752","750","739","739",
"청량리동","5인세대","","204","201","189","191","191",
"청량리동","6인세대","","39","41","41","43","43",
"청량리동","7인세대","","14","13","13","13","13",
"청량리동","8인세대","","2","2","3","2","2",
"청량리동","9인세대","","-","-","0","0","-",
"청량리동","10인세대 이상","","4","3","2","2","2",
"회기동","전체세대","","6632","6624","6605","6549","6549",
"회기동","1인세대","","4700","4684","4691","4638","4638",
"회기동","2인세대","","893","899","888","895","895",
"회기동","3인세대","","532","550","537","536","536",
"회기동","4인세대","","396","390","385","372","372",
"회기동","5인세대","","87","79","81","86","86",
"회기동","6인세대","","18","16","16","14","14",
"회기동","7인세대","","3","3","3","4","4",
"회기동","8인세대","","2","2","2","1","1",
"회기동","9인세대","","-","-","1","2","2",
"회기동","10인세대 이상","","1","1","1","1","1",
"휘경1동","전체세대","","7553","7471","8952","8954","8954",
"휘경1동","1인세대","","4604","4543","4920","4853","4853",
"휘경1동","2인세대","","1291","1284","1797","1829","1829",
"휘경1동","3인세대","","846","837","1193","1231","1231",
"휘경1동","4인세대","","625","619","819","825","825",
"휘경1동","5인세대","","136","139","164","162","162",
"휘경1동","6인세대","","38","38","45","40","40",
"휘경1동","7인세대","","7","6","9","10","10",
"휘경1동","8인세대","","3","2","2","1","1",
"휘경1동","9인세대","","2","2","2","2","2",
"휘경1동","10인세대 이상","","1","1","1","1","1",
"휘경2동","전체세대","","12879","12788","12696","12580","12580",
"휘경2동","1인세대","","7098","7001","6945","6861","6861",
"휘경2동","2인세대","","2414","2451","2463","2434","2434",
"휘경2동","3인세대","","1699","1692","1679","1702","1702",
"휘경2동","4인세대","","1308","1290","1273","1252","1252",
"휘경2동","5인세대","","283","278","258","255","255",
"휘경2동","6인세대","","57","55","56","54","54",
"휘경2동","7인세대","","10","12","14","14","14",
"휘경2동","8인세대","","7","7","6","6","6",
"휘경2동","9인세대","","2","1","1","1","1",
"휘경2동","10인세대 이상","","1","1","1","1","1",
"이문1동","전체세대","","11699","11791","11726","13009","13009",
"이문1동","1인세대","","6967","6766","6702","7011","7011",
"이문1동","2인세대","","1971","2099","2088","2492","2492",
"이문1동","3인세대","","1428","1534","1526","1881","1881",
"이문1동","4인세대","","1063","1111","1131","1322","1322",
"이문1동","5인세대","","205","212","211","230","230",
"이문1동","6인세대","","50","52","50","55","55",
"이문1동","7인세대","","11","12","14","13","13",
"이문1동","8인세대","","3","4","3","4","4",
"이문1동","9인세대","","-","-","0","0","-",
"이문1동","10인세대 이상","","1","1","1","1","1",
"이문2동","전체세대","","8347","8261","8211","8166","8166",
"이문2동","1인세대","","3200","3143","3141","3149","3149",
"이문2동","2인세대","","2034","2034","2017","2004","2004",
"이문2동","3인세대","","1564","1562","1564","1555","1555",
"이문2동","4인세대","","1190","1175","1147","1124","1124",
"이문2동","5인세대","","295","282","280","275","275",
"이문2동","6인세대","","51","49","46","46","46",
"이문2동","7인세대","","13","14","13","12","12",
"이문2동","8인세대","","-","2","2","1","1",
"이문2동","9인세대","","-","-","1","0","-",
"이문2동","10인세대 이상","","-","-","0","0","-",
"중랑구","전체세대","","188661","188724","188870","189383","189383",
"중랑구","1인세대","","86558","86725","86936","87522","87522",
"중랑구","2인세대","","47013","47151","47271","47464","47464",
"중랑구","3인세대","","30072","30044","30070","30105","30105",
"중랑구","4인세대","","19585","19445","19290","19052","19052",
"중랑구","5인세대","","4297","4246","4197","4127","4127",
"중랑구","6인세대","","876","851","840","845","845",
"중랑구","7인세대","","201","203","210","207","207",
"중랑구","8인세대","","38","39","39","44","44",
"중랑구","9인세대","","15","15","11","11","11",
"중랑구","10인세대 이상","","6","5","6","6","6",
"면목2동","전체세대","","12139","12151","12094","12054","12054",
"면목2동","1인세대","","5983","5947","5941","5921","5921",
"면목2동","2인세대","","3049","3053","3026","3030","3030",
"면목2동","3인세대","","1746","1780","1785","1774","1774",
"면목2동","4인세대","","1078","1095","1075","1052","1052",
"면목2동","5인세대","","219","213","208","215","215",
"면목2동","6인세대","","47","49","44","47","47",
"면목2동","7인세대","","11","8","10","11","11",
"면목2동","8인세대","","5","5","4","3","3",
"면목2동","9인세대","","1","1","1","1","1",
"면목2동","10인세대 이상","","-","-","0","0","-",
"면목4동","전체세대","","8904","8880","8851","8852","8852",
"면목4동","1인세대","","4090","4081","4097","4117","4117",
"면목4동","2인세대","","2252","2252","2245","2250","2250",
"면목4동","3인세대","","1399","1407","1389","1372","1372",
"면목4동","4인세대","","907","892","874","870","870",
"면목4동","5인세대","","200","192","189","185","185",
"면목4동","6인세대","","41","42","43","42","42",
"면목4동","7인세대","","13","12","12","13","13",
"면목4동","8인세대","","-","-","0","0","-",
"면목4동","9인세대","","1","1","1","2","2",
"면목4동","10인세대 이상","","1","1","1","1","1",
"면목5동","전체세대","","6334","6333","6308","6306","6306",
"면목5동","1인세대","","2230","2234","2215","2212","2212",
"면목5동","2인세대","","1733","1729","1732","1731","1731",
"면목5동","3인세대","","1299","1307","1301","1313","1313",
"면목5동","4인세대","","870","873","866","862","862",
"면목5동","5인세대","","169","154","155","149","149",
"면목5동","6인세대","","21","24","27","27","27",
"면목5동","7인세대","","9","9","9","9","9",
"면목5동","8인세대","","1","1","1","1","1",
"면목5동","9인세대","","2","2","1","1","1",
"면목5동","10인세대 이상","","-","-","1","1","1",
"면목본동","전체세대","","17794","17775","17676","17635","17635",
"면목본동","1인세대","","9513","9538","9499","9516","9516",
"면목본동","2인세대","","4240","4230","4216","4213","4213",
"면목본동","3인세대","","2393","2405","2365","2360","2360",
"면목본동","4인세대","","1318","1278","1273","1226","1226",
"면목본동","5인세대","","269","262","263","259","259",
"면목본동","6인세대","","52","52","50","53","53",
"면목본동","7인세대","","6","7","7","4","4",
"면목본동","8인세대","","1","1","1","2","2",
"면목본동","9인세대","","1","1","1","1","1",
"면목본동","10인세대 이상","","1","1","1","1","1",
"면목7동","전체세대","","10516","10514","10463","10469","10469",
"면목7동","1인세대","","4792","4831","4825","4861","4861",
"면목7동","2인세대","","2733","2718","2723","2714","2714",
"면목7동","3인세대","","1658","1656","1652","1658","1658",
"면목7동","4인세대","","1065","1038","1002","977","977",
"면목7동","5인세대","","216","223","211","208","208",
"면목7동","6인세대","","43","40","41","42","42",
"면목7동","7인세대","","5","4","5","5","5",
"면목7동","8인세대","","4","4","4","4","4",
"면목7동","9인세대","","-","-","0","0","-",
"면목7동","10인세대 이상","","-","-","0","0","-",
"면목3.8동","전체세대","","12727","12714","12730","12712","12712",
"면목3.8동","1인세대","","6432","6471","6500","6527","6527",
"면목3.8동","2인세대","","3210","3194","3204","3191","3191",
"면목3.8동","3인세대","","1782","1754","1762","1737","1737",
"면목3.8동","4인세대","","1025","1033","1008","995","995",
"면목3.8동","5인세대","","228","210","207","211","211",
"면목3.8동","6인세대","","39","41","38","39","39",
"면목3.8동","7인세대","","9","9","9","10","10",
"면목3.8동","8인세대","","1","1","1","1","1",
"면목3.8동","9인세대","","1","1","1","1","1",
"면목3.8동","10인세대 이상","","-","-","0","0","-",
"상봉1동","전체세대","","10052","10049","10048","10257","10257",
"상봉1동","1인세대","","3539","3535","3550","3751","3751",
"상봉1동","2인세대","","2604","2624","2620","2642","2642",
"상봉1동","3인세대","","2068","2061","2076","2088","2088",
"상봉1동","4인세대","","1498","1487","1463","1445","1445",
"상봉1동","5인세대","","285","282","281","276","276",
"상봉1동","6인세대","","45","46","43","39","39",
"상봉1동","7인세대","","11","12","13","14","14",
"상봉1동","8인세대","","1","1","2","2","2",
"상봉1동","9인세대","","1","1","0","0","-",
"상봉1동","10인세대 이상","","-","-","0","0","-",
"상봉2동","전체세대","","13169","13218","13220","13533","13533",
"상봉2동","1인세대","","8527","8538","8546","8846","8846",
"상봉2동","2인세대","","2616","2662","2686","2707","2707",
"상봉2동","3인세대","","1198","1199","1166","1174","1174",
"상봉2동","4인세대","","658","649","656","647","647",
"상봉2동","5인세대","","124","124","123","116","116",
"상봉2동","6인세대","","33","32","30","30","30",
"상봉2동","7인세대","","11","12","10","10","10",
"상봉2동","8인세대","","-","-","1","2","2",
"상봉2동","9인세대","","2","2","2","1","1",
"상봉2동","10인세대 이상","","-","-","0","0","-",
"중화1동","전체세대","","8828","8808","8755","8727","8727",
"중화1동","1인세대","","3675","3663","3648","3642","3642",
"중화1동","2인세대","","2429","2439","2439","2430","2430",
"중화1동","3인세대","","1544","1536","1514","1531","1531",
"중화1동","4인세대","","930","925","914","891","891",
"중화1동","5인세대","","205","202","197","188","188",
"중화1동","6인세대","","36","32","32","35","35",
"중화1동","7인세대","","6","7","8","8","8",
"중화1동","8인세대","","3","4","3","2","2",
"중화1동","9인세대","","-","-","0","0","-",
"중화1동","10인세대 이상","","-","-","0","0","-",
"중화2동","전체세대","","13472","13490","14077","14327","14327",
"중화2동","1인세대","","7579","7591","7756","7819","7819",
"중화2동","2인세대","","3176","3204","3332","3426","3426",
"중화2동","3인세대","","1607","1597","1788","1852","1852",
"중화2동","4인세대","","869","862","945","976","976",
"중화2동","5인세대","","183","179","192","189","189",
"중화2동","6인세대","","42","42","46","49","49",
"중화2동","7인세대","","12","11","14","11","11",
"중화2동","8인세대","","3","3","3","4","4",
"중화2동","9인세대","","-","-","0","0","-",
"중화2동","10인세대 이상","","1","1","1","1","1",
"묵1동","전체세대","","14949","14904","14878","14844","14844",
"묵1동","1인세대","","5703","5706","5710","5693","5693",
"묵1동","2인세대","","3677","3673","3686","3679","3679",
"묵1동","3인세대","","2838","2787","2765","2777","2777",
"묵1동","4인세대","","2068","2081","2067","2053","2053",
"묵1동","5인세대","","517","515","503","497","497",
"묵1동","6인세대","","113","104","109","109","109",
"묵1동","7인세대","","28","31","30","30","30",
"묵1동","8인세대","","4","6","8","6","6",
"묵1동","9인세대","","1","1","0","0","-",
"묵1동","10인세대 이상","","-","-","0","0","-",
"묵2동","전체세대","","9176","9212","9193","9173","9173",
"묵2동","1인세대","","4360","4404","4407","4412","4412",
"묵2동","2인세대","","2392","2409","2416","2407","2407",
"묵2동","3인세대","","1324","1318","1308","1306","1306",
"묵2동","4인세대","","844","836","823","813","813",
"묵2동","5인세대","","207","201","197","193","193",
"묵2동","6인세대","","37","34","32","30","30",
"묵2동","7인세대","","9","9","10","11","11",
"묵2동","8인세대","","3","1","0","1","1",
"묵2동","9인세대","","-","-","0","0","-",
"묵2동","10인세대 이상","","-","-","0","0","-",
"망우본동","전체세대","","18882","18913","18874","18793","18793",
"망우본동","1인세대","","8755","8751","8769","8698","8698",
"망우본동","2인세대","","4398","4429","4404","4444","4444",
"망우본동","3인세대","","3102","3123","3109","3073","3073",
"망우본동","4인세대","","2096","2077","2060","2054","2054",
"망우본동","5인세대","","416","417","418","407","407",
"망우본동","6인세대","","88","86","84","86","86",
"망우본동","7인세대","","21","24","24","25","25",
"망우본동","8인세대","","4","4","4","4","4",
"망우본동","9인세대","","1","1","1","1","1",
"망우본동","10인세대 이상","","1","1","1","1","1",
"망우3동","전체세대","","8170","8199","8194","8209","8209",
"망우3동","1인세대","","4109","4149","4162","4182","4182",
"망우3동","2인세대","","2019","2033","2048","2063","2063",
"망우3동","3인세대","","1211","1201","1187","1191","1191",
"망우3동","4인세대","","650","634","616","598","598",
"망우3동","5인세대","","143","144","142","140","140",
"망우3동","6인세대","","27","28","31","26","26",
"망우3동","7인세대","","8","7","5","5","5",
"망우3동","8인세대","","2","2","2","4","4",
"망우3동","9인세대","","1","1","1","0","-",
"망우3동","10인세대 이상","","-","-","0","0","-",
"신내1동","전체세대","","14703","14719","14703","14665","14665",
"신내1동","1인세대","","4019","4016","4041","4024","4024",
"신내1동","2인세대","","3980","3990","4004","4038","4038",
"신내1동","3인세대","","3181","3195","3192","3179","3179",
"신내1동","4인세대","","2612","2606","2578","2546","2546",
"신내1동","5인세대","","710","719","700","694","694",
"신내1동","6인세대","","158","151","146","143","143",
"신내1동","7인세대","","35","34","36","32","32",
"신내1동","8인세대","","3","4","3","5","5",
"신내1동","9인세대","","3","3","2","3","3",
"신내1동","10인세대 이상","","2","1","1","1","1",
"신내2동","전체세대","","8846","8845","8806","8827","8827",
"신내2동","1인세대","","3252","3270","3270","3301","3301",
"신내2동","2인세대","","2505","2512","2490","2499","2499",
"신내2동","3인세대","","1722","1718","1711","1720","1720",
"신내2동","4인세대","","1097","1079","1070","1047","1047",
"신내2동","5인세대","","206","209","211","200","200",
"신내2동","6인세대","","54","48","44","48","48",
"신내2동","7인세대","","7","7","8","9","9",
"신내2동","8인세대","","3","2","2","3","3",
"신내2동","9인세대","","-","-","0","0","-",
"신내2동","10인세대 이상","","-","-","0","0","-",
"성북구","전체세대","","196988","198882","199326","198800","198800",
"성북구","1인세대","","84505","85071","85368","85038","85038",
"성북구","2인세대","","44736","45545","45880","45992","45992",
"성북구","3인세대","","34622","35123","35243","35241","35241",
"성북구","4인세대","","25950","26047","25829","25596","25596",
"성북구","5인세대","","5620","5554","5482","5433","5433",
"성북구","6인세대","","1152","1147","1139","1109","1109",
"성북구","7인세대","","285","276","260","271","271",
"성북구","8인세대","","75","78","86","80","80",
"성북구","9인세대","","19","17","17","16","16",
"성북구","10인세대 이상","","24","24","22","24","24",
"성북동","전체세대","","8079","8082","8050","7983","7983",
"성북동","1인세대","","4109","4109","4096","4073","4073",
"성북동","2인세대","","1813","1834","1814","1792","1792",
"성북동","3인세대","","1143","1142","1141","1145","1145",
"성북동","4인세대","","745","729","725","706","706",
"성북동","5인세대","","188","186","196","193","193",
"성북동","6인세대","","55","57","53","47","47",
"성북동","7인세대","","14","12","12","14","14",
"성북동","8인세대","","6","7","8","8","8",
"성북동","9인세대","","-","-","0","0","-",
"성북동","10인세대 이상","","6","6","5","5","5",
"삼선동","전체세대","","11512","11493","11432","11370","11370",
"삼선동","1인세대","","6132","6125","6080","6035","6035",
"삼선동","2인세대","","2340","2363","2355","2343","2343",
"삼선동","3인세대","","1528","1517","1518","1520","1520",
"삼선동","4인세대","","1162","1150","1143","1135","1135",
"삼선동","5인세대","","269","260","251","256","256",
"삼선동","6인세대","","58","55","60","58","58",
"삼선동","7인세대","","13","16","18","19","19",
"삼선동","8인세대","","9","6","6","3","3",
"삼선동","9인세대","","-","-","0","0","-",
"삼선동","10인세대 이상","","1","1","1","1","1",
"동선동","전체세대","","9802","9776","9768","9721","9721",
"동선동","1인세대","","6903","6877","6882","6841","6841",
"동선동","2인세대","","1499","1510","1506","1527","1527",
"동선동","3인세대","","773","765","766","742","742",
"동선동","4인세대","","496","495","489","480","480",
"동선동","5인세대","","105","103","97","101","101",
"동선동","6인세대","","18","18","21","23","23",
"동선동","7인세대","","5","5","4","4","4",
"동선동","8인세대","","2","2","2","2","2",
"동선동","9인세대","","-","-","0","0","-",
"동선동","10인세대 이상","","1","1","1","1","1",
"돈암1동","전체세대","","6015","6008","5990","5963","5963",
"돈암1동","1인세대","","1949","1968","1966","1966","1966",
"돈암1동","2인세대","","1646","1638","1637","1649","1649",
"돈암1동","3인세대","","1249","1230","1235","1214","1214",
"돈암1동","4인세대","","930","935","910","907","907",
"돈암1동","5인세대","","193","191","187","180","180",
"돈암1동","6인세대","","42","38","46","38","38",
"돈암1동","7인세대","","4","6","6","7","7",
"돈암1동","8인세대","","-","-","0","0","-",
"돈암1동","9인세대","","2","2","3","2","2",
"돈암1동","10인세대 이상","","-","-","0","0","-",
"돈암2동","전체세대","","8509","8491","8492","8480","8480",
"돈암2동","1인세대","","1781","1785","1799","1795","1795",
"돈암2동","2인세대","","2090","2093","2112","2114","2114",
"돈암2동","3인세대","","2230","2230","2216","2207","2207",
"돈암2동","4인세대","","1864","1846","1841","1843","1843",
"돈암2동","5인세대","","419","422","407","407","407",
"돈암2동","6인세대","","86","78","82","79","79",
"돈암2동","7인세대","","26","24","21","21","21",
"돈암2동","8인세대","","9","9","9","9","9",
"돈암2동","9인세대","","-","-","1","0","-",
"돈암2동","10인세대 이상","","4","4","4","5","5",
"안암동","전체세대","","10330","10323","10398","10332","10332",
"안암동","1인세대","","7514","7512","7557","7509","7509",
"안암동","2인세대","","1351","1359","1415","1407","1407",
"안암동","3인세대","","791","786","769","761","761",
"안암동","4인세대","","521","520","511","503","503",
"안암동","5인세대","","117","113","113","119","119",
"안암동","6인세대","","25","23","23","23","23",
"안암동","7인세대","","8","7","5","5","5",
"안암동","8인세대","","1","1","3","3","3",
"안암동","9인세대","","1","1","1","1","1",
"안암동","10인세대 이상","","1","1","1","1","1",
"보문동","전체세대","","8128","8116","8099","8068","8068",
"보문동","1인세대","","3951","3914","3913","3894","3894",
"보문동","2인세대","","1845","1870","1896","1925","1925",
"보문동","3인세대","","1255","1284","1267","1253","1253",
"보문동","4인세대","","851","828","811","796","796",
"보문동","5인세대","","182","174","168","158","158",
"보문동","6인세대","","34","35","33","31","31",
"보문동","7인세대","","7","8","8","8","8",
"보문동","8인세대","","1","1","1","1","1",
"보문동","9인세대","","1","1","1","1","1",
"보문동","10인세대 이상","","1","1","1","1","1",
"정릉1동","전체세대","","7310","7324","7348","7335","7335",
"정릉1동","1인세대","","2330","2345","2365","2351","2351",
"정릉1동","2인세대","","1805","1803","1793","1793","1793",
"정릉1동","3인세대","","1619","1630","1637","1639","1639",
"정릉1동","4인세대","","1207","1204","1205","1195","1195",
"정릉1동","5인세대","","266","262","268","271","271",
"정릉1동","6인세대","","66","63","61","65","65",
"정릉1동","7인세대","","12","12","15","17","17",
"정릉1동","8인세대","","1","1","2","2","2",
"정릉1동","9인세대","","2","2","0","0","-",
"정릉1동","10인세대 이상","","2","2","2","2","2",
"정릉2동","전체세대","","9757","9718","9668","9590","9590",
"정릉2동","1인세대","","3490","3429","3393","3345","3345",
"정릉2동","2인세대","","2536","2572","2590","2612","2612",
"정릉2동","3인세대","","1983","1982","1982","1952","1952",
"정릉2동","4인세대","","1342","1334","1321","1302","1302",
"정릉2동","5인세대","","292","289","274","276","276",
"정릉2동","6인세대","","83","80","78","73","73",
"정릉2동","7인세대","","25","27","24","24","24",
"정릉2동","8인세대","","4","4","4","5","5",
"정릉2동","9인세대","","2","1","2","1","1",
"정릉2동","10인세대 이상","","-","-","0","0","-",
"정릉3동","전체세대","","7955","7909","7920","7859","7859",
"정릉3동","1인세대","","4826","4808","4845","4813","4813",
"정릉3동","2인세대","","1553","1544","1533","1523","1523",
"정릉3동","3인세대","","849","836","833","818","818",
"정릉3동","4인세대","","552","553","543","539","539",
"정릉3동","5인세대","","123","120","117","120","120",
"정릉3동","6인세대","","39","36","37","32","32",
"정릉3동","7인세대","","7","6","6","8","8",
"정릉3동","8인세대","","2","2","2","2","2",
"정릉3동","9인세대","","1","1","1","1","1",
"정릉3동","10인세대 이상","","3","3","3","3","3",
"정릉4동","전체세대","","10768","10762","10748","10728","10728",
"정릉4동","1인세대","","4042","4037","4060","4051","4051",
"정릉4동","2인세대","","2844","2857","2860","2864","2864",
"정릉4동","3인세대","","2058","2047","2059","2059","2059",
"정릉4동","4인세대","","1392","1387","1354","1346","1346",
"정릉4동","5인세대","","328","333","323","315","315",
"정릉4동","6인세대","","71","68","65","66","66",
"정릉4동","7인세대","","24","22","17","18","18",
"정릉4동","8인세대","","6","8","7","6","6",
"정릉4동","9인세대","","2","2","2","2","2",
"정릉4동","10인세대 이상","","1","1","1","1","1",
"길음1동","전체세대","","12828","12822","12816","12812","12812",
"길음1동","1인세대","","2650","2630","2604","2591","2591",
"길음1동","2인세대","","2750","2750","2789","2787","2787",
"길음1동","3인세대","","3355","3381","3385","3412","3412",
"길음1동","4인세대","","3350","3337","3327","3314","3314",
"길음1동","5인세대","","577","577","570","566","566",
"길음1동","6인세대","","107","105","100","103","103",
"길음1동","7인세대","","21","22","22","21","21",
"길음1동","8인세대","","11","13","13","9","9",
"길음1동","9인세대","","3","3","3","5","5",
"길음1동","10인세대 이상","","4","4","3","4","4",
"길음2동","전체세대","","8541","8679","8673","8656","8656",
"길음2동","1인세대","","2434","2571","2569","2546","2546",
"길음2동","2인세대","","1986","2018","2037","2034","2034",
"길음2동","3인세대","","2037","2049","2054","2070","2070",
"길음2동","4인세대","","1637","1601","1580","1588","1588",
"길음2동","5인세대","","370","359","353","342","342",
"길음2동","6인세대","","58","62","61","59","59",
"길음2동","7인세대","","16","16","16","14","14",
"길음2동","8인세대","","2","3","3","3","3",
"길음2동","9인세대","","1","-","0","0","-",
"길음2동","10인세대 이상","","-","-","0","0","-",
"종암동","전체세대","","16958","16937","17124","17123","17123",
"종암동","1인세대","","6962","6982","7170","7162","7162",
"종암동","2인세대","","3879","3886","3896","3924","3924",
"종암동","3인세대","","3090","3089","3115","3124","3124",
"종암동","4인세대","","2392","2368","2334","2302","2302",
"종암동","5인세대","","515","488","486","492","492",
"종암동","6인세대","","89","95","97","90","90",
"종암동","7인세대","","25","23","20","24","24",
"종암동","8인세대","","6","6","6","5","5",
"종암동","9인세대","","-","-","0","0","-",
"종암동","10인세대 이상","","-","-","0","0","-",
"월곡1동","전체세대","","10703","10701","10617","10581","10581",
"월곡1동","1인세대","","3569","3582","3527","3507","3507",
"월곡1동","2인세대","","2699","2739","2744","2760","2760",
"월곡1동","3인세대","","2206","2192","2195","2199","2199",
"월곡1동","4인세대","","1747","1718","1688","1662","1662",
"월곡1동","5인세대","","381","373","365","357","357",
"월곡1동","6인세대","","78","76","76","74","74",
"월곡1동","7인세대","","19","16","17","17","17",
"월곡1동","8인세대","","3","4","4","4","4",
"월곡1동","9인세대","","1","1","1","1","1",
"월곡1동","10인세대 이상","","-","-","0","0","-",
"월곡2동","전체세대","","9578","9565","9589","9563","9563",
"월곡2동","1인세대","","4858","4863","4901","4885","4885",
"월곡2동","2인세대","","2071","2095","2113","2105","2105",
"월곡2동","3인세대","","1408","1397","1370","1394","1394",
"월곡2동","4인세대","","961","935","927","909","909",
"월곡2동","5인세대","","222","220","228","218","218",
"월곡2동","6인세대","","42","39","34","36","36",
"월곡2동","7인세대","","11","11","9","9","9",
"월곡2동","8인세대","","5","5","7","7","7",
"월곡2동","9인세대","","-","-","0","0","-",
"월곡2동","10인세대 이상","","-","-","0","0","-",
"장위1동","전체세대","","10601","10562","10548","10572","10572",
"장위1동","1인세대","","4219","4218","4223","4267","4267",
"장위1동","2인세대","","2696","2682","2684","2690","2690",
"장위1동","3인세대","","1874","1889","1892","1887","1887",
"장위1동","4인세대","","1406","1385","1368","1350","1350",
"장위1동","5인세대","","326","311","306","298","298",
"장위1동","6인세대","","59","58","57","62","62",
"장위1동","7인세대","","17","16","14","14","14",
"장위1동","8인세대","","3","2","4","4","4",
"장위1동","9인세대","","1","1","0","0","-",
"장위1동","10인세대 이상","","-","-","0","0","-",
"장위2동","전체세대","","6563","7517","7808","7806","7806",
"장위2동","1인세대","","3079","3342","3464","3442","3442",
"장위2동","2인세대","","1724","2012","2107","2127","2127",
"장위2동","3인세대","","990","1213","1273","1266","1266",
"장위2동","4인세대","","568","724","744","755","755",
"장위2동","5인세대","","161","177","174","167","167",
"장위2동","6인세대","","35","44","41","44","44",
"장위2동","7인세대","","4","3","4","4","4",
"장위2동","8인세대","","1","1","1","1","1",
"장위2동","9인세대","","1","1","0","0","-",
"장위2동","10인세대 이상","","-","-","0","0","-",
"장위3동","전체세대","","6412","7466","7628","7658","7658",
"장위3동","1인세대","","2103","2321","2307","2286","2286",
"장위3동","2인세대","","1450","1747","1808","1838","1838",
"장위3동","3인세대","","1420","1726","1805","1837","1837",
"장위3동","4인세대","","1174","1379","1402","1392","1392",
"장위3동","5인세대","","222","242","252","251","251",
"장위3동","6인세대","","31","39","41","39","39",
"장위3동","7인세대","","11","11","10","11","11",
"장위3동","8인세대","","-","-","1","2","2",
"장위3동","9인세대","","1","1","2","2","2",
"장위3동","10인세대 이상","","-","-","0","0","-",
"석관동","전체세대","","16639","16631","16610","16600","16600",
"석관동","1인세대","","7604","7653","7647","7679","7679",
"석관동","2인세대","","4159","4173","4191","4178","4178",
"석관동","3인세대","","2764","2738","2731","2742","2742",
"석관동","4인세대","","1653","1619","1606","1572","1572",
"석관동","5인세대","","364","354","347","346","346",
"석관동","6인세대","","76","78","73","67","67",
"석관동","7인세대","","16","13","12","12","12",
"석관동","8인세대","","3","3","3","4","4",
"석관동","9인세대","","-","-","0","0","-",
"석관동","10인세대 이상","","-","-","0","0","-",
"강북구","전체세대","","143249","142908","142545","142256","142256",
"강북구","1인세대","","67766","67793","67661","67621","67621",
"강북구","2인세대","","35298","35349","35389","35464","35464",
"강북구","3인세대","","22014","21887","21866","21748","21748",
"강북구","4인세대","","14105","13888","13706","13572","13572",
"강북구","5인세대","","3156","3089","3034","2979","2979",
"강북구","6인세대","","700","694","682","657","657",
"강북구","7인세대","","141","140","146","150","150",
"강북구","8인세대","","38","38","38","40","40",
"강북구","9인세대","","12","13","10","11","11",
"강북구","10인세대 이상","","19","17","13","14","14",
"삼양동","전체세대","","11647","11690","11704","11750","11750",
"삼양동","1인세대","","4875","4889","4899","4894","4894",
"삼양동","2인세대","","3067","3077","3105","3152","3152",
"삼양동","3인세대","","1989","2000","2005","2033","2033",
"삼양동","4인세대","","1335","1338","1322","1304","1304",
"삼양동","5인세대","","304","306","294","288","288",
"삼양동","6인세대","","58","60","59","60","60",
"삼양동","7인세대","","14","15","14","11","11",
"삼양동","8인세대","","5","5","5","5","5",
"삼양동","9인세대","","-","-","1","2","2",
"삼양동","10인세대 이상","","-","-","0","1","1",
"미아동","전체세대","","11816","11842","11795","11749","11749",
"미아동","1인세대","","6850","6894","6879","6886","6886",
"미아동","2인세대","","2521","2535","2546","2520","2520",
"미아동","3인세대","","1448","1450","1426","1400","1400",
"미아동","4인세대","","777","756","733","737","737",
"미아동","5인세대","","166","153","153","148","148",
"미아동","6인세대","","40","39","41","41","41",
"미아동","7인세대","","7","9","11","12","12",
"미아동","8인세대","","4","4","4","3","3",
"미아동","9인세대","","1","1","1","1","1",
"미아동","10인세대 이상","","2","1","1","1","1",
"송중동","전체세대","","13711","13639","13622","13579","13579",
"송중동","1인세대","","6356","6331","6334","6326","6326",
"송중동","2인세대","","3315","3315","3325","3338","3338",
"송중동","3인세대","","2197","2183","2172","2145","2145",
"송중동","4인세대","","1428","1402","1386","1386","1386",
"송중동","5인세대","","320","312","308","289","289",
"송중동","6인세대","","70","69","70","69","69",
"송중동","7인세대","","18","20","21","19","19",
"송중동","8인세대","","3","3","2","3","3",
"송중동","9인세대","","1","1","1","1","1",
"송중동","10인세대 이상","","3","3","3","3","3",
"송천동","전체세대","","12143","11874","11795","11805","11805",
"송천동","1인세대","","6132","6016","5984","6004","6004",
"송천동","2인세대","","3001","2949","2915","2931","2931",
"송천동","3인세대","","1738","1691","1708","1702","1702",
"송천동","4인세대","","1000","971","947","930","930",
"송천동","5인세대","","219","199","199","196","196",
"송천동","6인세대","","47","42","35","34","34",
"송천동","7인세대","","3","3","4","5","5",
"송천동","8인세대","","2","2","2","2","2",
"송천동","9인세대","","1","1","1","1","1",
"송천동","10인세대 이상","","-","-","0","0","-",
"삼각산동","전체세대","","11507","11494","11487","11484","11484",
"삼각산동","1인세대","","2836","2834","2836","2840","2840",
"삼각산동","2인세대","","2676","2695","2701","2720","2720",
"삼각산동","3인세대","","2762","2766","2787","2782","2782",
"삼각산동","4인세대","","2592","2565","2537","2524","2524",
"삼각산동","5인세대","","511","506","494","488","488",
"삼각산동","6인세대","","94","95","99","96","96",
"삼각산동","7인세대","","29","26","25","25","25",
"삼각산동","8인세대","","6","7","8","7","7",
"삼각산동","9인세대","","1","-","0","2","2",
"삼각산동","10인세대 이상","","-","-","0","0","-",
"번1동","전체세대","","9750","9726","9662","9642","9642",
"번1동","1인세대","","5977","5967","5905","5898","5898",
"번1동","2인세대","","1968","1983","1999","2003","2003",
"번1동","3인세대","","1035","1028","1029","1011","1011",
"번1동","4인세대","","616","604","587","584","584",
"번1동","5인세대","","118","109","110","114","114",
"번1동","6인세대","","31","29","27","27","27",
"번1동","7인세대","","3","4","4","5","5",
"번1동","8인세대","","1","1","0","0","-",
"번1동","9인세대","","1","1","1","0","-",
"번1동","10인세대 이상","","-","-","0","0","-",
"번2동","전체세대","","7443","7449","7413","7408","7408",
"번2동","1인세대","","3355","3408","3396","3415","3415",
"번2동","2인세대","","2130","2101","2091","2082","2082",
"번2동","3인세대","","1153","1141","1138","1134","1134",
"번2동","4인세대","","615","609","605","600","600",
"번2동","5인세대","","147","146","141","138","138",
"번2동","6인세대","","34","34","32","30","30",
"번2동","7인세대","","5","6","6","4","4",
"번2동","8인세대","","1","1","1","2","2",
"번2동","9인세대","","-","-","0","0","-",
"번2동","10인세대 이상","","3","3","3","3","3",
"번3동","전체세대","","7619","7601","7581","7560","7560",
"번3동","1인세대","","3011","3018","3019","3027","3027",
"번3동","2인세대","","2303","2298","2294","2296","2296",
"번3동","3인세대","","1259","1254","1257","1241","1241",
"번3동","4인세대","","801","787","776","765","765",
"번3동","5인세대","","199","199","191","189","189",
"번3동","6인세대","","36","36","35","33","33",
"번3동","7인세대","","8","7","7","7","7",
"번3동","8인세대","","2","2","2","2","2",
"번3동","9인세대","","-","-","0","0","-",
"번3동","10인세대 이상","","-","-","0","0","-",
"수유1동","전체세대","","10481","10465","10416","10406","10406",
"수유1동","1인세대","","5445","5457","5405","5396","5396",
"수유1동","2인세대","","2506","2507","2503","2527","2527",
"수유1동","3인세대","","1439","1423","1441","1439","1439",
"수유1동","4인세대","","838","832","831","808","808",
"수유1동","5인세대","","186","181","176","174","174",
"수유1동","6인세대","","52","52","50","50","50",
"수유1동","7인세대","","8","7","5","7","7",
"수유1동","8인세대","","2","1","2","2","2",
"수유1동","9인세대","","1","1","0","0","-",
"수유1동","10인세대 이상","","4","4","3","3","3",
"수유2동","전체세대","","9742","9732","9690","9690","9690",
"수유2동","1인세대","","4039","4044","4027","4037","4037",
"수유2동","2인세대","","2708","2728","2713","2719","2719",
"수유2동","3인세대","","1686","1686","1674","1661","1661",
"수유2동","4인세대","","1002","969","971","969","969",
"수유2동","5인세대","","231","226","231","230","230",
"수유2동","6인세대","","62","65","59","55","55",
"수유2동","7인세대","","8","8","11","15","15",
"수유2동","8인세대","","2","2","1","1","1",
"수유2동","9인세대","","3","3","3","3","3",
"수유2동","10인세대 이상","","1","1","0","0","-",
"수유3동","전체세대","","13680","13674","13644","13574","13574",
"수유3동","1인세대","","8466","8477","8471","8431","8431",
"수유3동","2인세대","","2727","2743","2769","2767","2767",
"수유3동","3인세대","","1465","1442","1400","1393","1393",
"수유3동","4인세대","","779","766","763","754","754",
"수유3동","5인세대","","187","193","190","181","181",
"수유3동","6인세대","","39","34","35","32","32",
"수유3동","7인세대","","10","11","12","12","12",
"수유3동","8인세대","","3","3","3","3","3",
"수유3동","9인세대","","1","2","0","0","-",
"수유3동","10인세대 이상","","3","3","1","1","1",
"우이동","전체세대","","9584","9594","9614","9574","9574",
"우이동","1인세대","","4148","4161","4200","4165","4165",
"우이동","2인세대","","2634","2639","2630","2639","2639",
"우이동","3인세대","","1529","1536","1539","1549","1549",
"우이동","4인세대","","975","966","956","934","934",
"우이동","5인세대","","227","222","220","220","220",
"우이동","6인세대","","56","59","55","53","53",
"우이동","7인세대","","11","7","10","10","10",
"우이동","8인세대","","3","3","3","3","3",
"우이동","9인세대","","-","-","0","0","-",
"우이동","10인세대 이상","","1","1","1","1","1",
"인수동","전체세대","","14126","14128","14122","14035","14035",
"인수동","1인세대","","6276","6297","6306","6302","6302",
"인수동","2인세대","","3742","3779","3798","3770","3770",
"인수동","3인세대","","2314","2287","2290","2258","2258",
"인수동","4인세대","","1347","1323","1292","1277","1277",
"인수동","5인세대","","341","337","327","324","324",
"인수동","6인세대","","81","80","85","77","77",
"인수동","7인세대","","17","17","16","18","18",
"인수동","8인세대","","4","4","5","7","7",
"인수동","9인세대","","2","3","2","1","1",
"인수동","10인세대 이상","","2","1","1","1","1",
"도봉구","전체세대","","139002","139006","139130","139018","139018",
"도봉구","1인세대","","53206","53375","53700","53823","53823",
"도봉구","2인세대","","37032","37278","37450","37544","37544",
"도봉구","3인세대","","26172","26055","25904","25794","25794",
"도봉구","4인세대","","17625","17438","17270","17075","17075",
"도봉구","5인세대","","3916","3825","3772","3742","3742",
"도봉구","6인세대","","788","776","779","790","790",
"도봉구","7인세대","","186","181","183","179","179",
"도봉구","8인세대","","56","58","51","49","49",
"도봉구","9인세대","","15","12","12","14","14",
"도봉구","10인세대 이상","","6","8","9","8","8",
"창1동","전체세대","","10965","10927","10896","10874","10874",
"창1동","1인세대","","4278","4245","4216","4230","4230",
"창1동","2인세대","","2856","2850","2859","2894","2894",
"창1동","3인세대","","2050","2066","2080","2036","2036",
"창1동","4인세대","","1451","1448","1425","1407","1407",
"창1동","5인세대","","260","251","249","239","239",
"창1동","6인세대","","50","48","51","54","54",
"창1동","7인세대","","15","16","14","9","9",
"창1동","8인세대","","4","3","2","3","3",
"창1동","9인세대","","1","-","0","2","2",
"창1동","10인세대 이상","","-","-","0","0","-",
"창2동","전체세대","","12595","12635","12658","12666","12666",
"창2동","1인세대","","4643","4704","4731","4742","4742",
"창2동","2인세대","","3522","3549","3585","3607","3607",
"창2동","3인세대","","2399","2373","2344","2342","2342",
"창2동","4인세대","","1558","1532","1537","1519","1519",
"창2동","5인세대","","374","366","355","348","348",
"창2동","6인세대","","72","83","80","82","82",
"창2동","7인세대","","22","21","19","21","21",
"창2동","8인세대","","4","5","5","3","3",
"창2동","9인세대","","1","2","1","1","1",
"창2동","10인세대 이상","","-","-","1","1","1",
"창3동","전체세대","","6355","6359","6376","6361","6361",
"창3동","1인세대","","2742","2743","2782","2797","2797",
"창3동","2인세대","","1755","1781","1770","1746","1746",
"창3동","3인세대","","1035","1028","1036","1036","1036",
"창3동","4인세대","","649","638","619","617","617",
"창3동","5인세대","","135","132","134","126","126",
"창3동","6인세대","","30","29","26","31","31",
"창3동","7인세대","","5","3","4","3","3",
"창3동","8인세대","","3","4","4","5","5",
"창3동","9인세대","","1","1","1","0","-",
"창3동","10인세대 이상","","-","-","0","0","-",
"창4동","전체세대","","11313","11328","11314","11314","11314",
"창4동","1인세대","","3891","3934","3947","3973","3973",
"창4동","2인세대","","2758","2794","2807","2803","2803",
"창4동","3인세대","","2363","2340","2325","2339","2339",
"창4동","4인세대","","1865","1833","1809","1767","1767",
"창4동","5인세대","","359","352","349","352","352",
"창4동","6인세대","","56","54","56","58","58",
"창4동","7인세대","","12","11","12","12","12",
"창4동","8인세대","","6","7","6","7","7",
"창4동","9인세대","","1","-","0","0","-",
"창4동","10인세대 이상","","2","3","3","3","3",
"창5동","전체세대","","10331","10294","10318","10285","10285",
"창5동","1인세대","","3585","3555","3572","3581","3581",
"창5동","2인세대","","2693","2754","2780","2757","2757",
"창5동","3인세대","","2138","2120","2127","2119","2119",
"창5동","4인세대","","1514","1478","1451","1434","1434",
"창5동","5인세대","","297","287","292","299","299",
"창5동","6인세대","","79","76","74","72","72",
"창5동","7인세대","","17","17","15","17","17",
"창5동","8인세대","","5","5","5","4","4",
"창5동","9인세대","","3","2","2","2","2",
"창5동","10인세대 이상","","-","-","0","0","-",
"도봉1동","전체세대","","10222","10244","10230","10205","10205",
"도봉1동","1인세대","","4813","4831","4851","4867","4867",
"도봉1동","2인세대","","2857","2864","2847","2832","2832",
"도봉1동","3인세대","","1467","1478","1465","1455","1455",
"도봉1동","4인세대","","816","804","803","791","791",
"도봉1동","5인세대","","211","211","201","198","198",
"도봉1동","6인세대","","43","42","49","48","48",
"도봉1동","7인세대","","11","10","10","10","10",
"도봉1동","8인세대","","3","4","4","4","4",
"도봉1동","9인세대","","1","-","0","0","-",
"도봉1동","10인세대 이상","","-","-","0","0","-",
"도봉2동","전체세대","","11867","11869","11890","11807","11807",
"도봉2동","1인세대","","4383","4390","4423","4377","4377",
"도봉2동","2인세대","","3364","3372","3400","3399","3399",
"도봉2동","3인세대","","2299","2301","2266","2253","2253",
"도봉2동","4인세대","","1408","1405","1409","1392","1392",
"도봉2동","5인세대","","319","312","298","292","292",
"도봉2동","6인세대","","72","69","74","72","72",
"도봉2동","7인세대","","15","14","16","17","17",
"도봉2동","8인세대","","5","5","3","4","4",
"도봉2동","9인세대","","1","1","1","1","1",
"도봉2동","10인세대 이상","","1","-","0","0","-",
"쌍문1동","전체세대","","9654","9664","9677","9677","9677",
"쌍문1동","1인세대","","3844","3853","3902","3934","3934",
"쌍문1동","2인세대","","2544","2576","2568","2562","2562",
"쌍문1동","3인세대","","1816","1814","1806","1783","1783",
"쌍문1동","4인세대","","1081","1056","1049","1042","1042",
"쌍문1동","5인세대","","278","278","264","266","266",
"쌍문1동","6인세대","","69","64","62","67","67",
"쌍문1동","7인세대","","17","17","20","18","18",
"쌍문1동","8인세대","","4","4","2","1","1",
"쌍문1동","9인세대","","1","1","2","2","2",
"쌍문1동","10인세대 이상","","-","1","2","2","2",
"쌍문2동","전체세대","","8430","8439","8403","8404","8404",
"쌍문2동","1인세대","","3441","3480","3488","3491","3491",
"쌍문2동","2인세대","","2352","2365","2348","2359","2359",
"쌍문2동","3인세대","","1442","1415","1404","1411","1411",
"쌍문2동","4인세대","","942","929","914","894","894",
"쌍문2동","5인세대","","197","196","197","198","198",
"쌍문2동","6인세대","","40","38","37","38","38",
"쌍문2동","7인세대","","11","11","11","11","11",
"쌍문2동","8인세대","","3","3","2","1","1",
"쌍문2동","9인세대","","-","-","0","0","-",
"쌍문2동","10인세대 이상","","2","2","2","1","1",
"쌍문3동","전체세대","","8229","8222","8225","8206","8206",
"쌍문3동","1인세대","","3890","3901","3923","3920","3920",
"쌍문3동","2인세대","","2012","2005","2018","2034","2034",
"쌍문3동","3인세대","","1342","1334","1308","1287","1287",
"쌍문3동","4인세대","","778","774","777","767","767",
"쌍문3동","5인세대","","173","174","167","165","165",
"쌍문3동","6인세대","","24","25","24","25","25",
"쌍문3동","7인세대","","8","8","7","7","7",
"쌍문3동","8인세대","","2","1","1","1","1",
"쌍문3동","9인세대","","-","-","0","0","-",
"쌍문3동","10인세대 이상","","-","-","0","0","-",
"쌍문4동","전체세대","","7099","7108","7088","7081","7081",
"쌍문4동","1인세대","","1815","1806","1794","1808","1808",
"쌍문4동","2인세대","","1892","1911","1928","1929","1929",
"쌍문4동","3인세대","","1751","1759","1759","1761","1761",
"쌍문4동","4인세대","","1328","1324","1292","1277","1277",
"쌍문4동","5인세대","","258","250","255","251","251",
"쌍문4동","6인세대","","41","42","47","44","44",
"쌍문4동","7인세대","","9","10","9","7","7",
"쌍문4동","8인세대","","4","5","4","4","4",
"쌍문4동","9인세대","","1","1","0","0","-",
"쌍문4동","10인세대 이상","","-","-","0","0","-",
"방학1동","전체세대","","12959","12940","13118","13170","13170",
"방학1동","1인세대","","5571","5587","5691","5675","5675",
"방학1동","2인세대","","3156","3149","3191","3232","3232",
"방학1동","3인세대","","2203","2194","2196","2195","2195",
"방학1동","4인세대","","1534","1530","1555","1573","1573",
"방학1동","5인세대","","386","375","380","390","390",
"방학1동","6인세대","","86","84","81","80","80",
"방학1동","7인세대","","18","18","19","21","21",
"방학1동","8인세대","","4","2","2","2","2",
"방학1동","9인세대","","-","-","2","1","1",
"방학1동","10인세대 이상","","1","1","1","1","1",
"방학2동","전체세대","","9082","9068","9035","9056","9056",
"방학2동","1인세대","","4114","4121","4141","4178","4178",
"방학2동","2인세대","","2468","2484","2496","2503","2503",
"방학2동","3인세대","","1422","1406","1367","1361","1361",
"방학2동","4인세대","","809","797","770","761","761",
"방학2동","5인세대","","223","216","216","205","205",
"방학2동","6인세대","","34","32","32","36","36",
"방학2동","7인세대","","8","6","8","6","6",
"방학2동","8인세대","","3","4","4","3","3",
"방학2동","9인세대","","1","1","1","3","3",
"방학2동","10인세대 이상","","-","1","0","0","-",
"방학3동","전체세대","","9901","9909","9902","9912","9912",
"방학3동","1인세대","","2196","2225","2239","2250","2250",
"방학3동","2인세대","","2803","2824","2853","2887","2887",
"방학3동","3인세대","","2445","2427","2421","2416","2416",
"방학3동","4인세대","","1892","1890","1860","1834","1834",
"방학3동","5인세대","","446","425","415","413","413",
"방학3동","6인세대","","92","90","86","83","83",
"방학3동","7인세대","","18","19","19","20","20",
"방학3동","8인세대","","6","6","7","7","7",
"방학3동","9인세대","","3","3","2","2","2",
"방학3동","10인세대 이상","","-","-","0","0","-",
"노원구","전체세대","","218325","217558","217252","216559","216559",
"노원구","1인세대","","81235","80994","80973","80719","80719",
"노원구","2인세대","","53642","53696","53946","53976","53976",
"노원구","3인세대","","42453","42421","42362","42228","42228",
"노원구","4인세대","","33192","32805","32407","32127","32127",
"노원구","5인세대","","6336","6203","6143","6093","6093",
"노원구","6인세대","","1124","1100","1078","1073","1073",
"노원구","7인세대","","237","239","237","235","235",
"노원구","8인세대","","65","61","68","67","67",
"노원구","9인세대","","28","25","24","27","27",
"노원구","10인세대 이상","","13","14","14","14","14",
"월계1동","전체세대","","10079","10058","10046","10031","10031",
"월계1동","1인세대","","4806","4816","4799","4810","4810",
"월계1동","2인세대","","2199","2173","2219","2217","2217",
"월계1동","3인세대","","1584","1604","1588","1587","1587",
"월계1동","4인세대","","1143","1128","1106","1093","1093",
"월계1동","5인세대","","288","279","279","269","269",
"월계1동","6인세대","","45","43","37","36","36",
"월계1동","7인세대","","8","9","12","14","14",
"월계1동","8인세대","","6","4","4","3","3",
"월계1동","9인세대","","-","2","2","2","2",
"월계1동","10인세대 이상","","-","-","0","0","-",
"월계2동","전체세대","","11675","11655","11656","11594","11594",
"월계2동","1인세대","","4547","4558","4547","4535","4535",
"월계2동","2인세대","","3168","3170","3183","3155","3155",
"월계2동","3인세대","","2109","2091","2105","2099","2099",
"월계2동","4인세대","","1462","1444","1435","1420","1420",
"월계2동","5인세대","","316","319","323","322","322",
"월계2동","6인세대","","60","60","52","53","53",
"월계2동","7인세대","","12","12","10","9","9",
"월계2동","8인세대","","-","-","0","0","-",
"월계2동","9인세대","","1","1","1","1","1",
"월계2동","10인세대 이상","","-","-","0","0","-",
"월계3동","전체세대","","12866","12851","12845","12810","12810",
"월계3동","1인세대","","4627","4624","4621","4623","4623",
"월계3동","2인세대","","3699","3734","3752","3729","3729",
"월계3동","3인세대","","2584","2570","2568","2567","2567",
"월계3동","4인세대","","1558","1543","1524","1516","1516",
"월계3동","5인세대","","297","286","289","286","286",
"월계3동","6인세대","","85","77","71","68","68",
"월계3동","7인세대","","12","12","15","16","16",
"월계3동","8인세대","","3","4","3","3","3",
"월계3동","9인세대","","1","1","1","1","1",
"월계3동","10인세대 이상","","-","-","1","1","1",
"공릉1동","전체세대","","18857","18806","18813","18763","18763",
"공릉1동","1인세대","","10002","9972","9991","9990","9990",
"공릉1동","2인세대","","3920","3941","3961","3960","3960",
"공릉1동","3인세대","","2608","2599","2601","2575","2575",
"공릉1동","4인세대","","1831","1808","1772","1751","1751",
"공릉1동","5인세대","","401","393","394","391","391",
"공릉1동","6인세대","","78","76","78","82","82",
"공릉1동","7인세대","","11","11","11","9","9",
"공릉1동","8인세대","","4","5","4","3","3",
"공릉1동","9인세대","","2","1","1","2","2",
"공릉1동","10인세대 이상","","-","-","0","0","-",
"공릉2동","전체세대","","17981","17964","17903","17854","17854",
"공릉2동","1인세대","","6802","6803","6789","6756","6756",
"공릉2동","2인세대","","3858","3895","3879","3895","3895",
"공릉2동","3인세대","","3540","3534","3528","3535","3535",
"공릉2동","4인세대","","3058","3016","2994","2965","2965",
"공릉2동","5인세대","","594","584","581","575","575",
"공릉2동","6인세대","","102","106","107","103","103",
"공릉2동","7인세대","","18","18","17","16","16",
"공릉2동","8인세대","","2","3","3","4","4",
"공릉2동","9인세대","","6","4","3","3","3",
"공릉2동","10인세대 이상","","1","1","2","2","2",
"하계1동","전체세대","","12686","12462","12448","12198","12198",
"하계1동","1인세대","","6128","5924","5918","5673","5673",
"하계1동","2인세대","","2404","2420","2423","2431","2431",
"하계1동","3인세대","","1976","1989","1985","1982","1982",
"하계1동","4인세대","","1786","1745","1740","1728","1728",
"하계1동","5인세대","","317","310","308","312","312",
"하계1동","6인세대","","50","51","50","50","50",
"하계1동","7인세대","","16","15","12","12","12",
"하계1동","8인세대","","4","3","8","6","6",
"하계1동","9인세대","","2","2","2","3","3",
"하계1동","10인세대 이상","","3","3","2","1","1",
"하계2동","전체세대","","8144","7630","7594","7584","7584",
"하계2동","1인세대","","2054","1839","1817","1815","1815",
"하계2동","2인세대","","2040","1865","1877","1886","1886",
"하계2동","3인세대","","1962","1909","1920","1908","1908",
"하계2동","4인세대","","1739","1685","1652","1650","1650",
"하계2동","5인세대","","292","278","272","270","270",
"하계2동","6인세대","","46","42","44","41","41",
"하계2동","7인세대","","7","8","9","11","11",
"하계2동","8인세대","","3","3","3","3","3",
"하계2동","9인세대","","1","1","0","0","-",
"하계2동","10인세대 이상","","-","-","0","0","-",
"중계본동","전체세대","","7888","7865","7864","7865","7865",
"중계본동","1인세대","","1672","1661","1654","1648","1648",
"중계본동","2인세대","","1502","1503","1531","1523","1523",
"중계본동","3인세대","","1896","1903","1912","1942","1942",
"중계본동","4인세대","","2217","2214","2189","2179","2179",
"중계본동","5인세대","","504","487","479","474","474",
"중계본동","6인세대","","72","72","75","76","76",
"중계본동","7인세대","","18","18","17","15","15",
"중계본동","8인세대","","4","5","5","6","6",
"중계본동","9인세대","","3","2","2","2","2",
"중계본동","10인세대 이상","","-","-","0","0","-",
"중계1동","전체세대","","8921","8922","8917","8919","8919",
"중계1동","1인세대","","1507","1522","1509","1505","1505",
"중계1동","2인세대","","1571","1575","1609","1593","1593",
"중계1동","3인세대","","2528","2557","2569","2578","2578",
"중계1동","4인세대","","2808","2774","2755","2768","2768",
"중계1동","5인세대","","430","421","405","406","406",
"중계1동","6인세대","","57","51","47","46","46",
"중계1동","7인세대","","14","16","16","14","14",
"중계1동","8인세대","","5","4","5","7","7",
"중계1동","9인세대","","-","1","1","1","1",
"중계1동","10인세대 이상","","1","1","1","1","1",
"중계4동","전체세대","","8170","8156","8153","8116","8116",
"중계4동","1인세대","","2928","2934","2915","2908","2908",
"중계4동","2인세대","","1982","1981","2005","2016","2016",
"중계4동","3인세대","","1567","1571","1582","1562","1562",
"중계4동","4인세대","","1348","1325","1314","1287","1287",
"중계4동","5인세대","","268","268","267","271","271",
"중계4동","6인세대","","55","52","47","48","48",
"중계4동","7인세대","","12","15","12","12","12",
"중계4동","8인세대","","7","7","8","9","9",
"중계4동","9인세대","","3","3","3","3","3",
"중계4동","10인세대 이상","","-","-","0","0","-",
"중계2.3동","전체세대","","14791","14983","14961","14961","14961",
"중계2.3동","1인세대","","5661","5804","5799","5859","5859",
"중계2.3동","2인세대","","4173","4224","4252","4236","4236",
"중계2.3동","3인세대","","2723","2734","2749","2725","2725",
"중계2.3동","4인세대","","1883","1875","1812","1802","1802",
"중계2.3동","5인세대","","288","284","294","284","284",
"중계2.3동","6인세대","","47","46","41","38","38",
"중계2.3동","7인세대","","10","11","10","12","12",
"중계2.3동","8인세대","","4","3","2","3","3",
"중계2.3동","9인세대","","1","1","1","1","1",
"중계2.3동","10인세대 이상","","1","1","1","1","1",
"상계1동","전체세대","","15538","15565","15558","15537","15537",
"상계1동","1인세대","","5067","5086","5114","5124","5124",
"상계1동","2인세대","","4213","4242","4260","4302","4302",
"상계1동","3인세대","","3222","3205","3174","3146","3146",
"상계1동","4인세대","","2363","2359","2340","2303","2303",
"상계1동","5인세대","","526","528","522","520","520",
"상계1동","6인세대","","112","112","114","110","110",
"상계1동","7인세대","","25","25","25","23","23",
"상계1동","8인세대","","7","5","6","6","6",
"상계1동","9인세대","","1","1","2","1","1",
"상계1동","10인세대 이상","","2","2","1","2","2",
"상계2동","전체세대","","8508","8497","8528","8528","8528",
"상계2동","1인세대","","3407","3398","3464","3483","3483",
"상계2동","2인세대","","1909","1920","1933","1926","1926",
"상계2동","3인세대","","1580","1596","1579","1595","1595",
"상계2동","4인세대","","1308","1293","1255","1237","1237",
"상계2동","5인세대","","243","225","231","222","222",
"상계2동","6인세대","","54","58","59","56","56",
"상계2동","7인세대","","4","5","5","6","6",
"상계2동","8인세대","","2","2","2","3","3",
"상계2동","9인세대","","1","-","0","0","-",
"상계2동","10인세대 이상","","-","-","0","0","-",
"상계3.4동","전체세대","","12421","12416","12372","12328","12328",
"상계3.4동","1인세대","","4955","4982","5004","4978","4978",
"상계3.4동","2인세대","","3129","3127","3099","3116","3116",
"상계3.4동","3인세대","","2127","2134","2127","2105","2105",
"상계3.4동","4인세대","","1720","1702","1675","1665","1665",
"상계3.4동","5인세대","","395","382","380","375","375",
"상계3.4동","6인세대","","75","74","71","73","73",
"상계3.4동","7인세대","","16","12","13","13","13",
"상계3.4동","8인세대","","4","3","3","3","3",
"상계3.4동","9인세대","","-","-","0","0","-",
"상계3.4동","10인세대 이상","","-","-","0","0","-",
"상계5동","전체세대","","10861","10887","10865","10818","10818",
"상계5동","1인세대","","4630","4670","4661","4657","4657",
"상계5동","2인세대","","2821","2848","2872","2872","2872",
"상계5동","3인세대","","1905","1893","1861","1818","1818",
"상계5동","4인세대","","1182","1152","1155","1154","1154",
"상계5동","5인세대","","262","268","256","257","257",
"상계5동","6인세대","","47","42","47","47","47",
"상계5동","7인세대","","10","10","9","9","9",
"상계5동","8인세대","","1","1","1","2","2",
"상계5동","9인세대","","2","1","1","0","-",
"상계5동","10인세대 이상","","1","2","2","2","2",
"상계6.7동","전체세대","","13907","13802","13760","13732","13732",
"상계6.7동","1인세대","","5108","5058","5032","5028","5028",
"상계6.7동","2인세대","","3613","3602","3631","3638","3638",
"상계6.7동","3인세대","","2818","2814","2811","2808","2808",
"상계6.7동","4인세대","","1960","1943","1909","1885","1885",
"상계6.7동","5인세대","","338","320","311","302","302",
"상계6.7동","6인세대","","51","48","46","53","53",
"상계6.7동","7인세대","","14","11","13","12","12",
"상계6.7동","8인세대","","1","2","3","1","1",
"상계6.7동","9인세대","","1","1","1","2","2",
"상계6.7동","10인세대 이상","","3","3","3","3","3",
"상계8동","전체세대","","9069","9087","9065","9072","9072",
"상계8동","1인세대","","2446","2465","2499","2505","2505",
"상계8동","2인세대","","2801","2811","2772","2798","2798",
"상계8동","3인세대","","2213","2202","2198","2204","2204",
"상계8동","4인세대","","1383","1384","1378","1343","1343",
"상계8동","5인세대","","196","195","187","190","190",
"상계8동","6인세대","","21","22","22","24","24",
"상계8동","7인세대","","5","5","6","6","6",
"상계8동","8인세대","","3","2","2","1","1",
"상계8동","9인세대","","-","-","0","0","-",
"상계8동","10인세대 이상","","1","1","1","1","1",
"상계9동","전체세대","","8352","8349","8310","8275","8275",
"상계9동","1인세대","","2598","2593","2573","2570","2570",
"상계9동","2인세대","","2456","2456","2457","2451","2451",
"상계9동","3인세대","","1823","1838","1830","1825","1825",
"상계9동","4인세대","","1237","1220","1220","1199","1199",
"상계9동","5인세대","","194","197","182","185","185",
"상계9동","6인세대","","30","31","33","31","31",
"상계9동","7인세대","","10","10","10","10","10",
"상계9동","8인세대","","2","2","3","1","1",
"상계9동","9인세대","","2","2","2","3","3",
"상계9동","10인세대 이상","","-","-","0","0","-",
"상계10동","전체세대","","7611","7603","7594","7574","7574",
"상계10동","1인세대","","2290","2285","2267","2252","2252",
"상계10동","2인세대","","2184","2209","2231","2232","2232",
"상계10동","3인세대","","1688","1678","1675","1667","1667",
"상계10동","4인세대","","1206","1195","1182","1182","1182",
"상계10동","5인세대","","187","179","183","182","182",
"상계10동","6인세대","","37","37","37","38","38",
"상계10동","7인세대","","15","16","15","16","16",
"상계10동","8인세대","","3","3","3","3","3",
"상계10동","9인세대","","1","1","1","2","2",
"상계10동","10인세대 이상","","-","-","0","0","-",
"은평구","전체세대","","215655","215555","215129","214276","214276",
"은평구","1인세대","","89014","89141","88795","88497","88497",
"은평구","2인세대","","54448","54646","54960","54836","54836",
"은평구","3인세대","","37987","37966","37891","37709","37709",
"은평구","4인세대","","26279","25961","25736","25601","25601",
"은평구","5인세대","","6189","6126","6082","6014","6014",
"은평구","6인세대","","1321","1303","1249","1210","1210",
"은평구","7인세대","","282","287","288","284","284",
"은평구","8인세대","","78","70","70","69","69",
"은평구","9인세대","","26","27","31","28","28",
"은평구","10인세대 이상","","31","28","27","28","28",
"녹번동","전체세대","","17443","17424","17417","17426","17426",
"녹번동","1인세대","","7721","7725","7736","7762","7762",
"녹번동","2인세대","","4469","4499","4520","4508","4508",
"녹번동","3인세대","","2903","2890","2890","2902","2902",
"녹번동","4인세대","","1871","1837","1819","1805","1805",
"녹번동","5인세대","","362","353","338","336","336",
"녹번동","6인세대","","89","91","86","85","85",
"녹번동","7인세대","","22","22","21","21","21",
"녹번동","8인세대","","4","4","3","3","3",
"녹번동","9인세대","","-","2","3","2","2",
"녹번동","10인세대 이상","","2","1","1","2","2",
"불광1동","전체세대","","18166","18109","17556","16582","16582",
"불광1동","1인세대","","7809","7763","7429","6935","6935",
"불광1동","2인세대","","4682","4703","4613","4389","4389",
"불광1동","3인세대","","3186","3171","3107","2948","2948",
"불광1동","4인세대","","1939","1920","1878","1812","1812",
"불광1동","5인세대","","430","431","420","399","399",
"불광1동","6인세대","","93","94","84","77","77",
"불광1동","7인세대","","19","20","17","16","16",
"불광1동","8인세대","","6","6","6","4","4",
"불광1동","9인세대","","1","1","2","2","2",
"불광1동","10인세대 이상","","1","-","0","0","-",
"불광2동","전체세대","","14116","14124","14076","14087","14087",
"불광2동","1인세대","","7139","7194","7170","7195","7195",
"불광2동","2인세대","","3491","3474","3480","3512","3512",
"불광2동","3인세대","","2046","2034","2022","1986","1986",
"불광2동","4인세대","","1086","1071","1057","1050","1050",
"불광2동","5인세대","","280","282","279","278","278",
"불광2동","6인세대","","56","52","51","51","51",
"불광2동","7인세대","","15","15","15","12","12",
"불광2동","8인세대","","3","2","2","3","3",
"불광2동","9인세대","","-","-","0","0","-",
"불광2동","10인세대 이상","","-","-","0","0","-",
"갈현1동","전체세대","","7224","7218","7195","7200","7200",
"갈현1동","1인세대","","3436","3445","3439","3454","3454",
"갈현1동","2인세대","","1778","1789","1789","1789","1789",
"갈현1동","3인세대","","1093","1091","1102","1091","1091",
"갈현1동","4인세대","","722","701","677","685","685",
"갈현1동","5인세대","","155","152","150","146","146",
"갈현1동","6인세대","","34","34","30","28","28",
"갈현1동","7인세대","","5","5","7","6","6",
"갈현1동","8인세대","","1","1","1","1","1",
"갈현1동","9인세대","","-","-","0","0","-",
"갈현1동","10인세대 이상","","-","-","0","0","-",
"갈현2동","전체세대","","12766","12739","12708","12717","12717",
"갈현2동","1인세대","","5144","5168","5178","5186","5186",
"갈현2동","2인세대","","3404","3409","3417","3439","3439",
"갈현2동","3인세대","","2265","2250","2231","2213","2213",
"갈현2동","4인세대","","1510","1483","1460","1451","1451",
"갈현2동","5인세대","","342","328","329","342","342",
"갈현2동","6인세대","","76","75","66","59","59",
"갈현2동","7인세대","","16","19","19","19","19",
"갈현2동","8인세대","","4","2","2","2","2",
"갈현2동","9인세대","","1","2","3","2","2",
"갈현2동","10인세대 이상","","4","3","3","4","4",
"구산동","전체세대","","13499","13459","13463","13444","13444",
"구산동","1인세대","","5028","5007","5004","5007","5007",
"구산동","2인세대","","3567","3592","3629","3595","3595",
"구산동","3인세대","","2613","2577","2558","2580","2580",
"구산동","4인세대","","1719","1717","1704","1703","1703",
"구산동","5인세대","","442","435","434","431","431",
"구산동","6인세대","","92","95","97","94","94",
"구산동","7인세대","","23","23","23","20","20",
"구산동","8인세대","","7","5","6","6","6",
"구산동","9인세대","","2","3","3","3","3",
"구산동","10인세대 이상","","6","5","5","5","5",
"대조동","전체세대","","15548","15546","15503","15516","15516",
"대조동","1인세대","","8797","8822","8789","8792","8792",
"대조동","2인세대","","3655","3649","3631","3652","3652",
"대조동","3인세대","","1760","1763","1783","1786","1786",
"대조동","4인세대","","1041","1022","1005","989","989",
"대조동","5인세대","","227","224","225","224","224",
"대조동","6인세대","","51","50","55","55","55",
"대조동","7인세대","","13","13","12","14","14",
"대조동","8인세대","","3","3","3","4","4",
"대조동","9인세대","","1","-","0","0","-",
"대조동","10인세대 이상","","-","-","0","0","-",
"응암1동","전체세대","","15081","15101","15121","15109","15109",
"응암1동","1인세대","","6303","6329","6308","6322","6322",
"응암1동","2인세대","","3758","3773","3826","3816","3816",
"응암1동","3인세대","","2629","2623","2634","2636","2636",
"응암1동","4인세대","","1826","1820","1810","1805","1805",
"응암1동","5인세대","","443","441","429","419","419",
"응암1동","6인세대","","91","87","83","79","79",
"응암1동","7인세대","","18","15","18","19","19",
"응암1동","8인세대","","3","3","5","6","6",
"응암1동","9인세대","","5","5","4","4","4",
"응암1동","10인세대 이상","","5","5","4","3","3",
"응암2동","전체세대","","10981","10976","10946","10930","10930",
"응암2동","1인세대","","3125","3130","3109","3103","3103",
"응암2동","2인세대","","2753","2739","2762","2762","2762",
"응암2동","3인세대","","2637","2663","2656","2645","2645",
"응암2동","4인세대","","1963","1939","1922","1936","1936",
"응암2동","5인세대","","394","397","397","381","381",
"응암2동","6인세대","","80","80","73","76","76",
"응암2동","7인세대","","18","18","16","15","15",
"응암2동","8인세대","","5","5","5","6","6",
"응암2동","9인세대","","4","3","3","3","3",
"응암2동","10인세대 이상","","2","2","3","3","3",
"응암3동","전체세대","","12522","12531","12526","12526","12526",
"응암3동","1인세대","","6525","6537","6565","6606","6606",
"응암3동","2인세대","","3054","3082","3083","3046","3046",
"응암3동","3인세대","","1689","1682","1658","1671","1671",
"응암3동","4인세대","","970","945","934","927","927",
"응암3동","5인세대","","210","211","216","211","211",
"응암3동","6인세대","","57","56","53","49","49",
"응암3동","7인세대","","12","13","12","12","12",
"응암3동","8인세대","","4","4","4","3","3",
"응암3동","9인세대","","-","-","0","0","-",
"응암3동","10인세대 이상","","1","1","1","1","1",
"역촌동","전체세대","","21228","21276","21279","21280","21280",
"역촌동","1인세대","","8763","8765","8749","8790","8790",
"역촌동","2인세대","","5527","5572","5641","5674","5674",
"역촌동","3인세대","","3804","3833","3816","3775","3775",
"역촌동","4인세대","","2415","2377","2352","2326","2326",
"역촌동","5인세대","","576","582","579","580","580",
"역촌동","6인세대","","106","111","106","102","102",
"역촌동","7인세대","","26","24","25","22","22",
"역촌동","8인세대","","6","7","5","5","5",
"역촌동","9인세대","","4","4","5","5","5",
"역촌동","10인세대 이상","","1","1","1","1","1",
"신사1동","전체세대","","11993","12006","11961","11954","11954",
"신사1동","1인세대","","4572","4590","4558","4566","4566",
"신사1동","2인세대","","3249","3299","3319","3339","3339",
"신사1동","3인세대","","2314","2293","2262","2250","2250",
"신사1동","4인세대","","1436","1411","1405","1385","1385",
"신사1동","5인세대","","328","317","324","326","326",
"신사1동","6인세대","","68","69","70","65","65",
"신사1동","7인세대","","20","22","16","16","16",
"신사1동","8인세대","","4","3","5","5","5",
"신사1동","9인세대","","-","-","1","1","1",
"신사1동","10인세대 이상","","2","2","1","1","1",
"신사2동","전체세대","","8676","8664","8637","8801","8801",
"신사2동","1인세대","","3450","3466","3442","3474","3474",
"신사2동","2인세대","","2273","2270","2305","2378","2378",
"신사2동","3인세대","","1590","1593","1590","1635","1635",
"신사2동","4인세대","","1071","1053","1020","1038","1038",
"신사2동","5인세대","","221","213","211","212","212",
"신사2동","6인세대","","53","51","50","44","44",
"신사2동","7인세대","","12","12","14","16","16",
"신사2동","8인세대","","3","3","2","1","1",
"신사2동","9인세대","","1","1","2","2","2",
"신사2동","10인세대 이상","","2","2","1","1","1",
"증산동","전체세대","","6759","6710","6679","6620","6620",
"증산동","1인세대","","2344","2314","2293","2281","2281",
"증산동","2인세대","","1791","1797","1805","1777","1777",
"증산동","3인세대","","1272","1266","1264","1258","1258",
"증산동","4인세대","","985","974","961","957","957",
"증산동","5인세대","","299","291","293","282","282",
"증산동","6인세대","","54","53","48","48","48",
"증산동","7인세대","","8","10","11","14","14",
"증산동","8인세대","","5","4","4","3","3",
"증산동","9인세대","","1","1","0","0","-",
"증산동","10인세대 이상","","-","-","0","0","-",
"수색동","전체세대","","8533","8590","8588","8578","8578",
"수색동","1인세대","","2315","2340","2340","2317","2317",
"수색동","2인세대","","2383","2389","2395","2406","2406",
"수색동","3인세대","","1886","1905","1914","1929","1929",
"수색동","4인세대","","1511","1520","1511","1512","1512",
"수색동","5인세대","","359","354","348","332","332",
"수색동","6인세대","","59","61","60","62","62",
"수색동","7인세대","","15","16","15","15","15",
"수색동","8인세대","","4","4","4","4","4",
"수색동","9인세대","","1","-","0","0","-",
"수색동","10인세대 이상","","-","1","1","1","1",
"진관동","전체세대","","21120","21082","21474","21506","21506",
"진관동","1인세대","","6543","6546","6686","6707","6707",
"진관동","2인세대","","4614","4610","4745","4754","4754",
"진관동","3인세대","","4300","4332","4404","4404","4404",
"진관동","4인세대","","4214","4171","4221","4220","4220",
"진관동","5인세대","","1121","1115","1110","1115","1115",
"진관동","6인세대","","262","244","237","236","236",
"진관동","7인세대","","40","40","47","47","47",
"진관동","8인세대","","16","14","13","13","13",
"진관동","9인세대","","5","5","5","4","4",
"진관동","10인세대 이상","","5","5","6","6","6",
"서대문구","전체세대","","146422","146121","146450","146113","146113",
"서대문구","1인세대","","66850","66678","66871","66680","66680",
"서대문구","2인세대","","32569","32660","32866","32947","32947",
"서대문구","3인세대","","24664","24664","24763","24699","24699",
"서대문구","4인세대","","17411","17206","17112","17004","17004",
"서대문구","5인세대","","3824","3821","3769","3743","3743",
"서대문구","6인세대","","830","823","808","771","771",
"서대문구","7인세대","","190","187","185","194","194",
"서대문구","8인세대","","55","52","49","49","49",
"서대문구","9인세대","","20","18","16","15","15",
"서대문구","10인세대 이상","","9","12","11","11","11",
"천연동","전체세대","","7625","7593","7609","7585","7585",
"천연동","1인세대","","3069","3036","3058","3043","3043",
"천연동","2인세대","","1883","1879","1896","1913","1913",
"천연동","3인세대","","1458","1456","1447","1430","1430",
"천연동","4인세대","","955","960","953","951","951",
"천연동","5인세대","","207","210","200","195","195",
"천연동","6인세대","","39","38","43","39","39",
"천연동","7인세대","","9","9","8","9","9",
"천연동","8인세대","","3","3","2","3","3",
"천연동","9인세대","","1","1","0","0","-",
"천연동","10인세대 이상","","1","1","2","2","2",
"북아현동","전체세대","","7045","7046","7043","7020","7020",
"북아현동","1인세대","","2810","2799","2821","2807","2807",
"북아현동","2인세대","","1648","1669","1664","1674","1674",
"북아현동","3인세대","","1446","1450","1444","1441","1441",
"북아현동","4인세대","","931","918","919","910","910",
"북아현동","5인세대","","170","167","158","152","152",
"북아현동","6인세대","","29","32","27","27","27",
"북아현동","7인세대","","8","8","7","7","7",
"북아현동","8인세대","","1","1","2","1","1",
"북아현동","9인세대","","1","1","1","1","1",
"북아현동","10인세대 이상","","1","1","0","0","-",
"충현동","전체세대","","9972","9960","9956","9912","9912",
"충현동","1인세대","","5118","5096","5108","5064","5064",
"충현동","2인세대","","2053","2070","2075","2074","2074",
"충현동","3인세대","","1455","1457","1455","1461","1461",
"충현동","4인세대","","1046","1034","1017","1014","1014",
"충현동","5인세대","","241","247","241","240","240",
"충현동","6인세대","","45","42","46","46","46",
"충현동","7인세대","","10","9","10","10","10",
"충현동","8인세대","","2","3","2","1","1",
"충현동","9인세대","","1","1","1","1","1",
"충현동","10인세대 이상","","1","1","1","1","1",
"신촌동","전체세대","","15280","15199","15155","15077","15077",
"신촌동","1인세대","","12420","12339","12262","12178","12178",
"신촌동","2인세대","","1530","1531","1538","1559","1559",
"신촌동","3인세대","","721","710","732","729","729",
"신촌동","4인세대","","447","454","457","449","449",
"신촌동","5인세대","","112","112","113","110","110",
"신촌동","6인세대","","34","36","36","36","36",
"신촌동","7인세대","","7","8","7","6","6",
"신촌동","8인세대","","5","5","6","6","6",
"신촌동","9인세대","","2","2","1","1","1",
"신촌동","10인세대 이상","","2","2","3","3","3",
"연희동","전체세대","","18692","18654","18638","18570","18570",
"연희동","1인세대","","10738","10689","10708","10700","10700",
"연희동","2인세대","","3714","3735","3730","3725","3725",
"연희동","3인세대","","2238","2258","2265","2247","2247",
"연희동","4인세대","","1498","1475","1448","1426","1426",
"연희동","5인세대","","384","379","377","364","364",
"연희동","6인세대","","83","82","75","69","69",
"연희동","7인세대","","19","18","19","24","24",
"연희동","8인세대","","13","13","12","11","11",
"연희동","9인세대","","3","2","2","2","2",
"연희동","10인세대 이상","","2","3","2","2","2",
"홍제1동","전체세대","","11113","11155","11154","11120","11120",
"홍제1동","1인세대","","4222","4258","4275","4267","4267",
"홍제1동","2인세대","","2866","2917","2923","2920","2920",
"홍제1동","3인세대","","2156","2143","2144","2135","2135",
"홍제1동","4인세대","","1434","1406","1389","1388","1388",
"홍제1동","5인세대","","332","328","319","309","309",
"홍제1동","6인세대","","78","81","77","74","74",
"홍제1동","7인세대","","17","15","21","21","21",
"홍제1동","8인세대","","6","5","5","5","5",
"홍제1동","9인세대","","1","-","0","0","-",
"홍제1동","10인세대 이상","","1","2","1","1","1",
"홍제3동","전체세대","","7977","7960","7929","7930","7930",
"홍제3동","1인세대","","3036","3033","3016","3028","3028",
"홍제3동","2인세대","","2077","2089","2077","2064","2064",
"홍제3동","3인세대","","1561","1557","1572","1564","1564",
"홍제3동","4인세대","","1035","1000","995","1000","1000",
"홍제3동","5인세대","","210","223","215","220","220",
"홍제3동","6인세대","","42","43","41","40","40",
"홍제3동","7인세대","","12","10","9","10","10",
"홍제3동","8인세대","","4","5","4","4","4",
"홍제3동","9인세대","","-","-","0","0","-",
"홍제3동","10인세대 이상","","-","-","0","0","-",
"홍제2동","전체세대","","5331","5308","5263","5243","5243",
"홍제2동","1인세대","","1822","1827","1806","1790","1790",
"홍제2동","2인세대","","1427","1404","1398","1392","1392",
"홍제2동","3인세대","","1108","1113","1107","1116","1116",
"홍제2동","4인세대","","765","752","749","746","746",
"홍제2동","5인세대","","167","171","164","163","163",
"홍제2동","6인세대","","36","35","32","29","29",
"홍제2동","7인세대","","4","4","5","5","5",
"홍제2동","8인세대","","1","1","1","1","1",
"홍제2동","9인세대","","1","1","0","0","-",
"홍제2동","10인세대 이상","","-","-","1","1","1",
"홍은1동","전체세대","","9659","9652","10226","10334","10334",
"홍은1동","1인세대","","3413","3427","3647","3667","3667",
"홍은1동","2인세대","","2520","2514","2719","2784","2784",
"홍은1동","3인세대","","1974","1973","2079","2084","2084",
"홍은1동","4인세대","","1317","1320","1357","1374","1374",
"홍은1동","5인세대","","328","318","320","324","324",
"홍은1동","6인세대","","84","75","78","73","73",
"홍은1동","7인세대","","15","19","23","25","25",
"홍은1동","8인세대","","6","4","2","2","2",
"홍은1동","9인세대","","2","1","1","1","1",
"홍은1동","10인세대 이상","","-","1","0","0","-",
"홍은2동","전체세대","","12979","12903","12847","12725","12725",
"홍은2동","1인세대","","5279","5290","5298","5250","5250",
"홍은2동","2인세대","","3191","3151","3136","3131","3131",
"홍은2동","3인세대","","2339","2322","2290","2257","2257",
"홍은2동","4인세대","","1687","1662","1647","1619","1619",
"홍은2동","5인세대","","373","365","369","363","363",
"홍은2동","6인세대","","86","91","84","84","84",
"홍은2동","7인세대","","19","17","18","17","17",
"홍은2동","8인세대","","3","2","2","2","2",
"홍은2동","9인세대","","2","3","3","2","2",
"홍은2동","10인세대 이상","","-","-","0","0","-",
"남가좌1동","전체세대","","6169","6145","6126","6203","6203",
"남가좌1동","1인세대","","1401","1381","1369","1397","1397",
"남가좌1동","2인세대","","1328","1361","1368","1376","1376",
"남가좌1동","3인세대","","1626","1608","1613","1632","1632",
"남가좌1동","4인세대","","1440","1424","1411","1420","1420",
"남가좌1동","5인세대","","289","288","287","303","303",
"남가좌1동","6인세대","","62","62","59","54","54",
"남가좌1동","7인세대","","19","17","16","17","17",
"남가좌1동","8인세대","","3","3","2","3","3",
"남가좌1동","9인세대","","1","1","1","1","1",
"남가좌1동","10인세대 이상","","-","-","0","0","-",
"남가좌2동","전체세대","","13342","13314","13292","13235","13235",
"남가좌2동","1인세대","","5641","5610","5591","5569","5569",
"남가좌2동","2인세대","","2885","2899","2910","2895","2895",
"남가좌2동","3인세대","","2460","2463","2482","2490","2490",
"남가좌2동","4인세대","","1915","1902","1879","1858","1858",
"남가좌2동","5인세대","","361","360","345","344","344",
"남가좌2동","6인세대","","61","61","66","60","60",
"남가좌2동","7인세대","","16","16","15","13","13",
"남가좌2동","8인세대","","2","2","2","3","3",
"남가좌2동","9인세대","","1","1","2","3","3",
"남가좌2동","10인세대 이상","","-","-","0","0","-",
"북가좌1동","전체세대","","6745","6745","6738","6737","6737",
"북가좌1동","1인세대","","1702","1706","1695","1699","1699",
"북가좌1동","2인세대","","1703","1688","1689","1693","1693",
"북가좌1동","3인세대","","1641","1666","1658","1672","1672",
"북가좌1동","4인세대","","1313","1298","1311","1298","1298",
"북가좌1동","5인세대","","290","290","295","290","290",
"북가좌1동","6인세대","","74","75","74","68","68",
"북가좌1동","7인세대","","16","18","10","12","12",
"북가좌1동","8인세대","","3","2","4","4","4",
"북가좌1동","9인세대","","3","2","2","1","1",
"북가좌1동","10인세대 이상","","-","-","0","0","-",
"북가좌2동","전체세대","","14493","14487","14474","14422","14422",
"북가좌2동","1인세대","","6179","6187","6217","6221","6221",
"북가좌2동","2인세대","","3744","3753","3743","3747","3747",
"북가좌2동","3인세대","","2481","2488","2475","2441","2441",
"북가좌2동","4인세대","","1628","1601","1580","1551","1551",
"북가좌2동","5인세대","","360","363","366","366","366",
"북가좌2동","6인세대","","77","70","70","72","72",
"북가좌2동","7인세대","","19","19","17","18","18",
"북가좌2동","8인세대","","3","3","3","3","3",
"북가좌2동","9인세대","","1","2","2","2","2",
"북가좌2동","10인세대 이상","","1","1","1","1","1",
"마포구","전체세대","","181157","180907","180703","180260","180260",
"마포구","1인세대","","88257","88088","87979","87786","87786",
"마포구","2인세대","","39071","39180","39274","39225","39225",
"마포구","3인세대","","28166","28262","28285","28317","28317",
"마포구","4인세대","","20388","20191","20088","19868","19868",
"마포구","5인세대","","4113","4028","3958","3947","3947",
"마포구","6인세대","","838","833","804","794","794",
"마포구","7인세대","","234","232","227","230","230",
"마포구","8인세대","","56","59","55","60","60",
"마포구","9인세대","","25","24","24","25","25",
"마포구","10인세대 이상","","9","10","9","8","8",
"아현동","전체세대","","12358","12369","12333","12322","12322",
"아현동","1인세대","","3955","3914","3857","3857","3857",
"아현동","2인세대","","3102","3150","3173","3149","3149",
"아현동","3인세대","","2883","2907","2911","2946","2946",
"아현동","4인세대","","2025","2012","1999","1984","1984",
"아현동","5인세대","","301","293","299","291","291",
"아현동","6인세대","","70","70","69","65","65",
"아현동","7인세대","","16","17","19","23","23",
"아현동","8인세대","","3","3","3","4","4",
"아현동","9인세대","","2","2","2","3","3",
"아현동","10인세대 이상","","1","1","1","0","-",
"공덕동","전체세대","","18442","18442","18473","18458","18458",
"공덕동","1인세대","","9176","9155","9183","9166","9166",
"공덕동","2인세대","","4011","4036","4055","4063","4063",
"공덕동","3인세대","","2846","2877","2864","2874","2874",
"공덕동","4인세대","","1916","1901","1916","1902","1902",
"공덕동","5인세대","","379","363","350","353","353",
"공덕동","6인세대","","86","80","73","67","67",
"공덕동","7인세대","","27","26","28","29","29",
"공덕동","8인세대","","-","1","1","1","1",
"공덕동","9인세대","","1","2","2","2","2",
"공덕동","10인세대 이상","","-","1","1","1","1",
"도화동","전체세대","","9290","9320","9312","9280","9280",
"도화동","1인세대","","3758","3758","3763","3756","3756",
"도화동","2인세대","","2105","2150","2134","2161","2161",
"도화동","3인세대","","1748","1749","1780","1774","1774",
"도화동","4인세대","","1325","1310","1285","1236","1236",
"도화동","5인세대","","267","258","266","268","268",
"도화동","6인세대","","68","75","64","64","64",
"도화동","7인세대","","13","14","14","15","15",
"도화동","8인세대","","3","3","3","5","5",
"도화동","9인세대","","1","2","2","1","1",
"도화동","10인세대 이상","","2","1","1","0","-",
"용강동","전체세대","","9241","9251","9262","9247","9247",
"용강동","1인세대","","3402","3391","3440","3427","3427",
"용강동","2인세대","","2018","2039","2028","2021","2021",
"용강동","3인세대","","1977","1987","1969","1985","1985",
"용강동","4인세대","","1502","1499","1501","1486","1486",
"용강동","5인세대","","269","258","251","252","252",
"용강동","6인세대","","49","54","53","54","54",
"용강동","7인세대","","19","18","16","17","17",
"용강동","8인세대","","4","4","3","3","3",
"용강동","9인세대","","1","1","1","1","1",
"용강동","10인세대 이상","","-","-","0","1","1",
"대흥동","전체세대","","8640","8613","8627","8612","8612",
"대흥동","1인세대","","5631","5624","5614","5598","5598",
"대흥동","2인세대","","1411","1402","1421","1422","1422",
"대흥동","3인세대","","807","811","811","803","803",
"대흥동","4인세대","","639","623","628","635","635",
"대흥동","5인세대","","124","126","126","131","131",
"대흥동","6인세대","","21","20","20","16","16",
"대흥동","7인세대","","5","5","5","5","5",
"대흥동","8인세대","","1","1","1","1","1",
"대흥동","9인세대","","-","-","0","0","-",
"대흥동","10인세대 이상","","1","1","1","1","1",
"염리동","전체세대","","7740","7716","7712","7714","7714",
"염리동","1인세대","","3290","3293","3257","3256","3256",
"염리동","2인세대","","1585","1562","1588","1560","1560",
"염리동","3인세대","","1425","1429","1440","1457","1457",
"염리동","4인세대","","1199","1198","1192","1197","1197",
"염리동","5인세대","","193","190","189","198","198",
"염리동","6인세대","","32","27","29","29","29",
"염리동","7인세대","","13","14","14","15","15",
"염리동","8인세대","","3","3","3","2","2",
"염리동","9인세대","","-","-","0","0","-",
"염리동","10인세대 이상","","-","-","0","0","-",
"신수동","전체세대","","10095","10077","10033","10023","10023",
"신수동","1인세대","","4045","4042","4024","4028","4028",
"신수동","2인세대","","2329","2312","2301","2279","2279",
"신수동","3인세대","","1933","1957","1950","1970","1970",
"신수동","4인세대","","1426","1417","1419","1414","1414",
"신수동","5인세대","","289","272","266","264","264",
"신수동","6인세대","","51","53","54","52","52",
"신수동","7인세대","","17","18","13","10","10",
"신수동","8인세대","","4","3","3","2","2",
"신수동","9인세대","","1","3","3","4","4",
"신수동","10인세대 이상","","-","-","0","0","-",
"서강동","전체세대","","12238","12192","12190","12174","12174",
"서강동","1인세대","","6061","6054","6019","6011","6011",
"서강동","2인세대","","2407","2401","2428","2427","2427",
"서강동","3인세대","","1980","1977","2005","1998","1998",
"서강동","4인세대","","1441","1422","1404","1395","1395",
"서강동","5인세대","","255","243","241","251","251",
"서강동","6인세대","","67","64","64","65","65",
"서강동","7인세대","","16","20","20","16","16",
"서강동","8인세대","","8","9","7","9","9",
"서강동","9인세대","","2","1","1","1","1",
"서강동","10인세대 이상","","1","1","1","1","1",
"서교동","전체세대","","15184","15126","15138","15053","15053",
"서교동","1인세대","","10289","10249","10275","10227","10227",
"서교동","2인세대","","2586","2582","2573","2552","2552",
"서교동","3인세대","","1251","1249","1256","1254","1254",
"서교동","4인세대","","824","812","804","791","791",
"서교동","5인세대","","165","165","164","163","163",
"서교동","6인세대","","46","48","45","44","44",
"서교동","7인세대","","16","15","15","15","15",
"서교동","8인세대","","3","3","3","4","4",
"서교동","9인세대","","4","3","3","3","3",
"서교동","10인세대 이상","","-","-","0","0","-",
"합정동","전체세대","","9109","9078","9045","8933","8933",
"합정동","1인세대","","5169","5131","5123","5062","5062",
"합정동","2인세대","","2082","2091","2077","2044","2044",
"합정동","3인세대","","1050","1058","1065","1068","1068",
"합정동","4인세대","","616","601","595","573","573",
"합정동","5인세대","","148","154","143","144","144",
"합정동","6인세대","","31","32","34","34","34",
"합정동","7인세대","","8","8","6","6","6",
"합정동","8인세대","","3","1","1","1","1",
"합정동","9인세대","","1","1","1","1","1",
"합정동","10인세대 이상","","1","1","0","0","-",
"망원1동","전체세대","","10075","10061","10048","10030","10030",
"망원1동","1인세대","","5289","5298","5304","5293","5293",
"망원1동","2인세대","","2402","2416","2416","2428","2428",
"망원1동","3인세대","","1286","1264","1263","1264","1264",
"망원1동","4인세대","","858","843","831","804","804",
"망원1동","5인세대","","187","188","183","185","185",
"망원1동","6인세대","","39","40","38","42","42",
"망원1동","7인세대","","12","9","10","10","10",
"망원1동","8인세대","","1","2","2","3","3",
"망원1동","9인세대","","1","1","1","1","1",
"망원1동","10인세대 이상","","-","-","0","0","-",
"망원2동","전체세대","","8291","8258","8214","8180","8180",
"망원2동","1인세대","","3450","3431","3400","3393","3393",
"망원2동","2인세대","","2166","2179","2182","2188","2188",
"망원2동","3인세대","","1352","1333","1310","1304","1304",
"망원2동","4인세대","","1058","1055","1071","1049","1049",
"망원2동","5인세대","","208","207","197","190","190",
"망원2동","6인세대","","42","40","40","42","42",
"망원2동","7인세대","","11","10","10","9","9",
"망원2동","8인세대","","2","2","3","4","4",
"망원2동","9인세대","","2","-","0","0","-",
"망원2동","10인세대 이상","","-","1","1","1","1",
"연남동","전체세대","","8340","8307","8241","8241","8241",
"연남동","1인세대","","5104","5100","5060","5096","5096",
"연남동","2인세대","","1671","1649","1645","1635","1635",
"연남동","3인세대","","871","866","865","845","845",
"연남동","4인세대","","528","528","510","508","508",
"연남동","5인세대","","131","130","129","126","126",
"연남동","6인세대","","20","21","19","17","17",
"연남동","7인세대","","6","4","5","6","6",
"연남동","8인세대","","4","4","3","3","3",
"연남동","9인세대","","4","4","4","4","4",
"연남동","10인세대 이상","","1","1","1","1","1",
"성산1동","전체세대","","9628","9654","9623","9594","9594",
"성산1동","1인세대","","4894","4908","4899","4876","4876",
"성산1동","2인세대","","2191","2220","2234","2250","2250",
"성산1동","3인세대","","1333","1328","1328","1325","1325",
"성산1동","4인세대","","899","888","866","850","850",
"성산1동","5인세대","","235","234","230","230","230",
"성산1동","6인세대","","50","47","40","37","37",
"성산1동","7인세대","","17","17","16","17","17",
"성산1동","8인세대","","7","10","8","7","7",
"성산1동","9인세대","","2","2","2","2","2",
"성산1동","10인세대 이상","","-","-","0","0","-",
"성산2동","전체세대","","19728","19693","19703","19675","19675",
"성산2동","1인세대","","9891","9875","9895","9876","9876",
"성산2동","2인세대","","4247","4249","4252","4274","4274",
"성산2동","3인세대","","2992","3012","3023","3016","3016",
"성산2동","4인세대","","2042","2010","1999","1988","1988",
"성산2동","5인세대","","450","445","431","417","417",
"성산2동","6인세대","","80","79","81","80","80",
"성산2동","7인세대","","21","19","18","20","20",
"성산2동","8인세대","","4","3","3","3","3",
"성산2동","9인세대","","-","-","0","0","-",
"성산2동","10인세대 이상","","1","1","1","1","1",
"상암동","전체세대","","12758","12750","12749","12724","12724",
"상암동","1인세대","","4853","4865","4866","4864","4864",
"상암동","2인세대","","2758","2742","2767","2772","2772",
"상암동","3인세대","","2432","2458","2445","2434","2434",
"상암동","4인세대","","2090","2072","2068","2056","2056",
"상암동","5인세대","","512","502","493","484","484",
"상암동","6인세대","","86","83","81","86","86",
"상암동","7인세대","","17","18","18","17","17",
"상암동","8인세대","","6","7","8","8","8",
"상암동","9인세대","","3","2","2","2","2",
"상암동","10인세대 이상","","1","1","1","1","1",
"양천구","전체세대","","180133","180103","179924","179514","179514",
"양천구","1인세대","","59509","59777","59776","59732","59732",
"양천구","2인세대","","42319","42461","42758","42783","42783",
"양천구","3인세대","","38194","38166","38124","38020","38020",
"양천구","4인세대","","32161","31899","31611","31369","31369",
"양천구","5인세대","","6338","6248","6123","6067","6067",
"양천구","6인세대","","1185","1145","1137","1145","1145",
"양천구","7인세대","","269","258","255","270","270",
"양천구","8인세대","","112","104","97","85","85",
"양천구","9인세대","","27","26","26","26","26",
"양천구","10인세대 이상","","19","19","17","17","17",
"목1동","전체세대","","10311","10295","10307","10297","10297",
"목1동","1인세대","","1684","1687","1682","1679","1679",
"목1동","2인세대","","1935","1922","1934","1944","1944",
"목1동","3인세대","","3091","3122","3131","3111","3111",
"목1동","4인세대","","2989","2953","2961","2968","2968",
"목1동","5인세대","","490","491","484","480","480",
"목1동","6인세대","","90","87","84","85","85",
"목1동","7인세대","","22","24","23","23","23",
"목1동","8인세대","","8","6","6","6","6",
"목1동","9인세대","","2","2","1","0","-",
"목1동","10인세대 이상","","-","1","1","1","1",
"목2동","전체세대","","13296","13299","13268","13201","13201",
"목2동","1인세대","","5671","5674","5653","5613","5613",
"목2동","2인세대","","3145","3196","3222","3223","3223",
"목2동","3인세대","","2319","2284","2275","2279","2279",
"목2동","4인세대","","1684","1690","1679","1652","1652",
"목2동","5인세대","","369","350","337","332","332",
"목2동","6인세대","","69","69","67","63","63",
"목2동","7인세대","","28","27","26","30","30",
"목2동","8인세대","","8","6","6","6","6",
"목2동","9인세대","","-","-","1","1","1",
"목2동","10인세대 이상","","3","3","2","2","2",
"목3동","전체세대","","10139","10159","10144","10104","10104",
"목3동","1인세대","","4403","4427","4440","4399","4399",
"목3동","2인세대","","2553","2555","2564","2601","2601",
"목3동","3인세대","","1758","1771","1743","1721","1721",
"목3동","4인세대","","1135","1112","1110","1096","1096",
"목3동","5인세대","","219","230","224","226","226",
"목3동","6인세대","","53","47","44","42","42",
"목3동","7인세대","","10","10","11","12","12",
"목3동","8인세대","","5","4","5","4","4",
"목3동","9인세대","","2","2","2","2","2",
"목3동","10인세대 이상","","1","1","1","1","1",
"목4동","전체세대","","9973","9961","9937","9884","9884",
"목4동","1인세대","","3382","3391","3401","3380","3380",
"목4동","2인세대","","2086","2099","2128","2120","2120",
"목4동","3인세대","","2124","2130","2089","2063","2063",
"목4동","4인세대","","1886","1864","1855","1857","1857",
"목4동","5인세대","","396","376","362","363","363",
"목4동","6인세대","","73","79","81","79","79",
"목4동","7인세대","","18","16","15","16","16",
"목4동","8인세대","","5","4","5","5","5",
"목4동","9인세대","","2","2","1","1","1",
"목4동","10인세대 이상","","1","-","0","0","-",
"목5동","전체세대","","13492","13491","13498","13506","13506",
"목5동","1인세대","","1776","1778","1772","1776","1776",
"목5동","2인세대","","2537","2536","2552","2571","2571",
"목5동","3인세대","","4000","4030","4101","4088","4088",
"목5동","4인세대","","4321","4310","4245","4230","4230",
"목5동","5인세대","","683","666","654","662","662",
"목5동","6인세대","","133","136","135","139","139",
"목5동","7인세대","","25","19","24","29","29",
"목5동","8인세대","","11","10","9","5","5",
"목5동","9인세대","","4","4","4","4","4",
"목5동","10인세대 이상","","2","2","2","2","2",
"신월1동","전체세대","","9856","9857","9833","9832","9832",
"신월1동","1인세대","","4842","4866","4869","4909","4909",
"신월1동","2인세대","","2446","2450","2462","2450","2450",
"신월1동","3인세대","","1483","1470","1453","1442","1442",
"신월1동","4인세대","","853","849","833","820","820",
"신월1동","5인세대","","182","173","171","167","167",
"신월1동","6인세대","","41","39","37","36","36",
"신월1동","7인세대","","5","7","5","5","5",
"신월1동","8인세대","","2","1","1","1","1",
"신월1동","9인세대","","1","1","1","2","2",
"신월1동","10인세대 이상","","1","1","1","0","-",
"신월2동","전체세대","","8673","8697","8681","8673","8673",
"신월2동","1인세대","","2834","2836","2850","2867","2867",
"신월2동","2인세대","","2234","2258","2260","2241","2241",
"신월2동","3인세대","","1789","1791","1773","1779","1779",
"신월2동","4인세대","","1396","1382","1373","1363","1363",
"신월2동","5인세대","","320","336","331","329","329",
"신월2동","6인세대","","73","66","63","64","64",
"신월2동","7인세대","","20","21","24","23","23",
"신월2동","8인세대","","4","4","4","4","4",
"신월2동","9인세대","","2","2","2","2","2",
"신월2동","10인세대 이상","","1","1","1","1","1",
"신월3동","전체세대","","7585","7579","7532","7459","7459",
"신월3동","1인세대","","4092","4099","4091","4045","4045",
"신월3동","2인세대","","1762","1765","1761","1756","1756",
"신월3동","3인세대","","911","920","898","884","884",
"신월3동","4인세대","","598","577","567","568","568",
"신월3동","5인세대","","177","179","176","167","167",
"신월3동","6인세대","","37","32","32","31","31",
"신월3동","7인세대","","3","2","2","3","3",
"신월3동","8인세대","","2","2","2","2","2",
"신월3동","9인세대","","-","-","0","0","-",
"신월3동","10인세대 이상","","3","3","3","3","3",
"신월4동","전체세대","","6802","6816","6797","6769","6769",
"신월4동","1인세대","","1771","1783","1772","1802","1802",
"신월4동","2인세대","","1863","1878","1903","1880","1880",
"신월4동","3인세대","","1617","1627","1622","1613","1613",
"신월4동","4인세대","","1185","1173","1162","1140","1140",
"신월4동","5인세대","","282","277","268","265","265",
"신월4동","6인세대","","72","66","59","59","59",
"신월4동","7인세대","","9","9","8","7","7",
"신월4동","8인세대","","2","2","2","2","2",
"신월4동","9인세대","","1","1","1","1","1",
"신월4동","10인세대 이상","","-","-","0","0","-",
"신월5동","전체세대","","6355","6352","6334","6335","6335",
"신월5동","1인세대","","2532","2555","2541","2540","2540",
"신월5동","2인세대","","1620","1615","1618","1629","1629",
"신월5동","3인세대","","1130","1127","1130","1121","1121",
"신월5동","4인세대","","803","790","795","794","794",
"신월5동","5인세대","","208","202","195","195","195",
"신월5동","6인세대","","47","48","42","43","43",
"신월5동","7인세대","","9","10","8","8","8",
"신월5동","8인세대","","5","4","4","4","4",
"신월5동","9인세대","","1","1","1","1","1",
"신월5동","10인세대 이상","","-","-","0","0","-",
"신월6동","전체세대","","5356","5349","5326","5321","5321",
"신월6동","1인세대","","1280","1281","1261","1237","1237",
"신월6동","2인세대","","1397","1393","1391","1407","1407",
"신월6동","3인세대","","1373","1368","1365","1365","1365",
"신월6동","4인세대","","1043","1047","1052","1052","1052",
"신월6동","5인세대","","229","232","229","225","225",
"신월6동","6인세대","","31","25","23","31","31",
"신월6동","7인세대","","3","3","4","3","3",
"신월6동","8인세대","","-","-","1","1","1",
"신월6동","9인세대","","-","-","0","0","-",
"신월6동","10인세대 이상","","-","-","0","0","-",
"신월7동","전체세대","","9021","9026","9048","9037","9037",
"신월7동","1인세대","","3798","3859","3874","3918","3918",
"신월7동","2인세대","","2654","2640","2670","2658","2658",
"신월7동","3인세대","","1498","1480","1490","1468","1468",
"신월7동","4인세대","","843","816","790","773","773",
"신월7동","5인세대","","183","184","178","174","174",
"신월7동","6인세대","","33","35","35","35","35",
"신월7동","7인세대","","8","7","8","8","8",
"신월7동","8인세대","","4","5","3","3","3",
"신월7동","9인세대","","-","-","0","0","-",
"신월7동","10인세대 이상","","-","-","0","0","-",
"신정1동","전체세대","","6915","6909","6943","6922","6922",
"신정1동","1인세대","","1359","1354","1373","1381","1381",
"신정1동","2인세대","","1338","1342","1369","1375","1375",
"신정1동","3인세대","","1872","1891","1883","1867","1867",
"신정1동","4인세대","","1928","1920","1912","1896","1896",
"신정1동","5인세대","","334","321","323","322","322",
"신정1동","6인세대","","65","63","63","60","60",
"신정1동","7인세대","","11","10","13","14","14",
"신정1동","8인세대","","6","6","5","5","5",
"신정1동","9인세대","","1","1","1","1","1",
"신정1동","10인세대 이상","","1","1","1","1","1",
"신정2동","전체세대","","6796","6777","6792","6794","6794",
"신정2동","1인세대","","1597","1596","1614","1601","1601",
"신정2동","2인세대","","1371","1382","1385","1371","1371",
"신정2동","3인세대","","1590","1587","1606","1648","1648",
"신정2동","4인세대","","1844","1827","1812","1800","1800",
"신정2동","5인세대","","329","325","313","309","309",
"신정2동","6인세대","","43","40","42","46","46",
"신정2동","7인세대","","12","10","9","9","9",
"신정2동","8인세대","","7","7","7","6","6",
"신정2동","9인세대","","-","-","2","2","2",
"신정2동","10인세대 이상","","3","3","2","2","2",
"신정3동","전체세대","","19490","19405","19359","19302","19302",
"신정3동","1인세대","","5576","5556","5530","5524","5524",
"신정3동","2인세대","","5015","5021","5090","5089","5089",
"신정3동","3인세대","","4273","4265","4248","4255","4255",
"신정3동","4인세대","","3605","3560","3493","3462","3462",
"신정3동","5인세대","","844","839","827","804","804",
"신정3동","6인세대","","124","115","127","128","128",
"신정3동","7인세대","","35","31","29","27","27",
"신정3동","8인세대","","12","13","10","8","8",
"신정3동","9인세대","","4","3","3","3","3",
"신정3동","10인세대 이상","","2","2","2","2","2",
"신정4동","전체세대","","16414","16477","16492","16467","16467",
"신정4동","1인세대","","8307","8398","8429","8457","8457",
"신정4동","2인세대","","3785","3815","3851","3846","3846",
"신정4동","3인세대","","2382","2345","2321","2316","2316",
"신정4동","4인세대","","1498","1480","1455","1409","1409",
"신정4동","5인세대","","346","341","341","341","341",
"신정4동","6인세대","","66","64","67","69","69",
"신정4동","7인세대","","19","20","18","21","21",
"신정4동","8인세대","","9","10","7","6","6",
"신정4동","9인세대","","2","4","3","2","2",
"신정4동","10인세대 이상","","-","-","0","0","-",
"신정6동","전체세대","","8181","8184","8161","8164","8164",
"신정6동","1인세대","","1145","1135","1121","1118","1118",
"신정6동","2인세대","","1782","1811","1795","1820","1820",
"신정6동","3인세대","","2410","2417","2457","2440","2440",
"신정6동","4인세대","","2367","2358","2330","2321","2321",
"신정6동","5인세대","","377","361","354","358","358",
"신정6동","6인세대","","70","72","75","75","75",
"신정6동","7인세대","","15","15","14","19","19",
"신정6동","8인세대","","12","12","12","9","9",
"신정6동","9인세대","","2","2","2","2","2",
"신정6동","10인세대 이상","","1","1","1","2","2",
"신정7동","전체세대","","11478","11470","11472","11447","11447",
"신정7동","1인세대","","3460","3502","3503","3486","3486",
"신정7동","2인세대","","2796","2783","2803","2802","2802",
"신정7동","3인세대","","2574","2541","2539","2560","2560",
"신정7동","4인세대","","2183","2191","2187","2168","2168",
"신정7동","5인세대","","370","365","356","348","348",
"신정7동","6인세대","","65","62","61","60","60",
"신정7동","7인세대","","17","17","14","13","13",
"신정7동","8인세대","","10","8","8","8","8",
"신정7동","9인세대","","3","1","1","2","2",
"신정7동","10인세대 이상","","-","-","0","0","-",
"강서구","전체세대","","273685","273259","273397","273604","273604",
"강서구","1인세대","","127289","127257","127586","128104","128104",
"강서구","2인세대","","63374","63543","63911","63977","63977",
"강서구","3인세대","","43236","43205","43114","43087","43087",
"강서구","4인세대","","31289","30890","30551","30307","30307",
"강서구","5인세대","","6669","6571","6449","6353","6353",
"강서구","6인세대","","1350","1320","1320","1315","1315",
"강서구","7인세대","","342","339","337","337","337",
"강서구","8인세대","","98","94","91","87","87",
"강서구","9인세대","","26","26","27","27","27",
"강서구","10인세대 이상","","12","14","11","10","10",
"염창동","전체세대","","16668","16771","16797","16828","16828",
"염창동","1인세대","","5088","5140","5164","5185","5185",
"염창동","2인세대","","3636","3688","3738","3744","3744",
"염창동","3인세대","","3843","3894","3907","3950","3950",
"염창동","4인세대","","3436","3399","3350","3319","3319",
"염창동","5인세대","","551","532","527","517","517",
"염창동","6인세대","","87","93","90","90","90",
"염창동","7인세대","","22","21","17","19","19",
"염창동","8인세대","","4","3","3","3","3",
"염창동","9인세대","","1","1","1","1","1",
"염창동","10인세대 이상","","-","-","0","0","-",
"등촌1동","전체세대","","14386","14372","14324","14295","14295",
"등촌1동","1인세대","","8555","8518","8410","8371","8371",
"등촌1동","2인세대","","2755","2807","2867","2890","2890",
"등촌1동","3인세대","","1729","1706","1711","1720","1720",
"등촌1동","4인세대","","1074","1086","1090","1081","1081",
"등촌1동","5인세대","","221","207","202","189","189",
"등촌1동","6인세대","","37","34","29","30","30",
"등촌1동","7인세대","","10","10","11","10","10",
"등촌1동","8인세대","","4","3","3","3","3",
"등촌1동","9인세대","","-","-","0","0","-",
"등촌1동","10인세대 이상","","1","1","1","1","1",
"등촌2동","전체세대","","8617","8614","8608","8638","8638",
"등촌2동","1인세대","","3285","3290","3308","3348","3348",
"등촌2동","2인세대","","2144","2158","2158","2146","2146",
"등촌2동","3인세대","","1676","1679","1656","1691","1691",
"등촌2동","4인세대","","1154","1137","1142","1113","1113",
"등촌2동","5인세대","","264","265","257","252","252",
"등촌2동","6인세대","","69","61","64","68","68",
"등촌2동","7인세대","","17","16","17","15","15",
"등촌2동","8인세대","","7","7","5","4","4",
"등촌2동","9인세대","","-","-","0","1","1",
"등촌2동","10인세대 이상","","1","1","1","0","-",
"등촌3동","전체세대","","15116","15076","15071","15027","15027",
"등촌3동","1인세대","","7426","7425","7447","7461","7461",
"등촌3동","2인세대","","3792","3786","3796","3758","3758",
"등촌3동","3인세대","","2123","2102","2086","2094","2094",
"등촌3동","4인세대","","1438","1432","1407","1381","1381",
"등촌3동","5인세대","","260","250","257","257","257",
"등촌3동","6인세대","","54","59","52","50","50",
"등촌3동","7인세대","","16","15","18","19","19",
"등촌3동","8인세대","","5","5","5","4","4",
"등촌3동","9인세대","","2","2","3","2","2",
"등촌3동","10인세대 이상","","-","-","0","1","1",
"화곡1동","전체세대","","28009","28044","28035","28087","28087",
"화곡1동","1인세대","","15553","15620","15643","15730","15730",
"화곡1동","2인세대","","6452","6474","6482","6479","6479",
"화곡1동","3인세대","","3498","3495","3489","3487","3487",
"화곡1동","4인세대","","1899","1864","1843","1818","1818",
"화곡1동","5인세대","","452","437","423","424","424",
"화곡1동","6인세대","","102","101","104","103","103",
"화곡1동","7인세대","","36","34","38","37","37",
"화곡1동","8인세대","","13","15","11","7","7",
"화곡1동","9인세대","","2","2","1","1","1",
"화곡1동","10인세대 이상","","2","2","1","1","1",
"화곡2동","전체세대","","8172","8171","8187","8199","8199",
"화곡2동","1인세대","","3539","3560","3574","3579","3579",
"화곡2동","2인세대","","2159","2153","2171","2177","2177",
"화곡2동","3인세대","","1342","1337","1343","1345","1345",
"화곡2동","4인세대","","855","856","842","837","837",
"화곡2동","5인세대","","229","224","222","223","223",
"화곡2동","6인세대","","34","28","23","26","26",
"화곡2동","7인세대","","10","10","9","9","9",
"화곡2동","8인세대","","4","3","2","1","1",
"화곡2동","9인세대","","-","-","0","2","2",
"화곡2동","10인세대 이상","","-","-","1","0","-",
"화곡3동","전체세대","","9693","9704","9707","9658","9658",
"화곡3동","1인세대","","4000","4050","4078","4054","4054",
"화곡3동","2인세대","","2442","2420","2424","2424","2424",
"화곡3동","3인세대","","1637","1633","1627","1622","1622",
"화곡3동","4인세대","","1210","1195","1175","1152","1152",
"화곡3동","5인세대","","306","309","305","308","308",
"화곡3동","6인세대","","74","73","73","73","73",
"화곡3동","7인세대","","19","20","21","21","21",
"화곡3동","8인세대","","2","1","1","2","2",
"화곡3동","9인세대","","3","3","3","2","2",
"화곡3동","10인세대 이상","","-","-","0","0","-",
"화곡4동","전체세대","","9587","9612","9593","9591","9591",
"화곡4동","1인세대","","4276","4311","4295","4296","4296",
"화곡4동","2인세대","","2565","2579","2600","2645","2645",
"화곡4동","3인세대","","1592","1590","1579","1539","1539",
"화곡4동","4인세대","","903","881","869","867","867",
"화곡4동","5인세대","","182","185","186","183","183",
"화곡4동","6인세대","","53","50","48","46","46",
"화곡4동","7인세대","","11","11","10","10","10",
"화곡4동","8인세대","","3","3","4","3","3",
"화곡4동","9인세대","","2","2","2","2","2",
"화곡4동","10인세대 이상","","-","-","0","0","-",
"화곡본동","전체세대","","17219","17222","17171","17135","17135",
"화곡본동","1인세대","","9066","9089","9058","9040","9040",
"화곡본동","2인세대","","3965","3956","3967","3977","3977",
"화곡본동","3인세대","","2279","2304","2299","2292","2292",
"화곡본동","4인세대","","1464","1433","1419","1402","1402",
"화곡본동","5인세대","","352","347","336","333","333",
"화곡본동","6인세대","","66","66","64","64","64",
"화곡본동","7인세대","","17","17","18","16","16",
"화곡본동","8인세대","","5","5","5","7","7",
"화곡본동","9인세대","","3","3","4","3","3",
"화곡본동","10인세대 이상","","2","2","1","1","1",
"화곡6동","전체세대","","13521","13509","13467","13452","13452",
"화곡6동","1인세대","","7116","7090","7044","7065","7065",
"화곡6동","2인세대","","2872","2896","2925","2920","2920",
"화곡6동","3인세대","","1878","1878","1872","1842","1842",
"화곡6동","4인세대","","1329","1316","1295","1301","1301",
"화곡6동","5인세대","","252","252","258","247","247",
"화곡6동","6인세대","","53","56","55","57","57",
"화곡6동","7인세대","","11","12","9","11","11",
"화곡6동","8인세대","","6","5","6","6","6",
"화곡6동","9인세대","","2","2","1","1","1",
"화곡6동","10인세대 이상","","2","2","2","2","2",
"화곡8동","전체세대","","11508","11535","11517","11487","11487",
"화곡8동","1인세대","","5229","5255","5261","5288","5288",
"화곡8동","2인세대","","3140","3172","3190","3170","3170",
"화곡8동","3인세대","","1783","1787","1756","1740","1740",
"화곡8동","4인세대","","1032","999","997","983","983",
"화곡8동","5인세대","","252","249","237","231","231",
"화곡8동","6인세대","","50","50","53","51","51",
"화곡8동","7인세대","","19","20","21","21","21",
"화곡8동","8인세대","","2","2","2","3","3",
"화곡8동","9인세대","","1","-","0","0","-",
"화곡8동","10인세대 이상","","-","1","0","0","-",
"가양1동","전체세대","","21110","21073","21034","21021","21021",
"가양1동","1인세대","","14479","14447","14391","14444","14444",
"가양1동","2인세대","","2916","2945","2984","2950","2950",
"가양1동","3인세대","","2012","1981","1977","1942","1942",
"가양1동","4인세대","","1320","1335","1319","1325","1325",
"가양1동","5인세대","","294","284","282","277","277",
"가양1동","6인세대","","61","56","56","58","58",
"가양1동","7인세대","","20","18","18","17","17",
"가양1동","8인세대","","4","4","3","4","4",
"가양1동","9인세대","","2","1","3","3","3",
"가양1동","10인세대 이상","","2","2","1","1","1",
"가양2동","전체세대","","7926","7892","7905","7920","7920",
"가양2동","1인세대","","4746","4723","4778","4823","4823",
"가양2동","2인세대","","1884","1900","1879","1845","1845",
"가양2동","3인세대","","773","754","751","757","757",
"가양2동","4인세대","","403","395","377","378","378",
"가양2동","5인세대","","74","75","75","71","71",
"가양2동","6인세대","","31","30","32","32","32",
"가양2동","7인세대","","11","10","9","10","10",
"가양2동","8인세대","","3","3","2","2","2",
"가양2동","9인세대","","1","2","2","2","2",
"가양2동","10인세대 이상","","-","-","0","0","-",
"가양3동","전체세대","","7604","7585","7554","7541","7541",
"가양3동","1인세대","","3807","3782","3789","3798","3798",
"가양3동","2인세대","","2263","2273","2246","2245","2245",
"가양3동","3인세대","","1015","1010","1007","1004","1004",
"가양3동","4인세대","","420","421","421","414","414",
"가양3동","5인세대","","78","78","71","61","61",
"가양3동","6인세대","","14","15","15","14","14",
"가양3동","7인세대","","7","6","5","4","4",
"가양3동","8인세대","","-","-","0","1","1",
"가양3동","9인세대","","-","-","0","0","-",
"가양3동","10인세대 이상","","-","-","0","0","-",
"발산1동","전체세대","","13566","13603","13588","13573","13573",
"발산1동","1인세대","","3401","3436","3441","3468","3468",
"발산1동","2인세대","","3441","3469","3484","3468","3468",
"발산1동","3인세대","","3071","3073","3087","3079","3079",
"발산1동","4인세대","","2914","2878","2845","2831","2831",
"발산1동","5인세대","","607","615","595","593","593",
"발산1동","6인세대","","105","104","104","101","101",
"발산1동","7인세대","","25","26","27","28","28",
"발산1동","8인세대","","2","2","4","4","4",
"발산1동","9인세대","","-","-","1","1","1",
"발산1동","10인세대 이상","","-","-","0","0","-",
"우장산동","전체세대","","16771","16846","17318","17367","17367",
"우장산동","1인세대","","4427","4509","4900","4970","4970",
"우장산동","2인세대","","3849","3863","3977","3995","3995",
"우장산동","3인세대","","3941","3977","3966","3972","3972",
"우장산동","4인세대","","3691","3653","3634","3605","3605",
"우장산동","5인세대","","698","680","669","656","656",
"우장산동","6인세대","","119","116","123","123","123",
"우장산동","7인세대","","32","33","31","30","30",
"우장산동","8인세대","","11","12","15","13","13",
"우장산동","9인세대","","3","3","3","3","3",
"우장산동","10인세대 이상","","-","-","0","0","-",
"공항동","전체세대","","13864","13712","13719","13707","13707",
"공항동","1인세대","","6128","6113","6129","6115","6115",
"공항동","2인세대","","3115","3049","3070","3079","3079",
"공항동","3인세대","","2337","2300","2291","2291","2291",
"공항동","4인세대","","1736","1716","1709","1704","1704",
"공항동","5인세대","","436","426","414","413","413",
"공항동","6인세대","","88","85","84","81","81",
"공항동","7인세대","","21","21","20","21","21",
"공항동","8인세대","","3","2","2","3","3",
"공항동","9인세대","","-","-","0","0","-",
"공항동","10인세대 이상","","-","-","0","0","-",
"방화1동","전체세대","","16803","16307","16267","16572","16572",
"방화1동","1인세대","","5253","4948","4925","5093","5093",
"방화1동","2인세대","","4186","4101","4141","4270","4270",
"방화1동","3인세대","","3480","3481","3488","3498","3498",
"방화1동","4인세대","","3012","2914","2872","2871","2871",
"방화1동","5인세대","","710","703","683","683","683",
"방화1동","6인세대","","135","132","130","129","129",
"방화1동","7인세대","","18","18","19","19","19",
"방화1동","8인세대","","6","7","7","7","7",
"방화1동","9인세대","","2","2","1","1","1",
"방화1동","10인세대 이상","","1","1","1","1","1",
"방화2동","전체세대","","12396","12475","12431","12406","12406",
"방화2동","1인세대","","6570","6615","6614","6622","6622",
"방화2동","2인세대","","2961","2990","2955","2927","2927",
"방화2동","3인세대","","1555","1559","1565","1588","1588",
"방화2동","4인세대","","1001","996","979","960","960",
"방화2동","5인세대","","232","240","243","234","234",
"방화2동","6인세대","","55","53","55","55","55",
"방화2동","7인세대","","15","14","14","14","14",
"방화2동","8인세대","","5","5","4","4","4",
"방화2동","9인세대","","1","2","1","1","1",
"방화2동","10인세대 이상","","1","1","1","1","1",
"방화3동","전체세대","","11149","11136","11104","11100","11100",
"방화3동","1인세대","","5345","5336","5337","5354","5354",
"방화3동","2인세대","","2837","2864","2857","2868","2868",
"방화3동","3인세대","","1672","1665","1657","1634","1634",
"방화3동","4인세대","","998","984","966","965","965",
"방화3동","5인세대","","219","213","207","201","201",
"방화3동","6인세대","","63","58","66","64","64",
"방화3동","7인세대","","5","7","5","6","6",
"방화3동","8인세대","","9","7","7","6","6",
"방화3동","9인세대","","1","1","1","1","1",
"방화3동","10인세대 이상","","-","1","1","1","1",
"구로구","전체세대","","183970","184446","184587","184270","184270",
"구로구","1인세대","","78252","78883","79181","79061","79061",
"구로구","2인세대","","45533","45767","45984","46237","46237",
"구로구","3인세대","","31798","31754","31727","31620","31620",
"구로구","4인세대","","22209","21917","21649","21359","21359",
"구로구","5인세대","","4793","4751","4676","4648","4648",
"구로구","6인세대","","1040","1031","1020","1000","1000",
"구로구","7인세대","","252","255","257","250","250",
"구로구","8인세대","","61","56","64","69","69",
"구로구","9인세대","","16","18","16","14","14",
"구로구","10인세대 이상","","16","14","13","12","12",
"신도림동","전체세대","","14383","14402","14406","14431","14431",
"신도림동","1인세대","","4040","4052","4045","4074","4074",
"신도림동","2인세대","","3447","3492","3545","3583","3583",
"신도림동","3인세대","","3391","3387","3393","3381","3381",
"신도림동","4인세대","","2880","2857","2816","2790","2790",
"신도림동","5인세대","","484","471","463","453","453",
"신도림동","6인세대","","111","112","115","120","120",
"신도림동","7인세대","","22","23","21","20","20",
"신도림동","8인세대","","6","7","7","9","9",
"신도림동","9인세대","","2","1","1","1","1",
"신도림동","10인세대 이상","","-","-","0","0","-",
"구로1동","전체세대","","8383","8390","8406","8399","8399",
"구로1동","1인세대","","2517","2548","2548","2548","2548",
"구로1동","2인세대","","2116","2140","2170","2217","2217",
"구로1동","3인세대","","1899","1860","1858","1824","1824",
"구로1동","4인세대","","1496","1490","1493","1477","1477",
"구로1동","5인세대","","290","290","272","267","267",
"구로1동","6인세대","","47","45","48","48","48",
"구로1동","7인세대","","12","12","11","11","11",
"구로1동","8인세대","","3","4","5","5","5",
"구로1동","9인세대","","2","1","1","2","2",
"구로1동","10인세대 이상","","1","-","0","0","-",
"구로2동","전체세대","","12069","12105","12071","12029","12029",
"구로2동","1인세대","","6422","6488","6496","6436","6436",
"구로2동","2인세대","","2925","2913","2912","2938","2938",
"구로2동","3인세대","","1557","1565","1545","1554","1554",
"구로2동","4인세대","","874","851","834","823","823",
"구로2동","5인세대","","221","219","219","217","217",
"구로2동","6인세대","","52","51","48","45","45",
"구로2동","7인세대","","13","14","13","11","11",
"구로2동","8인세대","","1","-","1","2","2",
"구로2동","9인세대","","2","2","1","2","2",
"구로2동","10인세대 이상","","2","2","2","1","1",
"구로3동","전체세대","","13638","13610","13626","13554","13554",
"구로3동","1인세대","","8541","8553","8560","8512","8512",
"구로3동","2인세대","","2483","2461","2495","2488","2488",
"구로3동","3인세대","","1413","1410","1418","1415","1415",
"구로3동","4인세대","","925","917","894","881","881",
"구로3동","5인세대","","216","213","207","210","210",
"구로3동","6인세대","","43","38","34","32","32",
"구로3동","7인세대","","13","12","13","13","13",
"구로3동","8인세대","","2","3","2","1","1",
"구로3동","9인세대","","1","2","2","1","1",
"구로3동","10인세대 이상","","1","1","1","1","1",
"구로4동","전체세대","","10145","10135","10081","10048","10048",
"구로4동","1인세대","","5462","5484","5471","5459","5459",
"구로4동","2인세대","","2541","2547","2505","2520","2520",
"구로4동","3인세대","","1311","1271","1296","1277","1277",
"구로4동","4인세대","","658","663","638","624","624",
"구로4동","5인세대","","134","128","127","120","120",
"구로4동","6인세대","","29","32","34","37","37",
"구로4동","7인세대","","8","8","9","10","10",
"구로4동","8인세대","","2","2","1","1","1",
"구로4동","9인세대","","-","-","0","0","-",
"구로4동","10인세대 이상","","-","-","0","0","-",
"구로5동","전체세대","","15701","15652","15632","15579","15579",
"구로5동","1인세대","","8580","8530","8554","8503","8503",
"구로5동","2인세대","","3276","3292","3297","3307","3307",
"구로5동","3인세대","","2129","2140","2123","2131","2131",
"구로5동","4인세대","","1339","1317","1291","1270","1270",
"구로5동","5인세대","","278","277","267","269","269",
"구로5동","6인세대","","74","69","71","68","68",
"구로5동","7인세대","","19","22","21","23","23",
"구로5동","8인세대","","5","4","5","5","5",
"구로5동","9인세대","","-","-","3","3","3",
"구로5동","10인세대 이상","","1","1","0","0","-",
"가리봉동","전체세대","","6037","6074","6083","6084","6084",
"가리봉동","1인세대","","4410","4443","4449","4457","4457",
"가리봉동","2인세대","","1005","1009","1007","1011","1011",
"가리봉동","3인세대","","386","387","398","394","394",
"가리봉동","4인세대","","194","193","187","180","180",
"가리봉동","5인세대","","31","31","32","31","31",
"가리봉동","6인세대","","6","7","6","7","7",
"가리봉동","7인세대","","4","3","3","2","2",
"가리봉동","8인세대","","-","-","0","1","1",
"가리봉동","9인세대","","-","-","0","0","-",
"가리봉동","10인세대 이상","","1","1","1","1","1",
"고척1동","전체세대","","11679","11686","11671","11625","11625",
"고척1동","1인세대","","4014","4017","4018","3998","3998",
"고척1동","2인세대","","3207","3217","3223","3184","3184",
"고척1동","3인세대","","2349","2381","2391","2426","2426",
"고척1동","4인세대","","1709","1677","1657","1633","1633",
"고척1동","5인세대","","318","312","306","312","312",
"고척1동","6인세대","","63","63","59","57","57",
"고척1동","7인세대","","11","12","11","10","10",
"고척1동","8인세대","","4","2","2","2","2",
"고척1동","9인세대","","1","3","2","1","1",
"고척1동","10인세대 이상","","3","2","2","2","2",
"고척2동","전체세대","","11394","11391","11322","11303","11303",
"고척2동","1인세대","","4235","4243","4227","4248","4248",
"고척2동","2인세대","","2983","3014","2993","2975","2975",
"고척2동","3인세대","","2145","2135","2119","2124","2124",
"고척2동","4인세대","","1603","1580","1566","1539","1539",
"고척2동","5인세대","","337","332","326","327","327",
"고척2동","6인세대","","74","68","71","71","71",
"고척2동","7인세대","","14","16","16","17","17",
"고척2동","8인세대","","1","1","2","1","1",
"고척2동","9인세대","","1","1","1","0","-",
"고척2동","10인세대 이상","","1","1","1","1","1",
"개봉1동","전체세대","","15248","15276","15286","15293","15293",
"개봉1동","1인세대","","5732","5750","5746","5748","5748",
"개봉1동","2인세대","","4177","4179","4212","4254","4254",
"개봉1동","3인세대","","2950","2979","2956","2929","2929",
"개봉1동","4인세대","","1845","1827","1833","1828","1828",
"개봉1동","5인세대","","425","422","416","414","414",
"개봉1동","6인세대","","86","88","89","87","87",
"개봉1동","7인세대","","24","26","29","28","28",
"개봉1동","8인세대","","7","3","4","4","4",
"개봉1동","9인세대","","1","1","0","0","-",
"개봉1동","10인세대 이상","","1","1","1","1","1",
"개봉2동","전체세대","","12169","12508","12695","12661","12661",
"개봉2동","1인세대","","3539","3845","4028","4037","4037",
"개봉2동","2인세대","","3561","3622","3640","3661","3661",
"개봉2동","3인세대","","2712","2715","2731","2705","2705",
"개봉2동","4인세대","","1797","1764","1751","1725","1725",
"개봉2동","5인세대","","409","411","390","390","390",
"개봉2동","6인세대","","106","109","110","102","102",
"개봉2동","7인세대","","32","30","32","29","29",
"개봉2동","8인세대","","8","7","8","8","8",
"개봉2동","9인세대","","4","4","4","3","3",
"개봉2동","10인세대 이상","","1","1","1","1","1",
"개봉3동","전체세대","","8603","8611","8607","8561","8561",
"개봉3동","1인세대","","2922","2963","2954","2974","2974",
"개봉3동","2인세대","","2618","2621","2666","2665","2665",
"개봉3동","3인세대","","1729","1722","1688","1656","1656",
"개봉3동","4인세대","","1030","1008","999","979","979",
"개봉3동","5인세대","","238","231","237","227","227",
"개봉3동","6인세대","","51","50","50","46","46",
"개봉3동","7인세대","","12","12","11","11","11",
"개봉3동","8인세대","","2","3","2","3","3",
"개봉3동","9인세대","","1","1","0","0","-",
"개봉3동","10인세대 이상","","-","-","0","0","-",
"오류1동","전체세대","","12956","12987","13003","13018","13018",
"오류1동","1인세대","","7560","7592","7609","7594","7594",
"오류1동","2인세대","","2687","2703","2707","2745","2745",
"오류1동","3인세대","","1518","1523","1525","1530","1530",
"오류1동","4인세대","","925","897","883","865","865",
"오류1동","5인세대","","201","201","212","215","215",
"오류1동","6인세대","","46","50","46","47","47",
"오류1동","7인세대","","13","14","15","15","15",
"오류1동","8인세대","","5","5","5","6","6",
"오류1동","9인세대","","-","1","0","0","-",
"오류1동","10인세대 이상","","1","1","1","1","1",
"오류2동","전체세대","","15395","15441","15514","15596","15596",
"오류2동","1인세대","","5120","5178","5244","5284","5284",
"오류2동","2인세대","","4246","4265","4297","4354","4354",
"오류2동","3인세대","","2941","2945","2955","2974","2974",
"오류2동","4인세대","","2322","2290","2274","2244","2244",
"오류2동","5인세대","","600","594","573","580","580",
"오류2동","6인세대","","126","130","128","120","120",
"오류2동","7인세대","","31","29","30","27","27",
"오류2동","8인세대","","5","6","9","9","9",
"오류2동","9인세대","","1","1","1","1","1",
"오류2동","10인세대 이상","","3","3","3","3","3",
"수궁동","전체세대","","9987","10001","9986","9911","9911",
"수궁동","1인세대","","3526","3570","3588","3562","3562",
"수궁동","2인세대","","2887","2907","2907","2917","2917",
"수궁동","3인세대","","1897","1880","1872","1836","1836",
"수궁동","4인세대","","1248","1223","1200","1183","1183",
"수궁동","5인세대","","321","322","325","315","315",
"수궁동","6인세대","","85","76","71","74","74",
"수궁동","7인세대","","16","17","15","15","15",
"수궁동","8인세대","","7","6","8","9","9",
"수궁동","9인세대","","-","-","0","0","-",
"수궁동","10인세대 이상","","-","-","0","0","-",
"항동","전체세대","","6183","6177","6198","6178","6178",
"항동","1인세대","","1632","1627","1644","1627","1627",
"항동","2인세대","","1374","1385","1408","1418","1418",
"항동","3인세대","","1471","1454","1459","1464","1464",
"항동","4인세대","","1364","1363","1333","1318","1318",
"항동","5인세대","","290","297","304","301","301",
"항동","6인세대","","41","43","40","39","39",
"항동","7인세대","","8","5","7","8","8",
"항동","8인세대","","3","3","3","3","3",
"항동","9인세대","","-","-","0","0","-",
"항동","10인세대 이상","","-","-","0","0","-",
"금천구","전체세대","","121136","121363","121441","121572","121572",
"금천구","1인세대","","64623","64870","64977","65111","65111",
"금천구","2인세대","","26971","27210","27440","27681","27681",
"금천구","3인세대","","16356","16302","16208","16088","16088",
"금천구","4인세대","","10206","10050","9956","9880","9880",
"금천구","5인세대","","2315","2302","2247","2212","2212",
"금천구","6인세대","","478","448","442","433","433",
"금천구","7인세대","","132","125","118","118","118",
"금천구","8인세대","","33","35","32","30","30",
"금천구","9인세대","","13","13","13","11","11",
"금천구","10인세대 이상","","9","8","8","8","8",
"가산동","전체세대","","18502","18640","18629","18766","18766",
"가산동","1인세대","","14564","14631","14593","14670","14670",
"가산동","2인세대","","2281","2352","2408","2467","2467",
"가산동","3인세대","","971","980","952","956","956",
"가산동","4인세대","","534","529","530","521","521",
"가산동","5인세대","","108","110","108","112","112",
"가산동","6인세대","","34","28","28","29","29",
"가산동","7인세대","","6","6","6","7","7",
"가산동","8인세대","","3","3","3","3","3",
"가산동","9인세대","","-","-","0","0","-",
"가산동","10인세대 이상","","1","1","1","1","1",
"독산1동","전체세대","","26152","26243","26411","26555","26555",
"독산1동","1인세대","","14869","14909","15005","15085","15085",
"독산1동","2인세대","","5216","5312","5407","5486","5486",
"독산1동","3인세대","","3242","3237","3236","3235","3235",
"독산1동","4인세대","","2210","2199","2184","2177","2177",
"독산1동","5인세대","","488","468","466","462","462",
"독산1동","6인세대","","90","84","82","80","80",
"독산1동","7인세대","","25","24","20","19","19",
"독산1동","8인세대","","4","3","3","3","3",
"독산1동","9인세대","","5","4","5","5","5",
"독산1동","10인세대 이상","","3","3","3","3","3",
"독산2동","전체세대","","9345","9331","9324","9297","9297",
"독산2동","1인세대","","4726","4758","4749","4773","4773",
"독산2동","2인세대","","2362","2350","2371","2379","2379",
"독산2동","3인세대","","1299","1280","1281","1244","1244",
"독산2동","4인세대","","754","731","713","701","701",
"독산2동","5인세대","","163","173","170","162","162",
"독산2동","6인세대","","34","32","33","31","31",
"독산2동","7인세대","","4","4","4","4","4",
"독산2동","8인세대","","3","3","3","3","3",
"독산2동","9인세대","","-","-","0","0","-",
"독산2동","10인세대 이상","","-","-","0","0","-",
"독산3동","전체세대","","12662","12663","12706","12669","12669",
"독산3동","1인세대","","6790","6795","6841","6816","6816",
"독산3동","2인세대","","2980","3020","3042","3079","3079",
"독산3동","3인세대","","1739","1734","1725","1695","1695",
"독산3동","4인세대","","892","853","848","836","836",
"독산3동","5인세대","","209","214","207","203","203",
"독산3동","6인세대","","36","31","28","27","27",
"독산3동","7인세대","","14","14","13","11","11",
"독산3동","8인세대","","2","2","2","2","2",
"독산3동","9인세대","","-","-","0","0","-",
"독산3동","10인세대 이상","","-","-","0","0","-",
"독산4동","전체세대","","7436","7414","7375","7367","7367",
"독산4동","1인세대","","3725","3731","3720","3714","3714",
"독산4동","2인세대","","1829","1824","1812","1833","1833",
"독산4동","3인세대","","1085","1077","1068","1069","1069",
"독산4동","4인세대","","605","593","591","578","578",
"독산4동","5인세대","","153","150","142","130","130",
"독산4동","6인세대","","31","29","33","34","34",
"독산4동","7인세대","","4","6","4","4","4",
"독산4동","8인세대","","3","3","4","4","4",
"독산4동","9인세대","","1","1","1","1","1",
"독산4동","10인세대 이상","","-","-","0","0","-",
"시흥1동","전체세대","","16389","16407","16370","16331","16331",
"시흥1동","1인세대","","8183","8186","8156","8107","8107",
"시흥1동","2인세대","","3822","3867","3908","3934","3934",
"시흥1동","3인세대","","2412","2409","2388","2392","2392",
"시흥1동","4인세대","","1540","1516","1511","1503","1503",
"시흥1동","5인세대","","341","341","323","312","312",
"시흥1동","6인세대","","63","59","56","55","55",
"시흥1동","7인세대","","21","21","20","21","21",
"시흥1동","8인세대","","2","4","4","3","3",
"시흥1동","9인세대","","3","2","2","2","2",
"시흥1동","10인세대 이상","","2","2","2","2","2",
"시흥2동","전체세대","","8114","8150","8155","8149","8149",
"시흥2동","1인세대","","2297","2348","2365","2368","2368",
"시흥2동","2인세대","","2217","2226","2239","2251","2251",
"시흥2동","3인세대","","1736","1734","1728","1716","1716",
"시흥2동","4인세대","","1402","1391","1380","1373","1373",
"시흥2동","5인세대","","340","334","335","338","338",
"시흥2동","6인세대","","85","81","74","71","71",
"시흥2동","7인세대","","26","23","24","23","23",
"시흥2동","8인세대","","7","8","5","5","5",
"시흥2동","9인세대","","3","4","4","3","3",
"시흥2동","10인세대 이상","","1","1","1","1","1",
"시흥3동","전체세대","","4671","4671","4673","4663","4663",
"시흥3동","1인세대","","1711","1719","1741","1747","1747",
"시흥3동","2인세대","","1374","1385","1383","1368","1368",
"시흥3동","3인세대","","890","885","870","876","876",
"시흥3동","4인세대","","541","529","523","525","525",
"시흥3동","5인세대","","121","124","126","119","119",
"시흥3동","6인세대","","25","22","23","22","22",
"시흥3동","7인세대","","7","5","6","5","5",
"시흥3동","8인세대","","2","2","1","1","1",
"시흥3동","9인세대","","-","-","0","0","-",
"시흥3동","10인세대 이상","","-","-","0","0","-",
"시흥4동","전체세대","","8869","8846","8819","8813","8813",
"시흥4동","1인세대","","3525","3530","3534","3564","3564",
"시흥4동","2인세대","","2522","2517","2523","2525","2525",
"시흥4동","3인세대","","1580","1568","1555","1520","1520",
"시흥4동","4인세대","","966","955","938","934","934",
"시흥4동","5인세대","","210","211","199","200","200",
"시흥4동","6인세대","","46","46","53","52","52",
"시흥4동","7인세대","","15","14","12","14","14",
"시흥4동","8인세대","","4","4","4","4","4",
"시흥4동","9인세대","","1","1","1","0","-",
"시흥4동","10인세대 이상","","-","-","0","0","-",
"시흥5동","전체세대","","8996","8998","8979","8962","8962",
"시흥5동","1인세대","","4233","4263","4273","4267","4267",
"시흥5동","2인세대","","2368","2357","2347","2359","2359",
"시흥5동","3인세대","","1402","1398","1405","1385","1385",
"시흥5동","4인세대","","762","754","738","732","732",
"시흥5동","5인세대","","182","177","171","174","174",
"시흥5동","6인세대","","34","36","32","32","32",
"시흥5동","7인세대","","10","8","9","10","10",
"시흥5동","8인세대","","3","3","3","2","2",
"시흥5동","9인세대","","-","1","0","0","-",
"시흥5동","10인세대 이상","","2","1","1","1","1",
"영등포구","전체세대","","192568","192746","192641","192407","192407",
"영등포구","1인세대","","97918","97971","97795","97603","97603",
"영등포구","2인세대","","41124","41416","41717","42052","42052",
"영등포구","3인세대","","28398","28460","28500","28286","28286",
"영등포구","4인세대","","19870","19733","19527","19433","19433",
"영등포구","5인세대","","4080","4005","3950","3885","3885",
"영등포구","6인세대","","871","856","844","835","835",
"영등포구","7인세대","","211","211","218","224","224",
"영등포구","8인세대","","62","61","57","52","52",
"영등포구","9인세대","","18","17","17","18","18",
"영등포구","10인세대 이상","","16","16","16","19","19",
"영등포본동","전체세대","","10357","10358","10335","10323","10323",
"영등포본동","1인세대","","5079","5065","5061","5055","5055",
"영등포본동","2인세대","","2256","2266","2274","2297","2297",
"영등포본동","3인세대","","1624","1649","1635","1613","1613",
"영등포본동","4인세대","","1115","1094","1081","1076","1076",
"영등포본동","5인세대","","223","221","226","222","222",
"영등포본동","6인세대","","49","49","45","46","46",
"영등포본동","7인세대","","8","11","10","11","11",
"영등포본동","8인세대","","1","1","1","1","1",
"영등포본동","9인세대","","-","-","0","0","-",
"영등포본동","10인세대 이상","","2","2","2","2","2",
"영등포동","전체세대","","22460","22387","22396","22375","22375",
"영등포동","1인세대","","17265","17170","17163","17120","17120",
"영등포동","2인세대","","2833","2874","2898","2933","2933",
"영등포동","3인세대","","1362","1347","1362","1338","1338",
"영등포동","4인세대","","819","815","798","809","809",
"영등포동","5인세대","","143","143","135","136","136",
"영등포동","6인세대","","32","32","30","30","30",
"영등포동","7인세대","","3","3","8","7","7",
"영등포동","8인세대","","2","2","1","1","1",
"영등포동","9인세대","","1","1","1","1","1",
"영등포동","10인세대 이상","","-","-","0","0","-",
"여의동","전체세대","","14162","14193","14204","14197","14197",
"여의동","1인세대","","4579","4569","4554","4505","4505",
"여의동","2인세대","","3477","3495","3515","3541","3541",
"여의동","3인세대","","3045","3073","3068","3093","3093",
"여의동","4인세대","","2358","2360","2369","2365","2365",
"여의동","5인세대","","507","505","504","499","499",
"여의동","6인세대","","135","132","139","139","139",
"여의동","7인세대","","43","43","37","38","38",
"여의동","8인세대","","10","10","12","11","11",
"여의동","9인세대","","6","5","5","4","4",
"여의동","10인세대 이상","","2","1","1","2","2",
"당산1동","전체세대","","11889","11889","11944","11917","11917",
"당산1동","1인세대","","6726","6730","6780","6754","6754",
"당산1동","2인세대","","2580","2600","2624","2635","2635",
"당산1동","3인세대","","1435","1423","1414","1407","1407",
"당산1동","4인세대","","903","901","899","892","892",
"당산1동","5인세대","","179","170","167","162","162",
"당산1동","6인세대","","46","44","42","46","46",
"당산1동","7인세대","","15","16","13","17","17",
"당산1동","8인세대","","5","5","4","3","3",
"당산1동","9인세대","","-","-","0","0","-",
"당산1동","10인세대 이상","","-","-","1","1","1",
"당산2동","전체세대","","18939","18911","18862","18926","18926",
"당산2동","1인세대","","10259","10213","10163","10235","10235",
"당산2동","2인세대","","3305","3320","3316","3338","3338",
"당산2동","3인세대","","2724","2745","2761","2739","2739",
"당산2동","4인세대","","2084","2068","2076","2084","2084",
"당산2동","5인세대","","437","439","421","404","404",
"당산2동","6인세대","","94","94","91","93","93",
"당산2동","7인세대","","26","22","25","24","24",
"당산2동","8인세대","","8","8","7","6","6",
"당산2동","9인세대","","-","-","0","0","-",
"당산2동","10인세대 이상","","2","2","2","3","3",
"도림동","전체세대","","9816","9899","9911","9906","9906",
"도림동","1인세대","","5438","5499","5460","5476","5476",
"도림동","2인세대","","2214","2246","2302","2316","2316",
"도림동","3인세대","","1229","1222","1237","1220","1220",
"도림동","4인세대","","730","728","708","692","692",
"도림동","5인세대","","149","152","154","158","158",
"도림동","6인세대","","45","41","38","32","32",
"도림동","7인세대","","9","8","10","10","10",
"도림동","8인세대","","2","2","1","1","1",
"도림동","9인세대","","-","1","1","1","1",
"도림동","10인세대 이상","","-","-","0","0","-",
"문래동","전체세대","","12990","12985","13004","12987","12987",
"문래동","1인세대","","4031","4041","4039","4035","4035",
"문래동","2인세대","","3164","3153","3191","3211","3211",
"문래동","3인세대","","2926","2938","2939","2902","2902",
"문래동","4인세대","","2285","2280","2275","2289","2289",
"문래동","5인세대","","446","442","432","423","423",
"문래동","6인세대","","101","94","91","89","89",
"문래동","7인세대","","24","22","23","22","22",
"문래동","8인세대","","10","10","11","13","13",
"문래동","9인세대","","2","2","0","0","-",
"문래동","10인세대 이상","","1","3","3","3","3",
"양평1동","전체세대","","10048","10098","10094","10062","10062",
"양평1동","1인세대","","5604","5620","5595","5537","5537",
"양평1동","2인세대","","2078","2120","2158","2182","2182",
"양평1동","3인세대","","1334","1335","1323","1336","1336",
"양평1동","4인세대","","818","813","803","798","798",
"양평1동","5인세대","","164","162","164","160","160",
"양평1동","6인세대","","37","35","38","35","35",
"양평1동","7인세대","","8","10","11","11","11",
"양평1동","8인세대","","3","1","0","0","-",
"양평1동","9인세대","","2","2","2","3","3",
"양평1동","10인세대 이상","","-","-","0","0","-",
"양평2동","전체세대","","11378","11368","11372","11354","11354",
"양평2동","1인세대","","5463","5455","5457","5441","5441",
"양평2동","2인세대","","2497","2522","2530","2569","2569",
"양평2동","3인세대","","1813","1813","1829","1800","1800",
"양평2동","4인세대","","1324","1308","1284","1271","1271",
"양평2동","5인세대","","222","213","217","214","214",
"양평2동","6인세대","","49","47","43","47","47",
"양평2동","7인세대","","7","8","9","10","10",
"양평2동","8인세대","","1","1","2","1","1",
"양평2동","9인세대","","2","1","1","1","1",
"양평2동","10인세대 이상","","-","-","0","0","-",
"신길1동","전체세대","","11688","11712","11678","11648","11648",
"신길1동","1인세대","","7546","7561","7532","7501","7501",
"신길1동","2인세대","","2056","2076","2089","2094","2094",
"신길1동","3인세대","","1139","1157","1154","1164","1164",
"신길1동","4인세대","","745","734","724","714","714",
"신길1동","5인세대","","170","155","151","147","147",
"신길1동","6인세대","","27","24","23","23","23",
"신길1동","7인세대","","3","3","4","4","4",
"신길1동","8인세대","","1","1","0","0","-",
"신길1동","9인세대","","1","1","1","1","1",
"신길1동","10인세대 이상","","-","-","0","0","-",
"신길3동","전체세대","","7690","7734","7783","7780","7780",
"신길3동","1인세대","","3285","3317","3341","3348","3348",
"신길3동","2인세대","","1908","1933","1967","1969","1969",
"신길3동","3인세대","","1359","1348","1354","1361","1361",
"신길3동","4인세대","","926","930","922","908","908",
"신길3동","5인세대","","176","171","162","161","161",
"신길3동","6인세대","","31","30","31","28","28",
"신길3동","7인세대","","4","4","5","4","4",
"신길3동","8인세대","","1","1","1","1","1",
"신길3동","9인세대","","-","-","0","0","-",
"신길3동","10인세대 이상","","-","-","0","0","-",
"신길4동","전체세대","","5685","5706","5700","5687","5687",
"신길4동","1인세대","","2416","2433","2418","2418","2418",
"신길4동","2인세대","","1391","1406","1425","1428","1428",
"신길4동","3인세대","","1027","1014","1029","1021","1021",
"신길4동","4인세대","","685","686","660","653","653",
"신길4동","5인세대","","132","135","134","137","137",
"신길4동","6인세대","","26","24","26","22","22",
"신길4동","7인세대","","4","4","4","3","3",
"신길4동","8인세대","","2","3","3","4","4",
"신길4동","9인세대","","2","1","1","1","1",
"신길4동","10인세대 이상","","-","-","0","0","-",
"신길5동","전체세대","","4437","4448","4447","4445","4445",
"신길5동","1인세대","","1845","1862","1867","1868","1868",
"신길5동","2인세대","","1120","1120","1122","1127","1127",
"신길5동","3인세대","","781","778","766","769","769",
"신길5동","4인세대","","536","530","535","527","527",
"신길5동","5인세대","","126","126","124","119","119",
"신길5동","6인세대","","18","21","22","24","24",
"신길5동","7인세대","","7","7","7","7","7",
"신길5동","8인세대","","1","1","1","1","1",
"신길5동","9인세대","","-","-","0","0","-",
"신길5동","10인세대 이상","","3","3","3","3","3",
"신길6동","전체세대","","9150","9177","9172","9169","9169",
"신길6동","1인세대","","4527","4563","4562","4553","4553",
"신길6동","2인세대","","2140","2150","2154","2180","2180",
"신길6동","3인세대","","1296","1289","1305","1299","1299",
"신길6동","4인세대","","936","927","904","895","895",
"신길6동","5인세대","","197","191","191","184","184",
"신길6동","6인세대","","36","38","38","42","42",
"신길6동","7인세대","","9","9","8","7","7",
"신길6동","8인세대","","6","6","5","4","4",
"신길6동","9인세대","","-","1","2","2","2",
"신길6동","10인세대 이상","","3","3","3","3","3",
"신길7동","전체세대","","7883","7900","7869","7841","7841",
"신길7동","1인세대","","2222","2240","2221","2208","2208",
"신길7동","2인세대","","1976","1991","2011","2026","2026",
"신길7동","3인세대","","1755","1760","1751","1740","1740",
"신길7동","4인세대","","1539","1534","1510","1505","1505",
"신길7동","5인세대","","329","314","313","300","300",
"신길7동","6인세대","","43","42","44","42","42",
"신길7동","7인세대","","15","15","16","18","18",
"신길7동","8인세대","","3","3","3","2","2",
"신길7동","9인세대","","1","1","0","0","-",
"신길7동","10인세대 이상","","-","-","0","0","-",
"대림1동","전체세대","","6857","6809","6783","6771","6771",
"대림1동","1인세대","","3229","3198","3202","3189","3189",
"대림1동","2인세대","","1761","1756","1744","1770","1770",
"대림1동","3인세대","","1036","1042","1043","1029","1029",
"대림1동","4인세대","","661","642","628","617","617",
"대림1동","5인세대","","133","129","126","128","128",
"대림1동","6인세대","","27","33","30","27","27",
"대림1동","7인세대","","8","7","8","9","9",
"대림1동","8인세대","","1","1","1","1","1",
"대림1동","9인세대","","-","-","0","0","-",
"대림1동","10인세대 이상","","1","1","1","1","1",
"대림2동","전체세대","","6902","6895","6836","6801","6801",
"대림2동","1인세대","","4062","4052","3999","3984","3984",
"대림2동","2인세대","","1621","1633","1628","1632","1632",
"대림2동","3인세대","","735","734","749","732","732",
"대림2동","4인세대","","356","351","335","328","328",
"대림2동","5인세대","","89","88","89","89","89",
"대림2동","6인세대","","28","26","24","24","24",
"대림2동","7인세대","","6","7","8","8","8",
"대림2동","8인세대","","4","3","2","1","1",
"대림2동","9인세대","","1","1","2","3","3",
"대림2동","10인세대 이상","","-","-","0","0","-",
"대림3동","전체세대","","10237","10277","10251","10218","10218",
"대림3동","1인세대","","4342","4383","4381","4376","4376",
"대림3동","2인세대","","2747","2755","2769","2804","2804",
"대림3동","3인세대","","1778","1793","1781","1723","1723",
"대림3동","4인세대","","1050","1032","1016","1010","1010",
"대림3동","5인세대","","258","249","240","242","242",
"대림3동","6인세대","","47","50","49","46","46",
"대림3동","7인세대","","12","12","12","14","14",
"대림3동","8인세대","","1","2","2","1","1",
"대림3동","9인세대","","-","-","1","1","1",
"대림3동","10인세대 이상","","2","1","0","1","1",
"동작구","전체세대","","187750","187650","187337","186834","186834",
"동작구","1인세대","","91092","91066","90836","90626","90626",
"동작구","2인세대","","40137","40312","40626","40747","40747",
"동작구","3인세대","","29473","29452","29484","29283","29283",
"동작구","4인세대","","21364","21218","20907","20711","20711",
"동작구","5인세대","","4398","4334","4243","4250","4250",
"동작구","6인세대","","954","950","917","900","900",
"동작구","7인세대","","234","221","234","230","230",
"동작구","8인세대","","59","61","54","53","53",
"동작구","9인세대","","21","17","18","17","17",
"동작구","10인세대 이상","","18","19","18","17","17",
"노량진1동","전체세대","","17883","18015","18060","18053","18053",
"노량진1동","1인세대","","10052","10190","10205","10237","10237",
"노량진1동","2인세대","","3504","3481","3540","3555","3555",
"노량진1동","3인세대","","2277","2310","2322","2286","2286",
"노량진1동","4인세대","","1577","1563","1532","1511","1511",
"노량진1동","5인세대","","354","359","350","354","354",
"노량진1동","6인세대","","87","84","85","85","85",
"노량진1동","7인세대","","20","16","17","16","16",
"노량진1동","8인세대","","8","8","5","5","5",
"노량진1동","9인세대","","2","2","2","2","2",
"노량진1동","10인세대 이상","","2","2","2","2","2",
"노량진2동","전체세대","","5635","5581","5529","5496","5496",
"노량진2동","1인세대","","4160","4128","4086","4066","4066",
"노량진2동","2인세대","","859","852","861","868","868",
"노량진2동","3인세대","","361","352","352","337","337",
"노량진2동","4인세대","","194","191","177","175","175",
"노량진2동","5인세대","","45","43","40","37","37",
"노량진2동","6인세대","","11","10","8","7","7",
"노량진2동","7인세대","","5","5","4","6","6",
"노량진2동","8인세대","","-","-","0","0","-",
"노량진2동","9인세대","","-","-","1","0","-",
"노량진2동","10인세대 이상","","-","-","0","0","-",
"상도1동","전체세대","","23080","23048","23054","22955","22955",
"상도1동","1인세대","","12254","12227","12301","12231","12231",
"상도1동","2인세대","","4389","4399","4385","4389","4389",
"상도1동","3인세대","","3363","3370","3370","3341","3341",
"상도1동","4인세대","","2497","2483","2438","2435","2435",
"상도1동","5인세대","","458","452","444","443","443",
"상도1동","6인세대","","84","83","79","79","79",
"상도1동","7인세대","","24","24","28","28","28",
"상도1동","8인세대","","7","6","5","5","5",
"상도1동","9인세대","","1","1","1","1","1",
"상도1동","10인세대 이상","","3","3","3","3","3",
"상도2동","전체세대","","12459","12416","12415","12349","12349",
"상도2동","1인세대","","5116","5075","5088","5024","5024",
"상도2동","2인세대","","2791","2806","2841","2827","2827",
"상도2동","3인세대","","2306","2321","2302","2312","2312",
"상도2동","4인세대","","1814","1791","1765","1775","1775",
"상도2동","5인세대","","333","332","332","325","325",
"상도2동","6인세대","","83","76","73","73","73",
"상도2동","7인세대","","10","11","9","8","8",
"상도2동","8인세대","","5","3","4","4","4",
"상도2동","9인세대","","-","-","0","0","-",
"상도2동","10인세대 이상","","1","1","1","1","1",
"상도3동","전체세대","","12252","12227","12213","12213","12213",
"상도3동","1인세대","","6186","6189","6161","6186","6186",
"상도3동","2인세대","","2736","2758","2792","2798","2798",
"상도3동","3인세대","","1840","1810","1805","1781","1781",
"상도3동","4인세대","","1157","1139","1136","1128","1128",
"상도3동","5인세대","","247","249","239","241","241",
"상도3동","6인세대","","69","67","66","66","66",
"상도3동","7인세대","","13","11","10","9","9",
"상도3동","8인세대","","1","1","1","1","1",
"상도3동","9인세대","","2","1","2","2","2",
"상도3동","10인세대 이상","","1","2","1","1","1",
"상도4동","전체세대","","14820","14835","14762","14733","14733",
"상도4동","1인세대","","7182","7176","7115","7114","7114",
"상도4동","2인세대","","3439","3461","3484","3483","3483",
"상도4동","3인세대","","2322","2338","2325","2330","2330",
"상도4동","4인세대","","1488","1480","1465","1434","1434",
"상도4동","5인세대","","311","303","294","299","299",
"상도4동","6인세대","","58","61","63","56","56",
"상도4동","7인세대","","13","9","10","12","12",
"상도4동","8인세대","","3","4","3","2","2",
"상도4동","9인세대","","1","-","0","0","-",
"상도4동","10인세대 이상","","3","3","3","3","3",
"흑석동","전체세대","","13004","12980","12970","12968","12968",
"흑석동","1인세대","","4647","4625","4643","4621","4621",
"흑석동","2인세대","","2968","2970","2969","3000","3000",
"흑석동","3인세대","","2768","2813","2808","2807","2807",
"흑석동","4인세대","","2091","2055","2047","2043","2043",
"흑석동","5인세대","","407","401","394","395","395",
"흑석동","6인세대","","88","84","79","74","74",
"흑석동","7인세대","","25","22","20","19","19",
"흑석동","8인세대","","4","5","5","4","4",
"흑석동","9인세대","","4","3","3","2","2",
"흑석동","10인세대 이상","","2","2","2","3","3",
"사당1동","전체세대","","14046","13954","13935","13913","13913",
"사당1동","1인세대","","9148","9050","9010","9018","9018",
"사당1동","2인세대","","2647","2666","2694","2693","2693",
"사당1동","3인세대","","1320","1321","1344","1315","1315",
"사당1동","4인세대","","739","729","710","706","706",
"사당1동","5인세대","","152","144","135","140","140",
"사당1동","6인세대","","26","30","28","27","27",
"사당1동","7인세대","","8","9","9","10","10",
"사당1동","8인세대","","3","2","2","2","2",
"사당1동","9인세대","","2","2","2","1","1",
"사당1동","10인세대 이상","","1","1","1","1","1",
"사당2동","전체세대","","12546","12548","12525","12485","12485",
"사당2동","1인세대","","4612","4596","4567","4549","4549",
"사당2동","2인세대","","3312","3356","3349","3378","3378",
"사당2동","3인세대","","2466","2443","2491","2478","2478",
"사당2동","4인세대","","1665","1670","1640","1607","1607",
"사당2동","5인세대","","376","366","367","359","359",
"사당2동","6인세대","","94","92","82","88","88",
"사당2동","7인세대","","18","22","25","22","22",
"사당2동","8인세대","","3","3","3","3","3",
"사당2동","9인세대","","-","-","0","1","1",
"사당2동","10인세대 이상","","-","-","1","0","-",
"사당3동","전체세대","","10389","10410","10384","10363","10363",
"사당3동","1인세대","","3858","3867","3865","3873","3873",
"사당3동","2인세대","","2565","2607","2612","2620","2620",
"사당3동","3인세대","","2062","2042","2038","2032","2032",
"사당3동","4인세대","","1496","1500","1486","1465","1465",
"사당3동","5인세대","","284","271","265","257","257",
"사당3동","6인세대","","89","89","80","82","82",
"사당3동","7인세대","","25","25","30","27","27",
"사당3동","8인세대","","6","7","6","5","5",
"사당3동","9인세대","","3","2","2","2","2",
"사당3동","10인세대 이상","","1","-","0","0","-",
"사당4동","전체세대","","7364","7338","7277","7263","7263",
"사당4동","1인세대","","3893","3853","3799","3805","3805",
"사당4동","2인세대","","1657","1677","1690","1694","1694",
"사당4동","3인세대","","996","986","979","954","954",
"사당4동","4인세대","","650","646","635","636","636",
"사당4동","5인세대","","130","133","132","133","133",
"사당4동","6인세대","","22","26","24","22","22",
"사당4동","7인세대","","11","12","13","14","14",
"사당4동","8인세대","","5","5","5","5","5",
"사당4동","9인세대","","-","-","0","0","-",
"사당4동","10인세대 이상","","-","-","0","0","-",
"사당5동","전체세대","","6741","6727","6689","6656","6656",
"사당5동","1인세대","","2872","2862","2842","2846","2846",
"사당5동","2인세대","","1655","1654","1661","1654","1654",
"사당5동","3인세대","","1219","1222","1227","1211","1211",
"사당5동","4인세대","","814","807","786","767","767",
"사당5동","5인세대","","146","141","134","141","141",
"사당5동","6인세대","","29","34","34","33","33",
"사당5동","7인세대","","5","4","3","2","2",
"사당5동","8인세대","","-","2","1","1","1",
"사당5동","9인세대","","-","-","0","0","-",
"사당5동","10인세대 이상","","1","1","1","1","1",
"대방동","전체세대","","16214","16181","16146","16068","16068",
"대방동","1인세대","","7503","7533","7483","7449","7449",
"대방동","2인세대","","3161","3157","3212","3213","3213",
"대방동","3인세대","","2637","2593","2602","2587","2587",
"대방동","4인세대","","2296","2282","2249","2219","2219",
"대방동","5인세대","","487","484","469","476","476",
"대방동","6인세대","","91","95","93","86","86",
"대방동","7인세대","","26","23","25","26","26",
"대방동","8인세대","","6","7","6","5","5",
"대방동","9인세대","","4","4","4","5","5",
"대방동","10인세대 이상","","3","3","3","2","2",
"신대방1동","전체세대","","10468","10456","10423","10388","10388",
"신대방1동","1인세대","","4346","4346","4319","4287","4287",
"신대방1동","2인세대","","2241","2249","2277","2301","2301",
"신대방1동","3인세대","","1891","1878","1860","1849","1849",
"신대방1동","4인세대","","1557","1567","1547","1533","1533",
"신대방1동","5인세대","","350","336","334","332","332",
"신대방1동","6인세대","","64","60","65","64","64",
"신대방1동","7인세대","","14","13","15","14","14",
"신대방1동","8인세대","","3","4","5","7","7",
"신대방1동","9인세대","","2","2","1","1","1",
"신대방1동","10인세대 이상","","-","1","0","0","-",
"신대방2동","전체세대","","10849","10934","10955","10931","10931",
"신대방2동","1인세대","","5263","5349","5352","5320","5320",
"신대방2동","2인세대","","2213","2219","2259","2274","2274",
"신대방2동","3인세대","","1645","1653","1659","1663","1663",
"신대방2동","4인세대","","1329","1315","1294","1277","1277",
"신대방2동","5인세대","","318","320","314","318","318",
"신대방2동","6인세대","","59","59","58","58","58",
"신대방2동","7인세대","","17","15","16","17","17",
"신대방2동","8인세대","","5","4","3","4","4",
"신대방2동","9인세대","","-","-","0","0","-",
"신대방2동","10인세대 이상","","-","-","0","0","-",
"관악구","전체세대","","288132","288722","288964","288778","288778",
"관악구","1인세대","","182616","183149","183438","183562","183562",
"관악구","2인세대","","51918","52182","52477","52517","52517",
"관악구","3인세대","","29084","29044","28985","28872","28872",
"관악구","4인세대","","18997","18843","18656","18493","18493",
"관악구","5인세대","","4254","4248","4150","4103","4103",
"관악구","6인세대","","951","948","949","931","931",
"관악구","7인세대","","221","215","211","213","213",
"관악구","8인세대","","62","65","69","58","58",
"관악구","9인세대","","21","19","19","19","19",
"관악구","10인세대 이상","","8","9","10","10","10",
"보라매동","전체세대","","13012","12999","12996","12922","12922",
"보라매동","1인세대","","7382","7367","7366","7300","7300",
"보라매동","2인세대","","2787","2835","2857","2885","2885",
"보라매동","3인세대","","1562","1534","1526","1513","1513",
"보라매동","4인세대","","961","948","933","915","915",
"보라매동","5인세대","","243","239","234","231","231",
"보라매동","6인세대","","53","53","55","54","54",
"보라매동","7인세대","","18","17","17","18","18",
"보라매동","8인세대","","2","2","3","2","2",
"보라매동","9인세대","","3","3","4","3","3",
"보라매동","10인세대 이상","","1","1","1","1","1",
"청림동","전체세대","","6371","6362","6345","6347","6347",
"청림동","1인세대","","2156","2136","2140","2151","2151",
"청림동","2인세대","","1764","1767","1780","1789","1789",
"청림동","3인세대","","1338","1368","1349","1341","1341",
"청림동","4인세대","","904","879","863","866","866",
"청림동","5인세대","","162","163","162","154","154",
"청림동","6인세대","","35","37","38","34","34",
"청림동","7인세대","","8","9","10","10","10",
"청림동","8인세대","","3","3","3","2","2",
"청림동","9인세대","","1","-","0","0","-",
"청림동","10인세대 이상","","-","-","0","0","-",
"성현동","전체세대","","12638","12895","12926","12955","12955",
"성현동","1인세대","","4474","4524","4512","4550","4550",
"성현동","2인세대","","3158","3233","3269","3274","3274",
"성현동","3인세대","","2486","2580","2593","2610","2610",
"성현동","4인세대","","1985","2029","2027","2003","2003",
"성현동","5인세대","","432","426","427","416","416",
"성현동","6인세대","","74","72","69","76","76",
"성현동","7인세대","","17","18","18","15","15",
"성현동","8인세대","","7","8","6","6","6",
"성현동","9인세대","","5","5","5","5","5",
"성현동","10인세대 이상","","-","-","0","0","-",
"행운동","전체세대","","18384","18352","18326","18225","18225",
"행운동","1인세대","","12530","12500","12500","12421","12421",
"행운동","2인세대","","3006","3033","3024","3015","3015",
"행운동","3인세대","","1564","1534","1538","1539","1539",
"행운동","4인세대","","1000","1003","994","977","977",
"행운동","5인세대","","225","223","208","213","213",
"행운동","6인세대","","46","47","49","47","47",
"행운동","7인세대","","9","9","10","10","10",
"행운동","8인세대","","3","2","2","2","2",
"행운동","9인세대","","1","1","1","1","1",
"행운동","10인세대 이상","","-","-","0","0","-",
"낙성대동","전체세대","","12332","12336","12426","12433","12433",
"낙성대동","1인세대","","9420","9411","9495","9513","9513",
"낙성대동","2인세대","","1560","1565","1589","1575","1575",
"낙성대동","3인세대","","719","732","720","735","735",
"낙성대동","4인세대","","471","462","459","451","451",
"낙성대동","5인세대","","115","121","118","113","113",
"낙성대동","6인세대","","35","35","36","36","36",
"낙성대동","7인세대","","9","8","7","9","9",
"낙성대동","8인세대","","2","2","1","1","1",
"낙성대동","9인세대","","1","-","1","0","-",
"낙성대동","10인세대 이상","","-","-","0","0","-",
"청룡동","전체세대","","24748","24738","24625","24597","24597",
"청룡동","1인세대","","18354","18383","18262","18257","18257",
"청룡동","2인세대","","3257","3229","3268","3233","3233",
"청룡동","3인세대","","1698","1705","1688","1698","1698",
"청룡동","4인세대","","1147","1133","1121","1119","1119",
"청룡동","5인세대","","220","220","219","222","222",
"청룡동","6인세대","","54","50","47","49","49",
"청룡동","7인세대","","12","11","10","12","12",
"청룡동","8인세대","","5","5","7","5","5",
"청룡동","9인세대","","1","2","2","1","1",
"청룡동","10인세대 이상","","-","-","1","1","1",
"은천동","전체세대","","16049","16060","16060","16028","16028",
"은천동","1인세대","","7848","7862","7885","7886","7886",
"은천동","2인세대","","3650","3671","3699","3716","3716",
"은천동","3인세대","","2328","2310","2282","2249","2249",
"은천동","4인세대","","1732","1726","1719","1705","1705",
"은천동","5인세대","","376","376","358","356","356",
"은천동","6인세대","","87","87","87","88","88",
"은천동","7인세대","","24","22","24","24","24",
"은천동","8인세대","","2","4","5","2","2",
"은천동","9인세대","","2","1","0","1","1",
"은천동","10인세대 이상","","-","1","1","1","1",
"중앙동","전체세대","","10494","10502","10517","10527","10527",
"중앙동","1인세대","","7705","7729","7723","7761","7761",
"중앙동","2인세대","","1547","1554","1585","1574","1574",
"중앙동","3인세대","","686","673","672","669","669",
"중앙동","4인세대","","434","425","420","406","406",
"중앙동","5인세대","","92","90","87","89","89",
"중앙동","6인세대","","21","22","21","19","19",
"중앙동","7인세대","","6","6","7","7","7",
"중앙동","8인세대","","1","1","1","0","-",
"중앙동","9인세대","","1","1","0","1","1",
"중앙동","10인세대 이상","","1","1","1","1","1",
"인헌동","전체세대","","14825","14968","14972","14952","14952",
"인헌동","1인세대","","9175","9342","9354","9351","9351",
"인헌동","2인세대","","2822","2837","2843","2865","2865",
"인헌동","3인세대","","1525","1508","1516","1488","1488",
"인헌동","4인세대","","1010","992","979","963","963",
"인헌동","5인세대","","235","229","222","226","226",
"인헌동","6인세대","","36","38","37","39","39",
"인헌동","7인세대","","16","16","14","15","15",
"인헌동","8인세대","","4","5","6","4","4",
"인헌동","9인세대","","1","-","0","0","-",
"인헌동","10인세대 이상","","1","1","1","1","1",
"남현동","전체세대","","9919","9829","9796","9808","9808",
"남현동","1인세대","","5790","5722","5690","5714","5714",
"남현동","2인세대","","2015","2004","2005","2024","2024",
"남현동","3인세대","","1153","1148","1157","1142","1142",
"남현동","4인세대","","744","737","725","714","714",
"남현동","5인세대","","157","155","155","151","151",
"남현동","6인세대","","44","47","49","48","48",
"남현동","7인세대","","11","11","9","9","9",
"남현동","8인세대","","3","3","3","3","3",
"남현동","9인세대","","1","1","2","2","2",
"남현동","10인세대 이상","","1","1","1","1","1",
"서원동","전체세대","","15477","15527","15467","15456","15456",
"서원동","1인세대","","10924","11006","10957","10982","10982",
"서원동","2인세대","","2623","2610","2624","2608","2608",
"서원동","3인세대","","1117","1112","1104","1108","1108",
"서원동","4인세대","","622","603","591","577","577",
"서원동","5인세대","","138","144","137","137","137",
"서원동","6인세대","","41","39","43","34","34",
"서원동","7인세대","","8","9","8","7","7",
"서원동","8인세대","","3","2","2","3","3",
"서원동","9인세대","","-","1","1","0","-",
"서원동","10인세대 이상","","1","1","0","0","-",
"신원동","전체세대","","11378","11415","11356","11298","11298",
"신원동","1인세대","","7757","7784","7758","7704","7704",
"신원동","2인세대","","2056","2083","2085","2101","2101",
"신원동","3인세대","","893","887","867","854","854",
"신원동","4인세대","","536","525","512","504","504",
"신원동","5인세대","","93","97","94","99","99",
"신원동","6인세대","","39","36","36","33","33",
"신원동","7인세대","","3","2","3","2","2",
"신원동","8인세대","","1","1","1","1","1",
"신원동","9인세대","","-","-","0","0","-",
"신원동","10인세대 이상","","-","-","0","0","-",
"서림동","전체세대","","15440","15502","15635","15663","15663",
"서림동","1인세대","","10875","10953","11092","11142","11142",
"서림동","2인세대","","2464","2467","2457","2446","2446",
"서림동","3인세대","","1169","1175","1184","1167","1167",
"서림동","4인세대","","699","672","675","685","685",
"서림동","5인세대","","183","183","178","173","173",
"서림동","6인세대","","36","37","34","35","35",
"서림동","7인세대","","7","8","8","9","9",
"서림동","8인세대","","7","7","7","5","5",
"서림동","9인세대","","-","-","0","1","1",
"서림동","10인세대 이상","","-","-","0","0","-",
"신사동","전체세대","","14715","14708","14679","14704","14704",
"신사동","1인세대","","10362","10403","10388","10426","10426",
"신사동","2인세대","","2323","2301","2318","2317","2317",
"신사동","3인세대","","1158","1148","1136","1136","1136",
"신사동","4인세대","","675","669","649","638","638",
"신사동","5인세대","","148","140","141","140","140",
"신사동","6인세대","","42","41","40","39","39",
"신사동","7인세대","","6","5","6","6","6",
"신사동","8인세대","","1","1","1","2","2",
"신사동","9인세대","","-","-","0","0","-",
"신사동","10인세대 이상","","-","-","0","0","-",
"신림동","전체세대","","19369","19321","19387","19412","19412",
"신림동","1인세대","","16799","16775","16824","16867","16867",
"신림동","2인세대","","1804","1786","1802","1785","1785",
"신림동","3인세대","","460","452","452","453","453",
"신림동","4인세대","","233","234","236","236","236",
"신림동","5인세대","","60","62","60","59","59",
"신림동","6인세대","","10","10","11","11","11",
"신림동","7인세대","","2","1","1","0","-",
"신림동","8인세대","","1","1","1","1","1",
"신림동","9인세대","","-","-","0","0","-",
"신림동","10인세대 이상","","-","-","0","0","-",
"난향동","전체세대","","6146","6132","6126","6129","6129",
"난향동","1인세대","","1988","1998","2013","2006","2006",
"난향동","2인세대","","1628","1619","1611","1628","1628",
"난향동","3인세대","","1235","1226","1239","1232","1232",
"난향동","4인세대","","982","963","952","955","955",
"난향동","5인세대","","236","249","231","230","230",
"난향동","6인세대","","54","52","53","53","53",
"난향동","7인세대","","14","15","16","16","16",
"난향동","8인세대","","6","7","8","6","6",
"난향동","9인세대","","2","2","2","2","2",
"난향동","10인세대 이상","","1","1","1","1","1",
"조원동","전체세대","","12468","12450","12509","12581","12581",
"조원동","1인세대","","8256","8224","8291","8347","8347",
"조원동","2인세대","","2250","2272","2280","2279","2279",
"조원동","3인세대","","1137","1134","1126","1146","1146",
"조원동","4인세대","","667","664","656","656","656",
"조원동","5인세대","","123","121","119","116","116",
"조원동","6인세대","","31","30","31","30","30",
"조원동","7인세대","","2","3","3","3","3",
"조원동","8인세대","","2","2","3","4","4",
"조원동","9인세대","","-","-","0","0","-",
"조원동","10인세대 이상","","-","-","0","0","-",
"대학동","전체세대","","18003","18156","18230","18143","18143",
"대학동","1인세대","","14164","14309","14406","14347","14347",
"대학동","2인세대","","2022","2042","2022","2016","2016",
"대학동","3인세대","","1071","1059","1054","1036","1036",
"대학동","4인세대","","563","562","565","567","567",
"대학동","5인세대","","150","156","153","148","148",
"대학동","6인세대","","29","24","27","26","26",
"대학동","7인세대","","4","4","3","3","3",
"대학동","8인세대","","-","-","0","0","-",
"대학동","9인세대","","-","-","0","0","-",
"대학동","10인세대 이상","","-","-","0","0","-",
"삼성동","전체세대","","9506","9679","9842","9806","9806",
"삼성동","1인세대","","4085","4137","4189","4150","4150",
"삼성동","2인세대","","2617","2696","2750","2752","2752",
"삼성동","3인세대","","1555","1582","1616","1633","1633",
"삼성동","4인세대","","955","963","974","960","960",
"삼성동","5인세대","","235","242","249","247","247",
"삼성동","6인세대","","47","48","53","53","53",
"삼성동","7인세대","","6","5","5","4","4",
"삼성동","8인세대","","3","3","3","3","3",
"삼성동","9인세대","","2","2","1","2","2",
"삼성동","10인세대 이상","","1","1","2","2","2",
"미성동","전체세대","","14074","14034","14026","14050","14050",
"미성동","1인세대","","6353","6335","6362","6380","6380",
"미성동","2인세대","","3382","3408","3415","3449","3449",
"미성동","3인세대","","2342","2298","2287","2268","2268",
"미성동","4인세대","","1512","1516","1494","1499","1499",
"미성동","5인세대","","385","375","372","360","360",
"미성동","6인세대","","73","75","73","70","70",
"미성동","7인세대","","23","23","19","20","20",
"미성동","8인세대","","3","3","3","3","3",
"미성동","9인세대","","-","-","0","0","-",
"미성동","10인세대 이상","","1","1","1","1","1",
"난곡동","전체세대","","12784","12757","12718","12742","12742",
"난곡동","1인세대","","6219","6249","6231","6307","6307",
"난곡동","2인세대","","3183","3170","3194","3186","3186",
"난곡동","3인세대","","1888","1879","1879","1855","1855",
"난곡동","4인세대","","1165","1138","1112","1097","1097",
"난곡동","5인세대","","246","237","226","223","223",
"난곡동","6인세대","","64","68","60","57","57",
"난곡동","7인세대","","16","13","13","14","14",
"난곡동","8인세대","","3","3","3","3","3",
"난곡동","9인세대","","-","-","0","0","-",
"난곡동","10인세대 이상","","-","-","0","0","-",
"서초구","전체세대","","170810","170798","172911","173506","173506",
"서초구","1인세대","","60457","60427","60783","60711","60711",
"서초구","2인세대","","36300","36432","37329","37596","37596",
"서초구","3인세대","","34165","34333","34956","35140","35140",
"서초구","4인세대","","30645","30414","30639","30798","30798",
"서초구","5인세대","","6831","6794","6816","6875","6875",
"서초구","6인세대","","1730","1721","1701","1703","1703",
"서초구","7인세대","","459","450","470","456","456",
"서초구","8인세대","","141","144","130","137","137",
"서초구","9인세대","","55","54","58","59","59",
"서초구","10인세대 이상","","27","29","29","31","31",
"서초1동","전체세대","","9517","9582","9565","9512","9512",
"서초1동","1인세대","","4429","4491","4493","4424","4424",
"서초1동","2인세대","","1857","1871","1883","1932","1932",
"서초1동","3인세대","","1521","1519","1531","1516","1516",
"서초1동","4인세대","","1294","1283","1252","1230","1230",
"서초1동","5인세대","","281","280","278","285","285",
"서초1동","6인세대","","97","101","91","90","90",
"서초1동","7인세대","","25","22","22","21","21",
"서초1동","8인세대","","13","14","13","13","13",
"서초1동","9인세대","","-","1","2","1","1",
"서초1동","10인세대 이상","","-","-","0","0","-",
"서초2동","전체세대","","11462","11462","11451","11427","11427",
"서초2동","1인세대","","5170","5134","5129","5099","5099",
"서초2동","2인세대","","2119","2147","2156","2178","2178",
"서초2동","3인세대","","2011","2002","2012","2000","2000",
"서초2동","4인세대","","1685","1702","1675","1676","1676",
"서초2동","5인세대","","349","352","357","355","355",
"서초2동","6인세대","","97","94","87","84","84",
"서초2동","7인세대","","21","23","26","25","25",
"서초2동","8인세대","","7","5","6","7","7",
"서초2동","9인세대","","2","3","3","3","3",
"서초2동","10인세대 이상","","1","-","0","0","-",
"서초3동","전체세대","","15486","15504","15538","15572","15572",
"서초3동","1인세대","","7489","7505","7508","7529","7529",
"서초3동","2인세대","","3043","3063","3106","3120","3120",
"서초3동","3인세대","","2362","2375","2376","2373","2373",
"서초3동","4인세대","","1931","1900","1894","1902","1902",
"서초3동","5인세대","","463","462","462","456","456",
"서초3동","6인세대","","133","134","130","126","126",
"서초3동","7인세대","","42","41","43","44","44",
"서초3동","8인세대","","13","14","10","11","11",
"서초3동","9인세대","","8","8","7","9","9",
"서초3동","10인세대 이상","","2","2","2","2","2",
"서초4동","전체세대","","10677","10657","10643","10642","10642",
"서초4동","1인세대","","2229","2230","2218","2228","2228",
"서초4동","2인세대","","2007","2017","2040","2047","2047",
"서초4동","3인세대","","2756","2761","2778","2778","2778",
"서초4동","4인세대","","2970","2931","2891","2881","2881",
"서초4동","5인세대","","549","549","553","552","552",
"서초4동","6인세대","","114","110","107","103","103",
"서초4동","7인세대","","35","38","35","32","32",
"서초4동","8인세대","","8","12","11","10","10",
"서초4동","9인세대","","6","5","6","6","6",
"서초4동","10인세대 이상","","3","4","4","5","5",
"잠원동","전체세대","","10659","10742","13217","13567","13567",
"잠원동","1인세대","","3440","3465","3893","3876","3876",
"잠원동","2인세대","","1963","1988","2682","2745","2745",
"잠원동","3인세대","","2436","2466","3151","3309","3309",
"잠원동","4인세대","","2276","2283","2827","2938","2938",
"잠원동","5인세대","","398","396","503","532","532",
"잠원동","6인세대","","111","105","119","126","126",
"잠원동","7인세대","","25","29","30","25","25",
"잠원동","8인세대","","8","8","8","10","10",
"잠원동","9인세대","","1","-","1","3","3",
"잠원동","10인세대 이상","","1","2","3","3","3",
"반포본동","전체세대","","111","108","107","104","104",
"반포본동","1인세대","","55","55","53","50","50",
"반포본동","2인세대","","20","19","20","20","20",
"반포본동","3인세대","","16","16","16","16","16",
"반포본동","4인세대","","16","14","14","14","14",
"반포본동","5인세대","","3","3","3","3","3",
"반포본동","6인세대","","-","-","0","0","-",
"반포본동","7인세대","","1","1","1","1","1",
"반포본동","8인세대","","-","-","0","0","-",
"반포본동","9인세대","","-","-","0","0","-",
"반포본동","10인세대 이상","","-","-","0","0","-",
"반포1동","전체세대","","14625","14585","14503","14463","14463",
"반포1동","1인세대","","6102","6092","6075","6028","6028",
"반포1동","2인세대","","2398","2378","2379","2399","2399",
"반포1동","3인세대","","2682","2703","2683","2649","2649",
"반포1동","4인세대","","2722","2690","2665","2687","2687",
"반포1동","5인세대","","551","553","541","530","530",
"반포1동","6인세대","","120","123","117","127","127",
"반포1동","7인세대","","34","31","29","28","28",
"반포1동","8인세대","","10","7","6","10","10",
"반포1동","9인세대","","5","6","7","4","4",
"반포1동","10인세대 이상","","1","2","1","1","1",
"반포2동","전체세대","","8582","8596","8564","8560","8560",
"반포2동","1인세대","","979","974","994","1001","1001",
"반포2동","2인세대","","1742","1772","1777","1757","1757",
"반포2동","3인세대","","2377","2392","2377","2382","2382",
"반포2동","4인세대","","2632","2609","2576","2582","2582",
"반포2동","5인세대","","652","654","647","644","644",
"반포2동","6인세대","","153","148","145","149","149",
"반포2동","7인세대","","28","30","33","30","30",
"반포2동","8인세대","","12","11","9","10","10",
"반포2동","9인세대","","3","3","4","3","3",
"반포2동","10인세대 이상","","4","3","2","2","2",
"반포3동","전체세대","","8265","8258","8164","8207","8207",
"반포3동","1인세대","","1292","1280","1299","1306","1306",
"반포3동","2인세대","","1824","1815","1811","1821","1821",
"반포3동","3인세대","","2292","2335","2303","2303","2303",
"반포3동","4인세대","","2321","2307","2255","2272","2272",
"반포3동","5인세대","","411","395","375","384","384",
"반포3동","6인세대","","97","96","88","91","91",
"반포3동","7인세대","","18","23","27","25","25",
"반포3동","8인세대","","8","6","3","2","2",
"반포3동","9인세대","","2","1","3","3","3",
"반포3동","10인세대 이상","","-","-","0","0","-",
"반포4동","전체세대","","7041","7044","7004","6976","6976",
"반포4동","1인세대","","1803","1803","1783","1760","1760",
"반포4동","2인세대","","1615","1629","1632","1618","1618",
"반포4동","3인세대","","1735","1750","1731","1766","1766",
"반포4동","4인세대","","1419","1398","1411","1389","1389",
"반포4동","5인세대","","335","329","311","309","309",
"반포4동","6인세대","","97","100","99","94","94",
"반포4동","7인세대","","22","18","20","22","22",
"반포4동","8인세대","","8","9","9","10","10",
"반포4동","9인세대","","5","5","5","6","6",
"반포4동","10인세대 이상","","2","3","3","2","2",
"방배본동","전체세대","","7860","7848","7859","7862","7862",
"방배본동","1인세대","","2388","2385","2374","2386","2386",
"방배본동","2인세대","","1676","1667","1701","1716","1716",
"방배본동","3인세대","","1664","1673","1673","1655","1655",
"방배본동","4인세대","","1592","1598","1583","1570","1570",
"방배본동","5인세대","","375","372","372","372","372",
"방배본동","6인세대","","116","106","109","113","113",
"방배본동","7인세대","","37","34","36","37","37",
"방배본동","8인세대","","7","8","7","7","7",
"방배본동","9인세대","","4","3","3","4","4",
"방배본동","10인세대 이상","","1","2","1","2","2",
"방배1동","전체세대","","7532","7544","7519","7494","7494",
"방배1동","1인세대","","3077","3078","3055","3067","3067",
"방배1동","2인세대","","1848","1876","1865","1838","1838",
"방배1동","3인세대","","1249","1239","1259","1271","1271",
"방배1동","4인세대","","1035","1036","1028","1006","1006",
"방배1동","5인세대","","231","228","223","222","222",
"방배1동","6인세대","","62","58","61","62","62",
"방배1동","7인세대","","17","16","17","17","17",
"방배1동","8인세대","","8","8","6","7","7",
"방배1동","9인세대","","3","3","3","3","3",
"방배1동","10인세대 이상","","2","2","2","1","1",
"방배2동","전체세대","","7811","7795","7772","7743","7743",
"방배2동","1인세대","","2886","2908","2878","2854","2854",
"방배2동","2인세대","","2012","1981","2000","2008","2008",
"방배2동","3인세대","","1439","1452","1453","1435","1435",
"방배2동","4인세대","","1138","1123","1106","1106","1106",
"방배2동","5인세대","","247","247","251","251","251",
"방배2동","6인세대","","63","60","60","63","63",
"방배2동","7인세대","","23","20","21","21","21",
"방배2동","8인세대","","2","3","2","3","3",
"방배2동","9인세대","","-","-","0","0","-",
"방배2동","10인세대 이상","","1","1","1","2","2",
"방배3동","전체세대","","5842","5815","5810","5790","5790",
"방배3동","1인세대","","1275","1241","1243","1250","1250",
"방배3동","2인세대","","1446","1467","1459","1469","1469",
"방배3동","3인세대","","1506","1507","1524","1504","1504",
"방배3동","4인세대","","1206","1194","1176","1171","1171",
"방배3동","5인세대","","296","294","299","290","290",
"방배3동","6인세대","","80","76","73","74","74",
"방배3동","7인세대","","25","26","25","24","24",
"방배3동","8인세대","","5","7","8","2","2",
"방배3동","9인세대","","2","2","2","5","5",
"방배3동","10인세대 이상","","1","1","1","1","1",
"방배4동","전체세대","","9622","9612","9625","10054","10054",
"방배4동","1인세대","","3443","3450","3471","3530","3530",
"방배4동","2인세대","","2158","2143","2165","2290","2290",
"방배4동","3인세대","","1835","1844","1848","1946","1946",
"방배4동","4인세대","","1679","1673","1627","1750","1750",
"방배4동","5인세대","","380","376","389","409","409",
"방배4동","6인세대","","93","95","95","98","98",
"방배4동","7인세대","","20","18","16","18","18",
"방배4동","8인세대","","10","9","9","8","8",
"방배4동","9인세대","","3","3","3","3","3",
"방배4동","10인세대 이상","","1","1","2","2","2",
"양재1동","전체세대","","17641","17613","17561","17528","17528",
"양재1동","1인세대","","6342","6318","6282","6248","6248",
"양재1동","2인세대","","4332","4357","4393","4403","4403",
"양재1동","3인세대","","3334","3330","3312","3323","3323",
"양재1동","4인세대","","2598","2574","2568","2545","2545",
"양재1동","5인세대","","785","776","739","753","753",
"양재1동","6인세대","","181","186","190","183","183",
"양재1동","7인세대","","46","47","53","48","48",
"양재1동","8인세대","","14","17","17","19","19",
"양재1동","9인세대","","7","6","4","2","2",
"양재1동","10인세대 이상","","2","2","3","4","4",
"양재2동","전체세대","","11024","10972","10962","10980","10980",
"양재2동","1인세대","","5846","5799","5819","5870","5870",
"양재2동","2인세대","","2271","2268","2285","2275","2275",
"양재2동","3인세대","","1494","1512","1477","1462","1462",
"양재2동","4인세대","","1083","1065","1055","1049","1049",
"양재2동","5인세대","","255","247","247","248","248",
"양재2동","6인세대","","58","64","61","56","56",
"양재2동","7인세대","","11","11","12","13","13",
"양재2동","8인세대","","2","2","3","6","6",
"양재2동","9인세대","","3","4","3","1","1",
"양재2동","10인세대 이상","","1","-","0","0","-",
"내곡동","전체세대","","7053","7061","7047","7025","7025",
"내곡동","1인세대","","2212","2219","2216","2205","2205",
"내곡동","2인세대","","1969","1974","1975","1960","1960",
"내곡동","3인세대","","1456","1457","1452","1452","1452",
"내곡동","4인세대","","1048","1034","1036","1030","1030",
"내곡동","5인세대","","270","281","266","280","280",
"내곡동","6인세대","","58","65","69","64","64",
"내곡동","7인세대","","29","22","24","25","25",
"내곡동","8인세대","","6","4","3","2","2",
"내곡동","9인세대","","1","1","2","3","3",
"내곡동","10인세대 이상","","4","4","4","4","4",
"강남구","전체세대","","245139","245092","245478","245264","245264",
"강남구","1인세대","","97716","97757","98105","97519","97519",
"강남구","2인세대","","49962","49986","50126","50432","50432",
"강남구","3인세대","","45522","45754","46048","46276","46276",
"강남구","4인세대","","40670","40417","40128","40015","40015",
"강남구","5인세대","","8581","8510","8452","8385","8385",
"강남구","6인세대","","1954","1950","1906","1928","1928",
"강남구","7인세대","","497","484","469","475","475",
"강남구","8인세대","","151","147","158","159","159",
"강남구","9인세대","","57","60","58","46","46",
"강남구","10인세대 이상","","29","27","28","29","29",
"신사동","전체세대","","6599","6569","6550","6538","6538",
"신사동","1인세대","","2479","2458","2451","2444","2444",
"신사동","2인세대","","1496","1494","1489","1502","1502",
"신사동","3인세대","","1244","1241","1246","1228","1228",
"신사동","4인세대","","1024","1024","1022","1017","1017",
"신사동","5인세대","","253","247","246","248","248",
"신사동","6인세대","","72","73","65","69","69",
"신사동","7인세대","","13","15","15","15","15",
"신사동","8인세대","","10","10","10","13","13",
"신사동","9인세대","","6","5","6","2","2",
"신사동","10인세대 이상","","2","2","0","0","-",
"논현1동","전체세대","","13453","13460","13497","13417","13417",
"논현1동","1인세대","","9332","9354","9372","9306","9306",
"논현1동","2인세대","","2235","2233","2255","2233","2233",
"논현1동","3인세대","","990","992","996","1004","1004",
"논현1동","4인세대","","648","633","627","632","632",
"논현1동","5인세대","","177","173","168","160","160",
"논현1동","6인세대","","41","48","50","50","50",
"논현1동","7인세대","","20","19","21","24","24",
"논현1동","8인세대","","5","6","6","7","7",
"논현1동","9인세대","","4","1","1","0","-",
"논현1동","10인세대 이상","","1","1","1","1","1",
"논현2동","전체세대","","11168","11207","11207","11172","11172",
"논현2동","1인세대","","6487","6508","6502","6434","6434",
"논현2동","2인세대","","2055","2069","2070","2103","2103",
"논현2동","3인세대","","1445","1458","1476","1471","1471",
"논현2동","4인세대","","901","898","884","900","900",
"논현2동","5인세대","","186","179","184","175","175",
"논현2동","6인세대","","67","69","65","63","63",
"논현2동","7인세대","","16","15","13","13","13",
"논현2동","8인세대","","6","6","9","9","9",
"논현2동","9인세대","","5","5","2","2","2",
"논현2동","10인세대 이상","","-","-","2","2","2",
"압구정동","전체세대","","9987","9971","9950","9930","9930",
"압구정동","1인세대","","2656","2664","2680","2663","2663",
"압구정동","2인세대","","2491","2482","2442","2442","2442",
"압구정동","3인세대","","2288","2296","2317","2313","2313",
"압구정동","4인세대","","1916","1896","1870","1866","1866",
"압구정동","5인세대","","457","459","457","464","464",
"압구정동","6인세대","","132","132","141","137","137",
"압구정동","7인세대","","25","23","21","23","23",
"압구정동","8인세대","","12","9","10","11","11",
"압구정동","9인세대","","7","8","9","8","8",
"압구정동","10인세대 이상","","3","2","3","3","3",
"청담동","전체세대","","10527","10492","10505","11033","11033",
"청담동","1인세대","","4191","4158","4176","4265","4265",
"청담동","2인세대","","2232","2216","2235","2437","2437",
"청담동","3인세대","","1929","1959","1948","2068","2068",
"청담동","4인세대","","1622","1613","1602","1688","1688",
"청담동","5인세대","","389","380","382","399","399",
"청담동","6인세대","","114","118","115","130","130",
"청담동","7인세대","","36","32","31","33","33",
"청담동","8인세대","","10","12","12","9","9",
"청담동","9인세대","","-","-","0","0","-",
"청담동","10인세대 이상","","4","4","4","4","4",
"삼성1동","전체세대","","5381","5468","5491","5489","5489",
"삼성1동","1인세대","","1964","1989","1967","1981","1981",
"삼성1동","2인세대","","1254","1305","1355","1355","1355",
"삼성1동","3인세대","","1027","1033","1035","1035","1035",
"삼성1동","4인세대","","838","839","837","826","826",
"삼성1동","5인세대","","205","207","202","197","197",
"삼성1동","6인세대","","66","67","71","73","73",
"삼성1동","7인세대","","19","20","16","14","14",
"삼성1동","8인세대","","6","6","6","6","6",
"삼성1동","9인세대","","1","1","1","1","1",
"삼성1동","10인세대 이상","","1","1","1","1","1",
"삼성2동","전체세대","","13770","13789","13799","13799","13799",
"삼성2동","1인세대","","6033","6053","6047","6014","6014",
"삼성2동","2인세대","","2525","2530","2553","2563","2563",
"삼성2동","3인세대","","2439","2457","2463","2498","2498",
"삼성2동","4인세대","","2194","2173","2171","2157","2157",
"삼성2동","5인세대","","431","433","426","428","428",
"삼성2동","6인세대","","104","100","95","96","96",
"삼성2동","7인세대","","29","27","29","27","27",
"삼성2동","8인세대","","11","11","10","11","11",
"삼성2동","9인세대","","3","4","5","4","4",
"삼성2동","10인세대 이상","","1","1","0","1","1",
"대치1동","전체세대","","7228","7221","7220","7206","7206",
"대치1동","1인세대","","542","548","551","547","547",
"대치1동","2인세대","","1098","1117","1102","1112","1112",
"대치1동","3인세대","","2088","2074","2099","2080","2080",
"대치1동","4인세대","","2793","2785","2782","2778","2778",
"대치1동","5인세대","","569","559","551","551","551",
"대치1동","6인세대","","102","102","97","98","98",
"대치1동","7인세대","","22","24","25","28","28",
"대치1동","8인세대","","8","7","8","8","8",
"대치1동","9인세대","","6","5","5","4","4",
"대치1동","10인세대 이상","","-","-","0","0","-",
"대치2동","전체세대","","13249","13242","13418","13403","13403",
"대치2동","1인세대","","2438","2459","2560","2485","2485",
"대치2동","2인세대","","2572","2551","2592","2611","2611",
"대치2동","3인세대","","3488","3500","3569","3600","3600",
"대치2동","4인세대","","3861","3850","3801","3820","3820",
"대치2동","5인세대","","706","700","716","695","695",
"대치2동","6인세대","","131","128","127","138","138",
"대치2동","7인세대","","41","40","41","43","43",
"대치2동","8인세대","","9","9","8","8","8",
"대치2동","9인세대","","2","4","3","2","2",
"대치2동","10인세대 이상","","1","1","1","1","1",
"대치4동","전체세대","","9619","9606","9734","9537","9537",
"대치4동","1인세대","","5344","5355","5461","5293","5293",
"대치4동","2인세대","","1677","1682","1716","1700","1700",
"대치4동","3인세대","","1262","1252","1251","1273","1273",
"대치4동","4인세대","","1039","1021","1007","976","976",
"대치4동","5인세대","","226","227","230","227","227",
"대치4동","6인세대","","57","55","53","54","54",
"대치4동","7인세대","","11","11","10","10","10",
"대치4동","8인세대","","2","2","4","2","2",
"대치4동","9인세대","","1","1","1","1","1",
"대치4동","10인세대 이상","","-","-","1","1","1",
"역삼1동","전체세대","","23852","23829","23916","23856","23856",
"역삼1동","1인세대","","17826","17786","17855","17783","17783",
"역삼1동","2인세대","","3360","3365","3381","3434","3434",
"역삼1동","3인세대","","1441","1482","1496","1477","1477",
"역삼1동","4인세대","","893","857","855","842","842",
"역삼1동","5인세대","","251","255","246","239","239",
"역삼1동","6인세대","","60","62","61","58","58",
"역삼1동","7인세대","","13","12","12","11","11",
"역삼1동","8인세대","","5","6","6","7","7",
"역삼1동","9인세대","","1","2","2","2","2",
"역삼1동","10인세대 이상","","2","2","2","3","3",
"역삼2동","전체세대","","15604","15578","15574","15548","15548",
"역삼2동","1인세대","","6421","6405","6379","6328","6328",
"역삼2동","2인세대","","2364","2341","2330","2351","2351",
"역삼2동","3인세대","","3120","3140","3199","3224","3224",
"역삼2동","4인세대","","3054","3052","3038","3017","3017",
"역삼2동","5인세대","","502","500","499","494","494",
"역삼2동","6인세대","","98","96","93","100","100",
"역삼2동","7인세대","","30","30","23","22","22",
"역삼2동","8인세대","","8","7","8","7","7",
"역삼2동","9인세대","","3","3","2","2","2",
"역삼2동","10인세대 이상","","4","4","3","3","3",
"도곡1동","전체세대","","8241","8317","8346","8383","8383",
"도곡1동","1인세대","","2585","2670","2689","2698","2698",
"도곡1동","2인세대","","1685","1698","1721","1752","1752",
"도곡1동","3인세대","","1780","1780","1774","1798","1798",
"도곡1동","4인세대","","1751","1732","1722","1703","1703",
"도곡1동","5인세대","","324","328","333","326","326",
"도곡1동","6인세대","","83","75","72","72","72",
"도곡1동","7인세대","","23","24","28","28","28",
"도곡1동","8인세대","","5","6","4","3","3",
"도곡1동","9인세대","","2","1","1","1","1",
"도곡1동","10인세대 이상","","3","3","2","2","2",
"도곡2동","전체세대","","11454","11419","11430","11414","11414",
"도곡2동","1인세대","","2180","2188","2171","2184","2184",
"도곡2동","2인세대","","2459","2453","2493","2471","2471",
"도곡2동","3인세대","","3051","3032","3072","3089","3089",
"도곡2동","4인세대","","2986","2978","2930","2907","2907",
"도곡2동","5인세대","","589","585","583","588","588",
"도곡2동","6인세대","","139","134","131","123","123",
"도곡2동","7인세대","","37","35","34","36","36",
"도곡2동","8인세대","","8","9","10","11","11",
"도곡2동","9인세대","","4","4","3","2","2",
"도곡2동","10인세대 이상","","1","1","3","3","3",
"개포1동","전체세대","","9170","9159","9165","9134","9134",
"개포1동","1인세대","","1370","1340","1336","1316","1316",
"개포1동","2인세대","","2119","2090","2114","2118","2118",
"개포1동","3인세대","","2574","2563","2567","2589","2589",
"개포1동","4인세대","","2437","2462","2447","2439","2439",
"개포1동","5인세대","","541","563","557","535","535",
"개포1동","6인세대","","83","98","103","98","98",
"개포1동","7인세대","","33","33","31","30","30",
"개포1동","8인세대","","9","6","7","4","4",
"개포1동","9인세대","","3","3","2","4","4",
"개포1동","10인세대 이상","","1","1","1","1","1",
"개포2동","전체세대","","15054","15009","14989","14953","14953",
"개포2동","1인세대","","2578","2558","2579","2559","2559",
"개포2동","2인세대","","3615","3591","3567","3544","3544",
"개포2동","3인세대","","4117","4146","4169","4165","4165",
"개포2동","4인세대","","3775","3781","3750","3763","3763",
"개포2동","5인세대","","779","752","744","750","750",
"개포2동","6인세대","","154","146","138","131","131",
"개포2동","7인세대","","25","21","27","27","27",
"개포2동","8인세대","","9","10","9","10","10",
"개포2동","9인세대","","2","4","6","4","4",
"개포2동","10인세대 이상","","-","-","0","0","-",
"개포3동","전체세대","","7340","7332","7320","7127","7127",
"개포3동","1인세대","","2554","2542","2554","2543","2543",
"개포3동","2인세대","","1937","1946","1937","1891","1891",
"개포3동","3인세대","","1505","1506","1510","1457","1457",
"개포3동","4인세대","","1099","1090","1095","1013","1013",
"개포3동","5인세대","","194","195","179","179","179",
"개포3동","6인세대","","41","41","32","32","32",
"개포3동","7인세대","","9","11","12","11","11",
"개포3동","8인세대","","1","1","1","1","1",
"개포3동","9인세대","","-","-","0","0","-",
"개포3동","10인세대 이상","","-","-","0","0","-",
"개포4동","전체세대","","10089","10084","10057","10041","10041",
"개포4동","1인세대","","3742","3728","3697","3676","3676",
"개포4동","2인세대","","2312","2346","2333","2342","2342",
"개포4동","3인세대","","2037","2066","2094","2091","2091",
"개포4동","4인세대","","1580","1539","1523","1510","1510",
"개포4동","5인세대","","302","293","301","311","311",
"개포4동","6인세대","","81","77","76","77","77",
"개포4동","7인세대","","22","22","21","22","22",
"개포4동","8인세대","","8","7","6","8","8",
"개포4동","9인세대","","3","4","5","3","3",
"개포4동","10인세대 이상","","2","2","1","1","1",
"세곡동","전체세대","","20316","20288","20277","20299","20299",
"세곡동","1인세대","","7838","7820","7853","7847","7847",
"세곡동","2인세대","","4730","4708","4717","4713","4713",
"세곡동","3인세대","","3582","3609","3604","3658","3658",
"세곡동","4인세대","","3038","3033","3002","3007","3007",
"세곡동","5인세대","","878","871","858","831","831",
"세곡동","6인세대","","192","191","187","192","192",
"세곡동","7인세대","","47","46","42","39","39",
"세곡동","8인세대","","9","7","10","9","9",
"세곡동","9인세대","","1","2","2","2","2",
"세곡동","10인세대 이상","","1","1","2","1","1",
"일원본동","전체세대","","7955","7956","7947","7953","7953",
"일원본동","1인세대","","1477","1469","1472","1473","1473",
"일원본동","2인세대","","1732","1741","1739","1743","1743",
"일원본동","3인세대","","2168","2208","2215","2219","2219",
"일원본동","4인세대","","2152","2122","2120","2111","2111",
"일원본동","5인세대","","347","337","328","333","333",
"일원본동","6인세대","","61","62","57","59","59",
"일원본동","7인세대","","13","12","8","7","7",
"일원본동","8인세대","","3","3","6","6","6",
"일원본동","9인세대","","1","1","1","1","1",
"일원본동","10인세대 이상","","1","1","1","1","1",
"일원1동","전체세대","","7453","7447","7446","7420","7420",
"일원1동","1인세대","","3693","3686","3700","3678","3678",
"일원1동","2인세대","","1867","1888","1885","1903","1903",
"일원1동","3인세대","","1059","1063","1057","1047","1047",
"일원1동","4인세대","","608","588","590","585","585",
"일원1동","5인세대","","170","167","161","153","153",
"일원1동","6인세대","","43","42","42","42","42",
"일원1동","7인세대","","7","7","5","5","5",
"일원1동","8인세대","","4","4","5","6","6",
"일원1동","9인세대","","2","2","1","1","1",
"일원1동","10인세대 이상","","-","-","0","0","-",
"수서동","전체세대","","7630","7649","7640","7612","7612",
"수서동","1인세대","","3986","4019","4053","4002","4002",
"수서동","2인세대","","2147","2140","2100","2112","2112",
"수서동","3인세대","","888","897","891","892","892",
"수서동","4인세대","","461","451","453","458","458",
"수서동","5인세대","","105","100","101","102","102",
"수서동","6인세대","","33","34","35","36","36",
"수서동","7인세대","","6","5","4","7","7",
"수서동","8인세대","","3","3","3","3","3",
"수서동","9인세대","","-","-","0","0","-",
"수서동","10인세대 이상","","1","-","0","0","-",
"송파구","전체세대","","286911","286908","286836","285903","285903",
"송파구","1인세대","","109874","109883","109695","109282","109282",
"송파구","2인세대","","65673","66101","66496","66498","66498",
"송파구","3인세대","","54702","54887","55076","54905","54905",
"송파구","4인세대","","44630","44129","43790","43510","43510",
"송파구","5인세대","","9263","9217","9088","9023","9023",
"송파구","6인세대","","2066","2011","2023","2015","2015",
"송파구","7인세대","","500","477","474","461","461",
"송파구","8인세대","","135","133","130","140","140",
"송파구","9인세대","","46","47","42","45","45",
"송파구","10인세대 이상","","22","23","22","24","24",
"풍납1동","전체세대","","5350","5307","5257","5176","5176",
"풍납1동","1인세대","","2222","2212","2183","2140","2140",
"풍납1동","2인세대","","1409","1402","1402","1387","1387",
"풍납1동","3인세대","","955","944","941","943","943",
"풍납1동","4인세대","","612","597","590","567","567",
"풍납1동","5인세대","","108","109","105","104","104",
"풍납1동","6인세대","","30","31","24","24","24",
"풍납1동","7인세대","","13","11","11","10","10",
"풍납1동","8인세대","","1","1","1","1","1",
"풍납1동","9인세대","","-","-","0","0","-",
"풍납1동","10인세대 이상","","-","-","0","0","-",
"풍납2동","전체세대","","10304","10362","10467","10415","10415",
"풍납2동","1인세대","","3970","4029","4134","4101","4101",
"풍납2동","2인세대","","2437","2481","2481","2479","2479",
"풍납2동","3인세대","","1965","1955","1966","1959","1959",
"풍납2동","4인세대","","1548","1529","1529","1514","1514",
"풍납2동","5인세대","","292","287","273","273","273",
"풍납2동","6인세대","","68","59","60","66","66",
"풍납2동","7인세대","","17","16","19","17","17",
"풍납2동","8인세대","","6","5","4","4","4",
"풍납2동","9인세대","","1","1","1","2","2",
"풍납2동","10인세대 이상","","-","-","0","0","-",
"거여1동","전체세대","","5579","5600","5598","5602","5602",
"거여1동","1인세대","","2331","2358","2346","2355","2355",
"거여1동","2인세대","","1453","1456","1474","1466","1466",
"거여1동","3인세대","","921","935","931","936","936",
"거여1동","4인세대","","666","646","640","646","646",
"거여1동","5인세대","","166","163","161","156","156",
"거여1동","6인세대","","29","31","37","35","35",
"거여1동","7인세대","","13","11","9","8","8",
"거여1동","8인세대","","-","-","0","0","-",
"거여1동","9인세대","","-","-","0","0","-",
"거여1동","10인세대 이상","","-","-","0","0","-",
"거여2동","전체세대","","10081","10067","10064","10041","10041",
"거여2동","1인세대","","3379","3366","3375","3361","3361",
"거여2동","2인세대","","2734","2743","2780","2792","2792",
"거여2동","3인세대","","2068","2076","2055","2066","2066",
"거여2동","4인세대","","1491","1465","1443","1416","1416",
"거여2동","5인세대","","324","331","330","329","329",
"거여2동","6인세대","","63","62","60","56","56",
"거여2동","7인세대","","14","15","12","10","10",
"거여2동","8인세대","","4","4","5","6","6",
"거여2동","9인세대","","2","3","2","3","3",
"거여2동","10인세대 이상","","2","2","2","2","2",
"마천1동","전체세대","","7401","7302","7276","7257","7257",
"마천1동","1인세대","","3130","3065","3036","3034","3034",
"마천1동","2인세대","","1939","1934","1943","1944","1944",
"마천1동","3인세대","","1235","1228","1221","1212","1212",
"마천1동","4인세대","","824","807","809","805","805",
"마천1동","5인세대","","208","204","206","205","205",
"마천1동","6인세대","","49","50","46","41","41",
"마천1동","7인세대","","9","9","10","9","9",
"마천1동","8인세대","","6","4","4","6","6",
"마천1동","9인세대","","1","1","1","1","1",
"마천1동","10인세대 이상","","-","-","0","0","-",
"마천2동","전체세대","","8480","8462","8404","8404","8404",
"마천2동","1인세대","","3696","3715","3672","3685","3685",
"마천2동","2인세대","","2292","2279","2304","2300","2300",
"마천2동","3인세대","","1388","1382","1364","1357","1357",
"마천2동","4인세대","","856","837","822","818","818",
"마천2동","5인세대","","172","177","170","170","170",
"마천2동","6인세대","","57","54","52","51","51",
"마천2동","7인세대","","14","14","16","17","17",
"마천2동","8인세대","","4","3","3","4","4",
"마천2동","9인세대","","-","-","0","1","1",
"마천2동","10인세대 이상","","1","1","1","1","1",
"방이1동","전체세대","","6177","6159","6157","6175","6175",
"방이1동","1인세대","","2038","2030","2021","2036","2036",
"방이1동","2인세대","","1401","1395","1392","1385","1385",
"방이1동","3인세대","","1267","1276","1311","1327","1327",
"방이1동","4인세대","","1148","1131","1105","1111","1111",
"방이1동","5인세대","","242","247","246","237","237",
"방이1동","6인세대","","58","57","57","52","52",
"방이1동","7인세대","","19","19","18","19","19",
"방이1동","8인세대","","2","3","6","7","7",
"방이1동","9인세대","","2","1","1","1","1",
"방이1동","10인세대 이상","","-","-","0","0","-",
"방이2동","전체세대","","16060","16046","16047","16098","16098",
"방이2동","1인세대","","10316","10237","10228","10266","10266",
"방이2동","2인세대","","2945","3015","3053","3090","3090",
"방이2동","3인세대","","1593","1594","1588","1573","1573",
"방이2동","4인세대","","931","934","917","916","916",
"방이2동","5인세대","","205","197","192","184","184",
"방이2동","6인세대","","54","54","54","53","53",
"방이2동","7인세대","","10","10","9","8","8",
"방이2동","8인세대","","5","4","5","7","7",
"방이2동","9인세대","","1","1","1","0","-",
"방이2동","10인세대 이상","","-","-","0","1","1",
"오륜동","전체세대","","5839","5823","5850","5842","5842",
"오륜동","1인세대","","669","662","661","650","650",
"오륜동","2인세대","","1403","1406","1409","1421","1421",
"오륜동","3인세대","","1635","1653","1673","1662","1662",
"오륜동","4인세대","","1692","1665","1660","1667","1667",
"오륜동","5인세대","","333","329","336","329","329",
"오륜동","6인세대","","70","73","76","79","79",
"오륜동","7인세대","","23","22","22","22","22",
"오륜동","8인세대","","9","8","7","7","7",
"오륜동","9인세대","","4","3","3","3","3",
"오륜동","10인세대 이상","","1","2","3","2","2",
"오금동","전체세대","","16031","16062","15909","15763","15763",
"오금동","1인세대","","5171","5163","5114","5035","5035",
"오금동","2인세대","","4154","4198","4180","4170","4170",
"오금동","3인세대","","3479","3477","3435","3408","3408",
"오금동","4인세대","","2507","2504","2468","2443","2443",
"오금동","5인세대","","532","539","527","523","523",
"오금동","6인세대","","144","143","147","144","144",
"오금동","7인세대","","32","26","27","26","26",
"오금동","8인세대","","7","5","7","9","9",
"오금동","9인세대","","4","6","3","4","4",
"오금동","10인세대 이상","","1","1","1","1","1",
"송파1동","전체세대","","12494","12509","12469","12497","12497",
"송파1동","1인세대","","6767","6760","6743","6777","6777",
"송파1동","2인세대","","2780","2819","2818","2826","2826",
"송파1동","3인세대","","1576","1599","1588","1571","1571",
"송파1동","4인세대","","1041","1000","995","1001","1001",
"송파1동","5인세대","","245","242","238","236","236",
"송파1동","6인세대","","66","68","69","68","68",
"송파1동","7인세대","","9","11","11","11","11",
"송파1동","8인세대","","8","8","7","7","7",
"송파1동","9인세대","","1","1","0","0","-",
"송파1동","10인세대 이상","","1","1","0","0","-",
"송파2동","전체세대","","7373","7510","7568","7542","7542",
"송파2동","1인세대","","1924","1960","1945","1915","1915",
"송파2동","2인세대","","1750","1803","1818","1847","1847",
"송파2동","3인세대","","1814","1858","1897","1893","1893",
"송파2동","4인세대","","1507","1526","1535","1521","1521",
"송파2동","5인세대","","299","285","290","283","283",
"송파2동","6인세대","","59","58","60","57","57",
"송파2동","7인세대","","15","16","21","24","24",
"송파2동","8인세대","","5","4","2","2","2",
"송파2동","9인세대","","-","-","0","0","-",
"송파2동","10인세대 이상","","-","-","0","0","-",
"석촌동","전체세대","","17070","17062","17066","17057","17057",
"석촌동","1인세대","","9726","9733","9734","9738","9738",
"석촌동","2인세대","","3673","3685","3700","3728","3728",
"석촌동","3인세대","","1984","1975","1981","1960","1960",
"석촌동","4인세대","","1302","1293","1280","1265","1265",
"석촌동","5인세대","","289","279","272","269","269",
"석촌동","6인세대","","75","78","81","79","79",
"석촌동","7인세대","","17","14","12","12","12",
"석촌동","8인세대","","3","4","5","5","5",
"석촌동","9인세대","","1","1","1","1","1",
"석촌동","10인세대 이상","","-","-","0","0","-",
"삼전동","전체세대","","16147","16119","16114","16102","16102",
"삼전동","1인세대","","9233","9235","9225","9197","9197",
"삼전동","2인세대","","3446","3466","3483","3499","3499",
"삼전동","3인세대","","1911","1887","1904","1917","1917",
"삼전동","4인세대","","1202","1177","1157","1144","1144",
"삼전동","5인세대","","261","267","259","260","260",
"삼전동","6인세대","","70","63","61","60","60",
"삼전동","7인세대","","17","15","15","15","15",
"삼전동","8인세대","","4","6","8","8","8",
"삼전동","9인세대","","3","3","2","2","2",
"삼전동","10인세대 이상","","-","-","0","0","-",
"가락본동","전체세대","","11584","11588","11640","11622","11622",
"가락본동","1인세대","","4914","4943","4969","4946","4946",
"가락본동","2인세대","","2718","2714","2753","2776","2776",
"가락본동","3인세대","","2049","2075","2089","2073","2073",
"가락본동","4인세대","","1472","1427","1413","1421","1421",
"가락본동","5인세대","","345","348","336","330","330",
"가락본동","6인세대","","58","60","60","57","57",
"가락본동","7인세대","","21","15","16","15","15",
"가락본동","8인세대","","5","4","2","1","1",
"가락본동","9인세대","","1","1","1","2","2",
"가락본동","10인세대 이상","","1","1","1","1","1",
"가락1동","전체세대","","9674","9632","9690","9666","9666",
"가락1동","1인세대","","1584","1577","1613","1614","1614",
"가락1동","2인세대","","2396","2372","2402","2397","2397",
"가락1동","3인세대","","2784","2786","2794","2768","2768",
"가락1동","4인세대","","2364","2343","2346","2346","2346",
"가락1동","5인세대","","435","443","429","423","423",
"가락1동","6인세대","","83","83","82","92","92",
"가락1동","7인세대","","22","23","19","21","21",
"가락1동","8인세대","","3","2","2","2","2",
"가락1동","9인세대","","1","1","1","1","1",
"가락1동","10인세대 이상","","2","2","2","2","2",
"가락2동","전체세대","","12365","12365","12292","11746","11746",
"가락2동","1인세대","","3687","3718","3715","3646","3646",
"가락2동","2인세대","","2834","2820","2839","2687","2687",
"가락2동","3인세대","","2846","2887","2844","2706","2706",
"가락2동","4인세대","","2453","2429","2387","2237","2237",
"가락2동","5인세대","","418","390","386","363","363",
"가락2동","6인세대","","98","93","94","85","85",
"가락2동","7인세대","","19","19","20","15","15",
"가락2동","8인세대","","8","7","6","6","6",
"가락2동","9인세대","","1","1","0","0","-",
"가락2동","10인세대 이상","","1","1","1","1","1",
"문정1동","전체세대","","8974","8995","8990","8957","8957",
"문정1동","1인세대","","3651","3666","3645","3611","3611",
"문정1동","2인세대","","2088","2112","2110","2116","2116",
"문정1동","3인세대","","1628","1614","1643","1635","1635",
"문정1동","4인세대","","1242","1239","1233","1233","1233",
"문정1동","5인세대","","274","280","274","277","277",
"문정1동","6인세대","","64","57","60","58","58",
"문정1동","7인세대","","18","17","17","21","21",
"문정1동","8인세대","","5","6","5","3","3",
"문정1동","9인세대","","2","2","1","1","1",
"문정1동","10인세대 이상","","2","2","2","2","2",
"문정2동","전체세대","","15835","15808","15828","15859","15859",
"문정2동","1인세대","","9069","9031","9030","9021","9021",
"문정2동","2인세대","","3092","3105","3127","3156","3156",
"문정2동","3인세대","","1856","1876","1912","1932","1932",
"문정2동","4인세대","","1427","1396","1365","1355","1355",
"문정2동","5인세대","","282","287","286","288","288",
"문정2동","6인세대","","73","77","71","73","73",
"문정2동","7인세대","","21","20","21","21","21",
"문정2동","8인세대","","11","12","10","7","7",
"문정2동","9인세대","","2","2","4","3","3",
"문정2동","10인세대 이상","","2","2","2","3","3",
"장지동","전체세대","","13163","13221","13211","13180","13180",
"장지동","1인세대","","4087","4102","4097","4062","4062",
"장지동","2인세대","","3659","3746","3772","3772","3772",
"장지동","3인세대","","2920","2886","2909","2951","2951",
"장지동","4인세대","","1969","1965","1907","1885","1885",
"장지동","5인세대","","418","415","421","407","407",
"장지동","6인세대","","95","90","88","87","87",
"장지동","7인세대","","10","11","12","10","10",
"장지동","8인세대","","3","4","3","4","4",
"장지동","9인세대","","1","1","1","1","1",
"장지동","10인세대 이상","","1","1","1","1","1",
"위례동","전체세대","","14888","14921","15008","14984","14984",
"위례동","1인세대","","2241","2256","2272","2231","2231",
"위례동","2인세대","","2990","3019","3016","3044","3044",
"위례동","3인세대","","3814","3847","3920","3927","3927",
"위례동","4인세대","","4412","4376","4391","4372","4372",
"위례동","5인세대","","1171","1169","1163","1159","1159",
"위례동","6인세대","","207","200","193","198","198",
"위례동","7인세대","","40","41","39","39","39",
"위례동","8인세대","","8","8","9","9","9",
"위례동","9인세대","","4","4","5","4","4",
"위례동","10인세대 이상","","1","1","0","1","1",
"잠실본동","전체세대","","16261","16227","16184","16145","16145",
"잠실본동","1인세대","","10032","10044","9991","9935","9935",
"잠실본동","2인세대","","3048","3039","3058","3082","3082",
"잠실본동","3인세대","","1750","1739","1743","1730","1730",
"잠실본동","4인세대","","1110","1086","1084","1094","1094",
"잠실본동","5인세대","","228","229","216","216","216",
"잠실본동","6인세대","","69","70","71","69","69",
"잠실본동","7인세대","","21","17","18","15","15",
"잠실본동","8인세대","","1","1","1","2","2",
"잠실본동","9인세대","","2","2","2","2","2",
"잠실본동","10인세대 이상","","-","-","0","0","-",
"잠실2동","전체세대","","11530","11530","11546","11527","11527",
"잠실2동","1인세대","","1616","1621","1614","1612","1612",
"잠실2동","2인세대","","2092","2095","2114","2095","2095",
"잠실2동","3인세대","","3324","3352","3367","3383","3383",
"잠실2동","4인세대","","3745","3726","3717","3695","3695",
"잠실2동","5인세대","","619","607","600","606","606",
"잠실2동","6인세대","","102","98","102","104","104",
"잠실2동","7인세대","","21","19","21","21","21",
"잠실2동","8인세대","","7","8","7","7","7",
"잠실2동","9인세대","","3","3","3","3","3",
"잠실2동","10인세대 이상","","1","1","1","1","1",
"잠실3동","전체세대","","11839","11818","11800","11799","11799",
"잠실3동","1인세대","","1847","1824","1797","1784","1784",
"잠실3동","2인세대","","2935","2944","2971","2954","2954",
"잠실3동","3인세대","","3269","3287","3301","3293","3293",
"잠실3동","4인세대","","3024","3013","2994","3011","3011",
"잠실3동","5인세대","","592","591","576","591","591",
"잠실3동","6인세대","","123","108","115","122","122",
"잠실3동","7인세대","","36","36","32","27","27",
"잠실3동","8인세대","","7","8","7","9","9",
"잠실3동","9인세대","","4","5","5","6","6",
"잠실3동","10인세대 이상","","2","2","2","2","2",
"잠실4동","전체세대","","7205","7198","7200","7268","7268",
"잠실4동","1인세대","","1032","1014","1005","1022","1022",
"잠실4동","2인세대","","1532","1565","1587","1596","1596",
"잠실4동","3인세대","","2200","2212","2222","2244","2244",
"잠실4동","4인세대","","2003","1967","1952","1965","1965",
"잠실4동","5인세대","","340","339","334","336","336",
"잠실4동","6인세대","","77","79","78","83","83",
"잠실4동","7인세대","","13","14","15","14","14",
"잠실4동","8인세대","","6","6","5","6","6",
"잠실4동","9인세대","","2","2","2","2","2",
"잠실4동","10인세대 이상","","-","-","0","0","-",
"잠실6동","전체세대","","5840","5851","5832","5817","5817",
"잠실6동","1인세대","","1001","1025","1005","975","975",
"잠실6동","2인세대","","1502","1513","1521","1512","1512",
"잠실6동","3인세대","","1600","1604","1592","1594","1594",
"잠실6동","4인세대","","1337","1317","1318","1330","1330",
"잠실6동","5인세대","","291","287","286","294","294",
"잠실6동","6인세대","","73","69","76","76","76",
"잠실6동","7인세대","","25","25","23","24","24",
"잠실6동","8인세대","","5","6","6","7","7",
"잠실6동","9인세대","","3","2","2","2","2",
"잠실6동","10인세대 이상","","3","3","3","3","3",
"잠실7동","전체세대","","3367","3364","3369","3362","3362",
"잠실7동","1인세대","","541","537","525","533","533",
"잠실7동","2인세대","","971","975","989","977","977",
"잠실7동","3인세대","","871","883","885","885","885",
"잠실7동","4인세대","","745","734","733","732","732",
"잠실7동","5인세대","","174","176","176","175","175",
"잠실7동","6인세대","","52","46","49","46","46",
"잠실7동","7인세대","","11","11","9","10","10",
"잠실7동","8인세대","","2","2","3","4","4",
"잠실7동","9인세대","","-","-","0","0","-",
"잠실7동","10인세대 이상","","-","-","0","0","-",
"강동구","전체세대","","219979","221605","222289","222624","222624",
"강동구","1인세대","","82585","83168","83367","83676","83676",
"강동구","2인세대","","52908","53667","53980","54183","54183",
"강동구","3인세대","","42458","42830","43188","43143","43143",
"강동구","4인세대","","33403","33330","33187","33153","33153",
"강동구","5인세대","","6811","6821","6798","6697","6697",
"강동구","6인세대","","1347","1333","1305","1319","1319",
"강동구","7인세대","","336","328","334","323","323",
"강동구","8인세대","","81","81","84","89","89",
"강동구","9인세대","","31","28","28","22","22",
"강동구","10인세대 이상","","19","19","18","19","19",
"강일동","전체세대","","13804","13762","13801","13797","13797",
"강일동","1인세대","","3819","3810","3812","3808","3808",
"강일동","2인세대","","3709","3706","3724","3733","3733",
"강일동","3인세대","","2908","2898","2925","2927","2927",
"강일동","4인세대","","2531","2515","2509","2504","2504",
"강일동","5인세대","","709","708","707","703","703",
"강일동","6인세대","","108","107","101","102","102",
"강일동","7인세대","","15","14","18","15","15",
"강일동","8인세대","","3","2","3","3","3",
"강일동","9인세대","","2","2","2","2","2",
"강일동","10인세대 이상","","-","-","0","0","-",
"상일1동","전체세대","","13552","13549","13566","13553","13553",
"상일1동","1인세대","","2086","2077","2070","2050","2050",
"상일1동","2인세대","","3022","3032","3013","3040","3040",
"상일1동","3인세대","","3864","3902","3987","3975","3975",
"상일1동","4인세대","","3774","3745","3706","3711","3711",
"상일1동","5인세대","","666","660","661","641","641",
"상일1동","6인세대","","106","101","96","102","102",
"상일1동","7인세대","","22","21","22","21","21",
"상일1동","8인세대","","6","4","4","6","6",
"상일1동","9인세대","","2","3","3","3","3",
"상일1동","10인세대 이상","","4","4","4","4","4",
"상일2동","전체세대","","5339","5317","5304","5295","5295",
"상일2동","1인세대","","1724","1714","1708","1707","1707",
"상일2동","2인세대","","1141","1136","1136","1140","1140",
"상일2동","3인세대","","982","973","975","980","980",
"상일2동","4인세대","","1047","1051","1047","1047","1047",
"상일2동","5인세대","","366","367","363","348","348",
"상일2동","6인세대","","67","63","62","61","61",
"상일2동","7인세대","","9","9","9","8","8",
"상일2동","8인세대","","2","3","3","3","3",
"상일2동","9인세대","","1","1","1","1","1",
"상일2동","10인세대 이상","","-","-","0","0","-",
"명일1동","전체세대","","9975","10014","10031","9983","9983",
"명일1동","1인세대","","2736","2772","2755","2721","2721",
"명일1동","2인세대","","2575","2613","2633","2626","2626",
"명일1동","3인세대","","2366","2372","2399","2407","2407",
"명일1동","4인세대","","1865","1835","1836","1833","1833",
"명일1동","5인세대","","339","334","318","306","306",
"명일1동","6인세대","","69","64","65","64","64",
"명일1동","7인세대","","15","15","17","18","18",
"명일1동","8인세대","","4","5","5","5","5",
"명일1동","9인세대","","4","1","1","1","1",
"명일1동","10인세대 이상","","2","3","2","2","2",
"명일2동","전체세대","","6368","6388","6392","6399","6399",
"명일2동","1인세대","","1697","1716","1696","1715","1715",
"명일2동","2인세대","","1338","1340","1353","1346","1346",
"명일2동","3인세대","","1405","1414","1431","1411","1411",
"명일2동","4인세대","","1530","1527","1515","1519","1519",
"명일2동","5인세대","","322","314","319","328","328",
"명일2동","6인세대","","57","55","57","56","56",
"명일2동","7인세대","","14","16","16","19","19",
"명일2동","8인세대","","3","4","3","4","4",
"명일2동","9인세대","","1","1","1","0","-",
"명일2동","10인세대 이상","","1","1","1","1","1",
"고덕1동","전체세대","","8133","8141","8164","8164","8164",
"고덕1동","1인세대","","1374","1397","1396","1387","1387",
"고덕1동","2인세대","","1625","1627","1642","1646","1646",
"고덕1동","3인세대","","2168","2175","2199","2202","2202",
"고덕1동","4인세대","","2453","2433","2426","2446","2446",
"고덕1동","5인세대","","419","418","406","393","393",
"고덕1동","6인세대","","70","67","71","67","67",
"고덕1동","7인세대","","15","14","16","16","16",
"고덕1동","8인세대","","7","8","6","5","5",
"고덕1동","9인세대","","-","-","0","0","-",
"고덕1동","10인세대 이상","","2","2","2","2","2",
"고덕2동","전체세대","","9754","10163","10306","10360","10360",
"고덕2동","1인세대","","2457","2691","2768","2843","2843",
"고덕2동","2인세대","","2288","2389","2427","2410","2410",
"고덕2동","3인세대","","2428","2491","2526","2527","2527",
"고덕2동","4인세대","","2104","2112","2098","2088","2088",
"고덕2동","5인세대","","382","382","389","385","385",
"고덕2동","6인세대","","74","77","76","85","85",
"고덕2동","7인세대","","14","13","16","16","16",
"고덕2동","8인세대","","2","3","3","3","3",
"고덕2동","9인세대","","3","3","1","1","1",
"고덕2동","10인세대 이상","","2","2","2","2","2",
"암사1동","전체세대","","15909","15901","15860","15835","15835",
"암사1동","1인세대","","6802","6829","6781","6807","6807",
"암사1동","2인세대","","3996","3998","4017","3996","3996",
"암사1동","3인세대","","2792","2805","2804","2796","2796",
"암사1동","4인세대","","1896","1851","1839","1816","1816",
"암사1동","5인세대","","332","324","324","326","326",
"암사1동","6인세대","","68","71","73","72","72",
"암사1동","7인세대","","18","17","15","17","17",
"암사1동","8인세대","","3","3","4","2","2",
"암사1동","9인세대","","2","3","3","3","3",
"암사1동","10인세대 이상","","-","-","0","0","-",
"암사2동","전체세대","","6375","6367","6397","6413","6413",
"암사2동","1인세대","","2153","2118","2124","2130","2130",
"암사2동","2인세대","","1733","1770","1779","1815","1815",
"암사2동","3인세대","","1340","1368","1381","1374","1374",
"암사2동","4인세대","","916","882","880","875","875",
"암사2동","5인세대","","183","179","185","170","170",
"암사2동","6인세대","","40","38","36","37","37",
"암사2동","7인세대","","8","10","10","11","11",
"암사2동","8인세대","","2","2","2","1","1",
"암사2동","9인세대","","-","-","0","0","-",
"암사2동","10인세대 이상","","-","-","0","0","-",
"암사3동","전체세대","","6050","6070","6044","6046","6046",
"암사3동","1인세대","","1063","1083","1070","1086","1086",
"암사3동","2인세대","","1512","1526","1513","1518","1518",
"암사3동","3인세대","","1581","1589","1618","1619","1619",
"암사3동","4인세대","","1474","1453","1448","1423","1423",
"암사3동","5인세대","","320","322","302","309","309",
"암사3동","6인세대","","70","70","69","68","68",
"암사3동","7인세대","","19","16","13","12","12",
"암사3동","8인세대","","7","8","8","8","8",
"암사3동","9인세대","","2","1","1","1","1",
"암사3동","10인세대 이상","","2","2","2","2","2",
"천호1동","전체세대","","12924","12892","12843","12871","12871",
"천호1동","1인세대","","6072","6074","6074","6153","6153",
"천호1동","2인세대","","3252","3262","3249","3220","3220",
"천호1동","3인세대","","2059","2042","2032","2028","2028",
"천호1동","4인세대","","1205","1183","1152","1157","1157",
"천호1동","5인세대","","251","250","257","237","237",
"천호1동","6인세대","","65","61","59","59","59",
"천호1동","7인세대","","13","14","14","10","10",
"천호1동","8인세대","","5","4","4","4","4",
"천호1동","9인세대","","-","-","0","1","1",
"천호1동","10인세대 이상","","2","2","2","2","2",
"천호2동","전체세대","","18598","18659","18735","18743","18743",
"천호2동","1인세대","","9615","9639","9701","9711","9711",
"천호2동","2인세대","","4405","4435","4471","4509","4509",
"천호2동","3인세대","","2582","2582","2593","2567","2567",
"천호2동","4인세대","","1562","1566","1542","1537","1537",
"천호2동","5인세대","","331","335","322","314","314",
"천호2동","6인세대","","66","65","71","73","73",
"천호2동","7인세대","","25","25","22","18","18",
"천호2동","8인세대","","9","7","8","10","10",
"천호2동","9인세대","","3","5","5","3","3",
"천호2동","10인세대 이상","","-","-","0","1","1",
"천호3동","전체세대","","14952","14993","14963","15076","15076",
"천호3동","1인세대","","8600","8652","8638","8691","8691",
"천호3동","2인세대","","3205","3190","3168","3243","3243",
"천호3동","3인세대","","1791","1805","1821","1824","1824",
"천호3동","4인세대","","1057","1044","1045","1029","1029",
"천호3동","5인세대","","228","233","223","222","222",
"천호3동","6인세대","","50","50","50","52","52",
"천호3동","7인세대","","16","16","15","13","13",
"천호3동","8인세대","","3","2","2","2","2",
"천호3동","9인세대","","2","1","1","0","-",
"천호3동","10인세대 이상","","-","-","0","0","-",
"성내1동","전체세대","","8191","8191","8200","8204","8204",
"성내1동","1인세대","","2740","2726","2726","2767","2767",
"성내1동","2인세대","","2100","2119","2148","2157","2157",
"성내1동","3인세대","","1756","1754","1742","1710","1710",
"성내1동","4인세대","","1240","1252","1244","1238","1238",
"성내1동","5인세대","","277","264","266","259","259",
"성내1동","6인세대","","62","57","54","55","55",
"성내1동","7인세대","","14","17","19","15","15",
"성내1동","8인세대","","2","2","1","3","3",
"성내1동","9인세대","","-","-","0","0","-",
"성내1동","10인세대 이상","","-","-","0","0","-",
"성내2동","전체세대","","13826","13977","14068","14061","14061",
"성내2동","1인세대","","8083","8126","8162","8116","8116",
"성내2동","2인세대","","2995","3062","3129","3143","3143",
"성내2동","3인세대","","1651","1672","1672","1684","1684",
"성내2동","4인세대","","860","882","873","889","889",
"성내2동","5인세대","","170","174","175","174","174",
"성내2동","6인세대","","43","40","37","37","37",
"성내2동","7인세대","","18","16","15","13","13",
"성내2동","8인세대","","3","3","3","3","3",
"성내2동","9인세대","","2","1","1","1","1",
"성내2동","10인세대 이상","","1","1","1","1","1",
"성내3동","전체세대","","10574","10605","10614","10589","10589",
"성내3동","1인세대","","4747","4762","4791","4778","4778",
"성내3동","2인세대","","2573","2601","2598","2609","2609",
"성내3동","3인세대","","1721","1741","1725","1711","1711",
"성내3동","4인세대","","1209","1166","1172","1163","1163",
"성내3동","5인세대","","247","256","252","249","249",
"성내3동","6인세대","","53","55","48","49","49",
"성내3동","7인세대","","15","15","18","21","21",
"성내3동","8인세대","","7","7","8","9","9",
"성내3동","9인세대","","2","2","2","0","-",
"성내3동","10인세대 이상","","-","-","0","0","-",
"길동","전체세대","","23820","24116","24177","24353","24353",
"길동","1인세대","","11154","11355","11393","11560","11560",
"길동","2인세대","","5606","5726","5812","5877","5877",
"길동","3인세대","","3802","3803","3760","3743","3743",
"길동","4인세대","","2512","2503","2485","2453","2453",
"길동","5인세대","","560","544","551","548","548",
"길동","6인세대","","125","131","123","120","120",
"길동","7인세대","","50","42","39","37","37",
"길동","8인세대","","7","9","10","12","12",
"길동","9인세대","","2","2","3","2","2",
"길동","10인세대 이상","","2","1","1","1","1",
"둔촌1동","전체세대","","10941","11561","11885","11954","11954",
"둔촌1동","1인세대","","2001","1971","2030","2006","2006",
"둔촌1동","2인세대","","2949","3206","3255","3245","3245",
"둔촌1동","3인세대","","2941","3141","3295","3341","3341",
"둔촌1동","4인세대","","2525","2674","2714","2752","2752",
"둔촌1동","5인세대","","406","442","467","482","482",
"둔촌1동","6인세대","","94","100","97","99","99",
"둔촌1동","7인세대","","19","21","20","22","22",
"둔촌1동","8인세대","","3","4","5","5","5",
"둔촌1동","9인세대","","3","2","2","2","2",
"둔촌1동","10인세대 이상","","-","-","0","0","-",
"둔촌2동","전체세대","","10894","10939","10939","10928","10928",
"둔촌2동","1인세대","","3662","3656","3672","3640","3640",
"둔촌2동","2인세대","","2884","2929","2913","2910","2910",
"둔촌2동","3인세대","","2321","2303","2303","2317","2317",
"둔촌2동","4인세대","","1643","1656","1656","1673","1673",
"둔촌2동","5인세대","","303","315","311","303","303",
"둔촌2동","6인세대","","60","61","60","61","61",
"둔촌2동","7인세대","","17","17","20","21","21",
"둔촌2동","8인세대","","3","1","2","1","1",
"둔촌2동","9인세대","","-","-","1","1","1",
"둔촌2동","10인세대 이상","","1","1","1","1","1